year,origin_label,destination_label,corridor_seamodes_tons,corridor_seamodes_kilotons,avg_transport_cost_per_ton_seamodes,lsbci,opportunity_score,opportunity_rank,perc_of_global_maritime_volume,cum_global_share_by_score_rank,global_corridor_tonnage_rank,top_corridor
2021,United States of America,China,18984923.802,18985.0,24.56591350400196,0.5565,0.7980849895275274,1,0.11879805904648362,0.11879805904648362,1,True
2021,United States of America,Japan,9635632.529000001,9636.0,21.331884791307193,0.4519,0.359225062101722,2,0.06029491896142193,0.17909297800790555,2,True
2021,Argentina,Brazil,7165502.265,7166.0,31.466555820005734,0.3587,0.13789515271466266,3,0.044838092059421686,0.22393107006732724,4,True
2021,Canada,China,3540586.4149999996,3541.0,26.060894491682674,0.3977,0.12250619504576143,4,0.022155200535702822,0.24608627060303007,6,True
2021,Argentina,Viet Nam,5532820.991,5533.0,29.936044970445348,0.24899999999999997,0.1192409338036175,5,0.03462159772867768,0.28070786833170774,5,True
2021,United States of America,"Korea, Republic of",2911041.8830000004,2911.0,19.86942075199266,0.46079999999999993,0.10679531817005766,6,0.01821582899726936,0.2989236973289771,10,True
2021,Argentina,"Korea, Republic of",3395482.068,3395.0,19.3381633844635,0.32769999999999994,0.09727900206061377,7,0.02124721086123326,0.3201709081902104,7,True
2021,Australia,Saudi Arabia,3223424.307,3223.0,21.750269689208494,0.24949999999999997,0.06998826648187764,8,0.02017056034296621,0.3403414685331766,8,True
2021,Argentina,Egypt,2769227.8170000003,2769.0,27.359545334221952,0.2543,0.06155535793865828,9,0.017328428238541263,0.35766989677171784,11,True
2021,Ukraine,Spain,2579257.65,2579.0,28.880255526236397,0.27080000000000004,0.05530247994523436,10,0.016139690935631522,0.37380958770734934,12,True
2021,Argentina,China,1937744.409,1938.0,27.79902021639635,0.33979999999999994,0.04621564747007359,11,0.01212542526471055,0.3859350129720599,15,True
2021,Brazil,Spain,1549689.222,1550.0,15.594282167628059,0.3328,0.04495134740959873,12,0.00969717200969018,0.39563218498175007,20,True
2021,Brazil,Egypt,1890073.945,1890.0,26.583494858980238,0.2605,0.04303873886661323,13,0.011827127591456332,0.4074593125732064,17,True
2021,Brazil,Japan,1765420.574,1765.0,18.600515074772204,0.25949999999999995,0.04000940643251051,14,0.01104710978981305,0.41850642236301944,18,True
2021,Argentina,Algeria,2550000.275,2550.0,23.72374763763506,0.17259999999999998,0.03824490281606725,15,0.01595661306821185,0.43446303543123127,13,True
2021,Brazil,"Korea, Republic of",1292577.0320000001,1293.0,17.12221047727854,0.3372,0.03810428200975614,16,0.00808829385733368,0.44255132928856494,22,True
2021,Brazil,Viet Nam,1590552.191,1591.0,24.56896807355377,0.25609999999999994,0.03417725154592373,17,0.009952871819428959,0.4525042011079939,19,True
2021,Russian Federation,Sudan,1922806.3090000001,1923.0,49.28068602462652,0.1751,0.029418929377390268,18,0.012031950183938548,0.46453615129193243,16,True
2021,Australia,Japan,1086645.552,1087.0,20.081067796060882,0.3177,0.029043924393306723,19,0.006799678723782679,0.4713358300157151,25,True
2021,Argentina,Saudi Arabia,1267457.189,1267.0,20.994558420544806,0.254,0.02811264275574387,20,0.007931106574251825,0.47926693658996694,23,True
2021,Argentina,Morocco,1084262.736,1084.0,27.92433696623878,0.3016,0.027902993964955037,21,0.006784768265420182,0.4860517048553871,26,True
2021,Poland,Germany,2948297.414,2948.0,13.698724154563873,0.40340000000000004,0.022932870454996465,22,0.018448955283037218,0.5045006601384243,9,True
2021,India,Benin,896795.335,897.0,49.76116986603192,0.2848,0.02231694358173545,23,0.005611692007355735,0.5101123521457801,32,True
2021,Romania,Spain,1426484.6,1426.0,17.13454249698875,0.2532,0.02206074823866521,24,0.008926219747157854,0.519038571892938,21,True
2021,Canada,Ecuador,1036253.25,1036.0,35.9930422413633,0.24780000000000002,0.021741444968793096,25,0.006484349163816072,0.525522921056754,29,True
2021,United States of America,Morocco,525957.553,526.0,27.764088407339596,0.4421,0.020181700039901575,26,0.003291176571941557,0.5288140976286956,49,True
2021,Ukraine,China,1252509.257,1253.0,98.30708181344802,0.3171,0.019862694477547217,27,0.00783756996979246,0.536651667598488,24,True
2021,United States of America,Saudi Arabia,740245.4469999999,740.0,26.17523968370994,0.3773000000000001,0.018073759677472667,28,0.004632081921357645,0.5412837495198457,39,True
2021,Australia,Thailand,755028.6090000002,755.0,21.3575165335225,0.2746,0.018004078139795068,29,0.004724587478424182,0.5460083369982699,38,True
2021,Argentina,Japan,845130.705,845.0,21.190403915096187,0.24850000000000003,0.017987996060652486,30,0.005288400861741121,0.551296737860011,34,True
2021,Viet Nam,Philippines,1074810.679,1075.0,46.219075573587595,0.2535,0.017391536863322003,31,0.006725622069348622,0.5580223599293596,27,False
2021,Brazil,Dominican Republic,666133.366,666.0,34.7727094637082,0.2954,0.01718841622008716,32,0.004168325971293297,0.5621906859006529,43,False
2021,Ukraine,Portugal,798174.532,798.0,27.453242519644814,0.2362,0.016426370396890762,33,0.004994572860595115,0.567185258761248,36,False
2021,India,China,411964.49700000003,412.0,28.133528700654026,0.4541,0.016352463414693614,34,0.002577865634335872,0.5697631243955839,62,False
2021,France,Portugal,621502.53,622.0,18.154289733945248,0.4072,0.01630721053720447,35,0.0038890487539750282,0.5736521731495589,44,False
2021,Cambodia,Viet Nam,720594.772,721.0,34.63286991485417,0.2422,0.015252421083943877,36,0.004509117927754083,0.578161291077313,40,False
2021,Brazil,Portugal,558783.614,559.0,19.011103285501857,0.3045,0.014873777453163482,37,0.003496585472899624,0.5816578765502126,48,False
2021,United States of America,Viet Nam,437560.96,438.0,27.584949534803105,0.4335,0.014635376128468684,38,0.002738035364515921,0.5843959119147285,56,False
2021,Thailand,United States of America,399187.349,399.0,46.876475536803646,0.3946,0.013763331545789834,39,0.002497912699134217,0.5868938246138627,64,False
2021,Australia,Viet Nam,1061590.3280000002,1062.0,20.752220907574053,0.24689999999999998,0.013185126929346652,40,0.00664289579374736,0.5935367204076101,28,False
2021,South Africa,Japan,576347.235,576.0,21.884865987081557,0.25749999999999995,0.012969984739531234,41,0.003606489737272192,0.5971432101448823,46,False
2021,Ukraine,United Kingdom,685534.154,686.0,27.262608129660016,0.2389,0.012873518325119359,42,0.004289726298332245,0.6014329364432145,42,False
2021,United States of America,Peru,522377.74,522.0,23.616197734612506,0.27960000000000007,0.012716889031720796,43,0.003268775911260234,0.6047017123544747,50,False
2021,Canada,United Kingdom,900698.52,901.0,23.058913208828187,0.30329999999999996,0.012344260652290431,44,0.005636116166595737,0.6103378285210704,31,False
2021,United States of America,Dominican Republic,809787.0150000001,810.0,30.58442966018663,0.3580999999999999,0.011872946590938472,45,0.005067237910794841,0.6154050664318653,35,False
2021,Argentina,Jordan,484962.853,485.0,18.359121621218275,0.2469,0.010464508749400395,46,0.00303465245617556,0.6184397188880408,51,False
2021,Bulgaria,Spain,908936.3,909.0,17.711538201301895,0.2314,0.010262368512734831,47,0.005687664030840989,0.6241273829188818,30,False
2021,India,United Arab Emirates,284233.129,284.0,41.67175389326274,0.4183,0.01006243133083382,48,0.0017785872829445659,0.6259059702018264,92,False
2021,Argentina,Indonesia,570001.551,570.0,28.59446429822083,0.21280000000000002,0.01003326033146681,49,0.0035667816536167334,0.629472751855443,47,False
2021,Brazil,Morocco,360525.474,361.0,24.95619491231846,0.3173,0.009942514345807642,50,0.002255986223315867,0.631728738078759,69,False
2021,United States of America,Egypt,326315.569,326.0,28.191649047551266,0.3423,0.00975251123165156,51,0.0020419179259368457,0.6337706560046958,76,False
2021,Russian Federation,Greece,717187.52,717.0,23.00420397722481,0.2914,0.009692456331982475,52,0.004487797066606375,0.6382584530713022,41,False
2021,Brazil,Saudi Arabia,429005.52400000003,429.0,19.738731849056563,0.26,0.009579153450855155,53,0.0026844997695513874,0.6409429528408537,59,False
2021,United States of America,Jamaica,287402.73799999995,287.0,22.906410167880868,0.37550000000000006,0.008994738982466824,54,0.0017984210942921042,0.6427413739351457,90,False
2021,United States of America,Ecuador,400437.511,400.0,43.49463904244475,0.2923,0.008754320260500194,55,0.0025057355811558993,0.6452471095163016,63,False
2021,China,"Korea, Republic of",155032.559,155.0,44.75178662309251,0.6342,0.008431987249227052,56,0.000970115407904309,0.6462172249242059,145,False
2021,United States of America,Nigeria,383693.406,384.0,158.38695961326997,0.2505,0.00837861947855034,57,0.002400959433765675,0.6486181843579716,67,False
2021,Thailand,Japan,256108.094,256.0,29.04989406543317,0.3712,0.008306140561507754,58,0.001602595027012391,0.650220779384984,100,False
2021,India,Viet Nam,365526.01100000006,366.0,53.18411115755042,0.3284,0.008222536744344377,59,0.00228727705682069,0.6525080564418047,68,False
2021,Canada,Spain,286633.91199999995,287.0,13.694524045012512,0.32780000000000004,0.008213032797558528,60,0.001793610169713368,0.654301666611518,91,False
2021,Australia,Philippines,443218.4100000001,443.0,28.91385987328459,0.2286,0.008199792785405339,61,0.002773436827601158,0.6570751034391191,55,False
2021,Argentina,Yemen,794128.393,794.0,33.81698253924539,0.11649999999999999,0.00808555702108119,62,0.0049692541674654835,0.6620443576065846,37,False
2021,Ukraine,Egypt,303948.27300000004,304.0,80.37130383695253,0.3156,0.008071935641400949,63,0.0019019546909704644,0.6639463122975551,86,False
2021,Thailand,China,201583.763,202.0,54.14818057543652,0.4459,0.007853437895624628,64,0.0012614093177010033,0.6652077216152561,117,False
2021,India,Saudi Arabia,229639.14800000002,230.0,87.20554476190618,0.3921,0.007830926851921768,65,0.0014369657391310815,0.6666446873543872,107,False
2021,Brazil,Netherlands (Kingdom of the),293047.387,293.0,14.093942424403874,0.32660000000000006,0.007807743037326712,66,0.0018337424551883768,0.6684784298095756,89,False
2021,Uruguay,Brazil,423201.95999999996,423.0,28.170169627758817,0.3447,0.0072717407613369315,67,0.002648183998893439,0.671126613808469,61,False
2021,Australia,United Arab Emirates,454388.01700000005,454.0,17.731585558076016,0.2501,0.007134770996958618,68,0.0028433305836020233,0.673969944392071,54,False
2021,Argentina,Dominican Republic,298870.053,299.0,46.63423738878247,0.27910000000000007,0.006915965797909946,69,0.0018701777565090533,0.6758401221485801,87,False
2021,France,Spain,427505.49,428.0,18.83320375605001,0.47980000000000006,0.0067426911158593615,70,0.0026751133148275098,0.6785152354634076,60,False
2021,Lithuania,Spain,476864.65,477.0,19.50452188057974,0.18639999999999998,0.00670844833886093,71,0.002983977994260519,0.6814992134576682,52,False
2021,Romania,Jordan,616760.126,617.0,14.123521662293712,0.2328,0.006638567028213067,72,0.003859373186335672,0.6853585866440038,45,False
2021,Canada,Dominican Republic,243429.175,243.0,33.41246586404444,0.3039,0.006450893242742158,73,0.001523256759252322,0.6868818434032562,106,False
2021,Canada,United States of America,322018.94700000004,322.0,38.64678186156543,0.41589999999999994,0.006405962734433276,74,0.0020150318367757906,0.688896875240032,78,False
2021,Argentina,Senegal,330520.89900000003,331.0,29.84475725996376,0.22259999999999996,0.006270740950805245,75,0.0020682327558966757,0.6909651079959286,73,False
2021,France,China,147396.36800000002,147.0,57.14225604256408,0.4801,0.0061812997908617115,76,0.0009223319836056738,0.6918874399795343,150,False
2021,Brazil,Algeria,394885.206,395.0,23.252729807254415,0.1792,0.006174540119341357,77,0.0024709920623452205,0.6943584320418795,65,False
2021,Germany,Spain,317867.12399999995,318.0,20.18055821337472,0.45070000000000005,0.006078587376380667,78,0.001989051826581986,0.6963474838684615,81,False
2021,Argentina,United Arab Emirates,318781.012,319.0,19.734274511933602,0.253,0.0060135904081317785,79,0.001994770475849066,0.6983422543443105,80,False
2021,Romania,Portugal,312850.0,313.0,16.590049544510148,0.2357,0.005941325040884667,80,0.00195765720001347,0.700299911544324,84,False
2021,United States of America,Costa Rica,259633.424,260.0,40.52437023670728,0.31320000000000003,0.005931186128534445,81,0.0016246547606129137,0.7019245663049369,99,False
2021,Germany,Netherlands (Kingdom of the),263046.89699999994,263.0,21.61835423589886,0.5155000000000002,0.005921585680869096,82,0.0016460145496348137,0.7035705808545718,98,False
2021,France,Germany,228467.74200000003,228.0,28.200633243007232,0.4827999999999999,0.005899029639562964,83,0.001429635672357743,0.7050002165269296,108,False
2021,Ukraine,Nigeria,326840.213,327.0,217.15015220602615,0.1984,0.005646993294606541,84,0.0020452008829579225,0.7070454174098875,75,False
2021,Australia,Myanmar,349563.784,350.0,36.975206218731174,0.1827,0.005487052136080527,85,0.0021873935068293217,0.7092328109167167,70,False
2021,Netherlands (Kingdom of the),Germany,336562.57700000005,337.0,16.184571227596702,0.5154999999999998,0.0054751058367444915,86,0.0021060385236347703,0.7113388494403515,71,False
2021,Pakistan,China,157365.49300000002,157.0,30.646960194761373,0.3898,0.005361711324129525,87,0.0009847137299188726,0.7123235631702703,142,False
2021,India,United Kingdom,163277.93999999997,163.0,53.62293277340467,0.37220000000000003,0.0051424975454899486,88,0.001021710835366365,0.7133452740056367,138,False
2021,Canada,Ireland,315489.565,315.0,13.285425145519472,0.18359999999999999,0.005064610867156379,89,0.0019741742638688434,0.7153194482695056,83,False
2021,Thailand,"China, Hong Kong SAR",146603.528,147.0,39.518939817055426,0.39020000000000005,0.004999339704292563,90,0.0009173707915505076,0.7162368190610561,152,False
2021,Australia,Kuwait,889351.274,889.0,22.380611105977906,0.1267,0.004987148823882524,91,0.005565110835503443,0.7218019298965596,33,False
2021,Argentina,United Kingdom,207818.87199999997,208.0,24.56399628615057,0.3077,0.004978299566611242,92,0.001300425478885976,0.7231023553754455,114,False
2021,India,United States of America,157860.63700000002,158.0,48.714848401378234,0.36129999999999995,0.00482605250100024,93,0.0009878120908478913,0.7240901674662934,141,False
2021,Canada,Nigeria,255714.96,256.0,160.29710189814472,0.2122,0.004731843803462763,94,0.0016001349931122149,0.7256903024594056,101,False
2021,India,Sri Lanka,128941.644,129.0,35.743386364765136,0.4215,0.004731256829347878,95,0.0008068516469815363,0.7264971541063872,160,False
2021,Poland,Spain,434614.43999999994,435.0,18.677902188431663,0.3834000000000001,0.0044838767333631145,96,0.0027195975313914723,0.7292167516377787,57,False
2021,Lithuania,Nigeria,277022.781,277.0,156.5503452223303,0.1827,0.004413798677561529,97,0.001733468568938484,0.7309502202067172,95,False
2021,India,Togo,181959.546,182.0,24.820011366702353,0.2765,0.004398129338628669,98,0.0011386108848907852,0.7320888310916079,125,False
2021,Canada,Sudan,325160.351,325.0,62.93174102275464,0.1546,0.004391416141385944,99,0.0020346891554868375,0.7341235202470948,77,False
2021,United States of America,Chile,209031.992,209.0,31.35504731735035,0.2513,0.004351187424741722,100,0.0013080165707909798,0.7354315368178858,113,False
2021,Australia,China,278151.097,278.0,26.114960819298872,0.3647,0.004329202877885828,101,0.0017405290002675245,0.7371720658181533,94,False
2021,Myanmar,Philippines,315656.89400000003,316.0,36.729452834316994,0.2242,0.0042486066734589755,102,0.0019752213241904706,0.7391472871423438,82,False
2021,Russian Federation,Nigeria,204820.21,205.0,160.75180276399482,0.2374,0.0042401264956844036,103,0.001281661367475694,0.7404289485098194,116,False
2021,Bulgaria,Greece,476363.66000000003,476.0,15.859471732163616,0.2367,0.004223121489839346,104,0.0029808430520177997,0.7434097915618373,53,False
2021,Argentina,United States of America,180286.412,180.0,22.41553290216902,0.30269999999999997,0.0041281346352714235,105,0.0011281412578436785,0.744537932819681,127,False
2021,India,Indonesia,206333.294,206.0,31.85401576538588,0.22740000000000002,0.004101062469010188,106,0.0012911294825047022,0.7458290623021856,115,False
2021,United Kingdom,Portugal,161927.01,162.0,15.868242117235413,0.4068,0.004023839823048279,107,0.001013257398124191,0.7468423197003098,140,False
2021,United Kingdom,Spain,118001.968,118.0,25.513972783911537,0.4681,0.0039870975829720615,108,0.000738396682982129,0.7475807163832919,170,False
2021,Brazil,Iran (Islamic Republic of),189670.57200000001,190.0,26.217340663685032,0.2375,0.003937772038626804,109,0.001186862588801257,0.7487675789720932,122,False
2021,Denmark,Germany,218636.953,219.0,13.407573421497508,0.38289999999999996,0.0038593290774020274,110,0.0013681195628238985,0.7501356985349171,110,False
2021,Argentina,Cabo Verde,269412.439,269.0,27.010616239586472,0.16399999999999998,0.0038572291003972333,111,0.001685846894618954,0.751821545429536,97,False
2021,Argentina,Tunisia,271959.556,272.0,27.77263689899538,0.1618,0.003828338197745724,112,0.0017017854656092902,0.7535233308951453,96,False
2021,United States of America,Algeria,306586.24199999997,307.0,25.791702029473328,0.18600000000000003,0.003735134150450408,113,0.0019184617678643823,0.7554417926630097,85,False
2021,Canada,Portugal,181610.62000000002,182.0,20.478620688591885,0.307,0.0037287670216748564,114,0.0011364274823139214,0.7565782201453236,126,False
2021,Russian Federation,"Congo, Dem. Rep. of the",280229.576,280.0,50.11967758892088,0.1611,0.003712205121028555,115,0.0017535350714819303,0.7583317552168055,93,False
2021,Pakistan,United Kingdom,123452.2,123.0,51.619679519684546,0.34359999999999996,0.003705807829771284,116,0.0007725014805418024,0.7591042566973473,163,False
2021,Australia,Qatar,176946.63,177.0,19.460218032974122,0.2379,0.003644702597364176,117,0.0011072425898597394,0.760211499287207,128,False
2021,India,Guinea,243594.9,244.0,15.826283719404636,0.17010000000000003,0.0036227750841787173,118,0.001524293782552537,0.7617357930697596,105,False
2021,Thailand,Benin,194387.603,194.0,55.79984954081665,0.21329999999999996,0.0036225399847835166,119,0.0012163793850289595,0.7629521724547885,120,False
2021,Finland,Germany,162967.067,163.0,19.729317457741324,0.2661,0.003600385419799807,120,0.0010197655492332669,0.7639719380040217,139,False
2021,Ukraine,Netherlands (Kingdom of the),173999.919,174.0,59.95572905985089,0.23890000000000003,0.00358709106860702,121,0.0010888035615538134,0.7650607415655756,130,False
2021,China,Japan,65333.735,65.0,39.904162834100944,0.6499000000000001,0.0031816147763451793,122,0.00040882549696826605,0.7654695670625439,246,False
2021,Viet Nam,Singapore,90111.061,90.0,27.461933890668536,0.4015,0.0031625750699129694,123,0.0005638694817564423,0.7660334365443003,203,False
2021,Ukraine,Germany,156415.846,156.0,26.988768132865516,0.23920000000000005,0.003119099471240856,124,0.000978771318900745,0.7670122078632011,144,False
2021,India,Oman,100984.013,101.0,54.43994387507654,0.36219999999999997,0.0031012224024220304,125,0.0006319069206830873,0.7676441147838842,185,False
2021,France,Mauritius,131859.331,132.0,49.25240368465088,0.2647,0.003049546186618806,126,0.0008251090577628555,0.7684692238416471,159,False
2021,Brazil,Indonesia,163657.894,164.0,26.268082125021113,0.22220000000000004,0.003047791414601758,127,0.0010240883954871064,0.7694933122371341,137,False
2021,South Africa,Spain,103088.0,103.0,23.647398339282944,0.334,0.0030099677186995986,128,0.000645072608070924,0.770138384845205,183,False
2021,Viet Nam,Ghana,147091.877,147.0,40.71740820874833,0.2314,0.002974573747314991,129,0.0009204266328034065,0.7710588114780085,151,False
2021,Latvia,Nigeria,186198.748,186.0,156.52317382928914,0.1798,0.0029196120393115317,130,0.0011651376687092654,0.7722239491467178,123,False
2021,Romania,Greece,212531.738,213.0,16.986413577439432,0.315,0.0029071093187069074,131,0.0013299162126484783,0.7735538653593662,111,False
2021,Ukraine,Sudan,182305.585,182.0,46.458088489170535,0.1783,0.0028403950726672536,132,0.001140776222080606,0.7746946415814469,124,False
2021,Australia,Fiji,133495.97,133.0,30.61249714129947,0.2429,0.0028212250863372465,133,0.000835350317542855,0.7755299918989897,157,False
2021,Romania,Viet Nam,168717.10700000002,169.0,30.736373401661037,0.2304,0.0027619261568428088,134,0.0010557463937477802,0.7765857382927375,133,False
2021,India,Singapore,72535.073,73.0,36.21392922565887,0.4301,0.0027247707606328298,135,0.00045388783094758715,0.777039626123685,229,False
2021,Brazil,Italy,99732.77600000001,100.0,16.315258285801647,0.312,0.0027205342860611077,136,0.0006240773118546607,0.7776637034355397,188,False
2021,United States of America,Brazil,97799.942,98.0,43.39852266988052,0.3725,0.002711237249513385,137,0.0006119826134479775,0.7782756860489877,194,False
2021,Germany,United States of America,66403.817,66.0,18.606761716724808,0.4776000000000001,0.0026733273939896097,138,0.0004155215293540893,0.7786912075783418,242,False
2021,Spain,Portugal,114631.949,115.0,18.113301030936846,0.4467,0.0026660206912613184,139,0.0007173088071325775,0.7794085163854744,174,False
2021,Sweden,Germany,221715.16599999997,222.0,16.424144841765134,0.39310000000000006,0.002648966521841337,140,0.0013873814641907675,0.7807958978496652,109,False
2021,Cambodia,China,121859.719,122.0,52.6549055968199,0.2466,0.002625619641340318,141,0.0007625365392103827,0.7815584343888756,165,False
2021,Denmark,Spain,114021.7,114.0,17.294032627122732,0.261,0.0026018685361808903,142,0.0007134901772823265,0.7822719245661579,175,False
2021,Uruguay,China,88358.14600000001,88.0,27.59049516498456,0.3367,0.002600554069096514,143,0.00055290062552898,0.7828248251916868,206,False
2021,Argentina,Cambodia,166874.779,167.0,34.084084090382525,0.1773,0.0025654653768068317,144,0.0010442180361515314,0.7838690432278383,134,False
2021,Sweden,Spain,153184.4,153.0,20.483104023647318,0.2315,0.002557984827045139,145,0.0009585505628567792,0.7848275937906951,147,False
2021,Brazil,United Kingdom,87020.224,87.0,15.36570395406015,0.3266,0.0024787191464645864,146,0.0005445285857771614,0.7853721223764722,209,False
2021,Canada,Germany,93307.986,93.0,25.048048941920147,0.30130000000000007,0.00245606833432339,147,0.0005838742228277324,0.7859559965992999,199,False
2021,United States of America,Tunisia,166672.048,167.0,26.668004943456385,0.16999999999999998,0.002450915530076724,148,0.0010429494480044452,0.7869989460473044,135,False
2021,Ukraine,Belgium,119715.068,120.0,51.39282884590602,0.23890000000000003,0.002424080323760892,149,0.0007491163970602593,0.7877480624443646,166,False
2021,Russian Federation,Algeria,152465.75499999998,152.0,40.116719980824556,0.18190000000000003,0.002408418692763988,150,0.000954053645616876,0.7887021160899814,148,False
2021,Romania,Sri Lanka,117824.408,118.0,8.149992147637185,0.2333,0.002403695177227491,151,0.0007372856022327783,0.7894394016922142,171,False
2021,India,Kenya,99123.189,99.0,33.165014495245906,0.2792,0.0024003451099247133,152,0.0006202628244658654,0.79005966451668,191,False
2021,United States of America,Indonesia,171716.57899999997,172.0,28.754690017438566,0.23220000000000005,0.002373676377632252,153,0.0010745155737287254,0.7911341800904087,131,False
2021,Brazil,United States of America,119506.886,120.0,19.942524483484576,0.3725,0.0023368780694217528,154,0.0007478136993098576,0.7918819937897186,167,False
2021,India,Qatar,88761.78300000001,89.0,42.04432216058571,0.3082,0.002326213346992897,155,0.0005554263818954234,0.792437420171614,205,False
2021,Romania,Sudan,146521.75400000002,147.0,46.81687744469671,0.1777,0.0022751715104308234,156,0.0009168590911833225,0.7933542792627973,153,False
2021,United States of America,Sudan,139959.06699999998,140.0,58.38209110096455,0.1861,0.002272896032704014,157,0.000875793112417189,0.7942300723752145,155,False
2021,Pakistan,United Arab Emirates,66681.58,67.0,35.34091423748507,0.3948,0.0022187131016941,158,0.00041725962983945724,0.7946473320050539,239,False
2021,Argentina,Ecuador,166416.858,166.0,58.77396747870338,0.2657999999999999,0.002090538143820267,159,0.0010413525979457224,0.7956886846029996,136,False
2021,Argentina,Mauritius,96708.0,97.0,42.90095958969268,0.244,0.002062090430841918,160,0.0006051497922291918,0.7962938343952287,196,False
2021,United States of America,Israel,79606.98300000001,80.0,20.897877765321162,0.3207,0.0020347517807097117,161,0.0004981402699098606,0.7967919746651386,220,False
2021,India,Kuwait,100049.939,100.0,71.98524129035201,0.2356,0.002032309058413232,162,0.0006260619576290825,0.7974180366227677,187,False
2021,Thailand,Angola,112636.221,113.0,39.06626093217385,0.2054,0.0020219211888162785,163,0.0007048205498576263,0.7981228571726253,178,False
2021,Brazil,Oman,91550.884,92.0,23.608423049197427,0.2513,0.002011233964339459,164,0.0005728791664701869,0.7986957363390955,202,False
2021,India,Senegal,107019.467,107.0,40.99755047369092,0.2098,0.0019570845085083864,165,0.0006696737417745052,0.79936541008087,181,False
2021,Brazil,Ireland,122317.842,122.0,10.869387313095338,0.1823,0.0019497108730493675,166,0.0007654032414301103,0.8001308133223002,164,False
2021,France,Greece,58304.082,58.0,22.275095592792283,0.38089999999999996,0.0019403245909783758,167,0.0003648374809572503,0.8004956508032575,267,False
2021,Russian Federation,Saudi Arabia,76471.16300000002,76.0,45.42751625210669,0.29079999999999995,0.0019382994659945826,168,0.000478517893048917,0.8009741686963063,223,False
2021,United States of America,Trinidad and Tobago,171621.89299999998,172.0,26.121952867633272,0.2564000000000001,0.001938029514062063,169,0.0010739230765906705,0.802048091772897,132,False
2021,Romania,Lebanon,92617.377,93.0,19.55637331426478,0.299,0.0019161432903854845,170,0.0005795527407077255,0.8026276445136048,200,False
2021,China,Philippines,69369.161,69.0,48.422079084969766,0.31450000000000006,0.0018790608564975527,171,0.0004340771535577548,0.8030617216671625,235,False
2021,Pakistan,Kenya,81529.79400000001,82.0,28.805445037675426,0.2588,0.0018443664632198796,172,0.0005101722494477066,0.8035718939166102,217,False
2021,France,Belgium,80712.504,81.0,26.196387117416155,0.4851,0.0018395596529423648,173,0.0005050580616484449,0.8040769519782587,218,False
2021,Australia,Peru,89258.535,89.0,33.027373796802735,0.2356,0.0018380543973797792,174,0.0005585348048758328,0.8046354867831346,204,False
2021,Russian Federation,Iran (Islamic Republic of),210553.722,211.0,53.09658691286398,0.20179999999999998,0.0018049099507345741,175,0.0013175387881186975,0.8059530255712533,112,False
2021,Romania,Egypt,86085.73599999999,86.0,42.6752929196075,0.30990000000000006,0.0017935116870789203,176,0.0005386810321203731,0.8064917066033737,211,False
2021,Australia,"Korea, Republic of",133201.839,133.0,19.483499773602976,0.332,0.0017167434364574658,177,0.0008335097943851207,0.8073252163977588,158,False
2021,Romania,Cyprus,201408.34999999998,201.0,17.99857354474132,0.20240000000000002,0.0017166303051878,178,0.0012603116717926574,0.8085855280695514,118,False
2021,Viet Nam,"Korea, Republic of",55191.875,55.0,31.88614266139717,0.35309999999999997,0.0017033935189180538,179,0.0003453628623173835,0.8089308909318688,269,False
2021,Thailand,Algeria,113266.783,113.0,66.44798060522298,0.17020000000000002,0.001683960518469934,180,0.0007087662881966223,0.8096396572200654,177,False
2021,Australia,Mozambique,101582.373,102.0,26.027094287313016,0.1887,0.0016756324202198468,181,0.0006356511551794915,0.8102753083752449,184,False
2021,Viet Nam,Timor-Leste,116646.883,117.0,38.8300131431716,0.1641,0.0016728973566734306,182,0.0007299172458497006,0.8110052256210946,172,False
2021,Viet Nam,Indonesia,65415.141,65.0,35.190323903758,0.2814,0.0016088614354660326,183,0.00040933489457742155,0.811414560515672,243,False
2021,Ukraine,Ireland,107201.889,107.0,26.345216734007366,0.1704,0.0015959203829519137,184,0.0006708152464628249,0.8120853757621348,180,False
2021,Thailand,Indonesia,69932.002,70.0,40.835396075176,0.27160000000000006,0.0015864819813927013,185,0.0004375991281018263,0.8125229748902366,233,False
2021,Argentina,Nigeria,86701.913,87.0,156.23318484333788,0.20739999999999997,0.0015611346864821587,186,0.000542536756398886,0.8130655116466355,210,False
2021,Russian Federation,Togo,86061.07,86.0,25.683738303509354,0.2072,0.001558790313966382,187,0.000538526684757434,0.8136040383313929,212,False
2021,Germany,Portugal,98756.22,99.0,20.00196038284981,0.3646,0.0015586781163502408,188,0.0006179665179131029,0.8142220048493061,193,False
2021,Ukraine,"Korea, Republic of",60857.469000000005,61.0,64.8606664861465,0.3139,0.0015518715469653075,189,0.00038081528643901726,0.814602820135745,255,False
2021,Russian Federation,"Korea, Republic of",58487.827999999994,58.0,40.65705773857768,0.3054000000000001,0.0015483336279380842,190,0.00036598727056848143,0.8149688074063135,264,False
2021,Ukraine,Greece,84400.2,84.0,32.81299096447639,0.3269000000000001,0.00154400571451357,191,0.0005281337996246663,0.8154969412059382,215,False
2021,Brazil,Costa Rica,157353.16,157.0,26.3447966345258,0.2232,0.0015413529185134443,192,0.000984636556237403,0.8164815777621756,143,False
2021,Australia,New Zealand,64431.394,64.0,20.032734353070182,0.3272,0.0015320195257621963,193,0.0004031791029918641,0.8168847568651674,248,False
2021,Brazil,Jordan,71161.278,71.0,17.85506156873686,0.24579999999999996,0.0015292501229870698,194,0.00044529131609033127,0.8173300481812577,232,False
2021,United States of America,Guatemala,115567.109,116.0,44.91958001649068,0.2974,0.0015279000466060946,195,0.0007231605658257678,0.8180532087470834,173,False
2021,China,"Congo, Dem. Rep. of the",105512.08499999999,106.0,28.896822577243167,0.16510000000000002,0.0015208428401674193,196,0.0006602413069799687,0.8187134500540634,182,False
2021,Thailand,Australia,62380.049000000006,62.0,89.10384151830338,0.2746,0.001495512475928955,197,0.00039034282263718413,0.8191037928767005,251,False
2021,China,United States of America,32318.157,32.0,15.89041726605883,0.5565,0.0014948056247826385,198,0.00020223069439736526,0.8193060235710979,346,False
2021,India,Madagascar,96599.319,97.0,22.722779236155898,0.17660000000000003,0.0014913164665717122,199,0.0006044697214535656,0.8199104932925515,197,False
2021,Bulgaria,Portugal,151317.3,151.0,17.780544590737478,0.1808,0.0014730847374530432,200,0.0009468671946031587,0.8208573604871546,149,False
2021,Uruguay,Algeria,143012.876,143.0,28.672579103996206,0.17520000000000002,0.0014439890115153658,201,0.0008949023058847165,0.8217522627930394,154,False
2021,Canada,Japan,77009.816,77.0,24.636274939288256,0.3399,0.0014412463776461656,202,0.0004818885113124901,0.8222341513043518,222,False
2021,India,Mozambique,60456.302,60.0,196.08949948675325,0.2704,0.0014245922139316588,203,0.0003783049860843495,0.8226124562904362,257,False
2021,Romania,"Korea, Republic of",87209.558,87.0,11.968286778841374,0.3015,0.0014206957160873147,204,0.0005457133422684747,0.8231581696327047,208,False
2021,Italy,Greece,50017.923,50.0,25.598543945937138,0.3968,0.0014095352767054508,205,0.00031298688537851797,0.8234711565180832,285,False
2021,Brazil,United Arab Emirates,62293.282,62.0,16.647798393412632,0.2569,0.0013836514471183322,206,0.0003897998785992312,0.8238609563966824,252,False
2021,Russian Federation,Spain,153545.23500000002,154.0,20.78922214681556,0.2851,0.0013765983394487624,207,0.000960808485937383,0.8248217648826198,146,False
2021,Thailand,Philippines,119256.168,119.0,25.64549952669953,0.2613,0.0013699726075385292,208,0.0007462448327671919,0.825568009715387,168,False
2021,Russian Federation,Georgia,84931.842,85.0,21.76949135284267,0.2158,0.0013510134423114929,209,0.000531460546593276,0.8260994702619803,213,False
2021,Romania,Germany,80358.074,80.0,21.759543415637363,0.2339,0.0013476787347596587,210,0.000502840217821049,0.8266023104798014,219,False
2021,Ukraine,Saudi Arabia,50411.253000000004,50.0,77.10653413038551,0.31129999999999997,0.0013170174599957238,211,0.00031544814574764466,0.8269177586255491,283,False
2021,Ukraine,Tunisia,138372.93300000002,138.0,79.00833467192604,0.17,0.00130423417490625,212,0.000865867887404288,0.8277836265129533,156,False
2021,Germany,Nigeria,59226.979,59.0,154.8435722173167,0.2479,0.0012804660695754618,213,0.00037061250399359624,0.828154239016947,261,False
2021,United States of America,Panama,51674.69700000001,52.0,42.29967715146931,0.43289999999999995,0.0012582893590293636,214,0.0003233541398132155,0.8284775931567602,279,False
2021,Brazil,Gambia,82631.894,83.0,20.47428563116319,0.1733,0.001251925642643182,215,0.0005170686342971067,0.8289946617910573,216,False
2021,Poland,Portugal,87424.93000000001,87.0,20.243047377904677,0.2716,0.0012459935566233064,216,0.0005470610314053815,0.8295417228224626,207,False
2021,Germany,Greece,34090.92,34.0,23.2076165735627,0.4243,0.0012375588110538197,217,0.00021332374937856223,0.8297550465718412,335,False
2021,India,Bahrain,58376.91499999999,58.0,56.651606204267566,0.24240000000000006,0.0012263948630057099,218,0.00036529323306480524,0.830120339804906,265,False
2021,Latvia,Spain,195110.2,195.0,19.90626835501168,0.18439999999999998,0.0012146022404354033,219,0.0012209010318877038,0.8313412408367936,119,False
2021,Brazil,Senegal,60936.829,61.0,30.426263237294478,0.22729999999999997,0.0012106904264625401,220,0.0003813118812141269,0.8317225527180078,254,False
2021,United States of America,Honduras,97462.104,97.0,48.29292419133492,0.2581,0.0011933452781988632,221,0.0006098685939717488,0.8323324213119795,195,False
2021,India,Australia,54857.225,55.0,97.876970626932,0.25050000000000006,0.00119259937800507,222,0.00034326879173408637,0.8326756901037136,271,False
2021,Canada,Togo,59195.51,59.0,25.569912312606142,0.2296,0.0011880993307701933,223,0.00037041558689458,0.8330461056906081,262,False
2021,Ukraine,Italy,57138.872,57.0,65.4009760640707,0.2536,0.0011598854906444513,224,0.00035754618562073854,0.8334036518762289,268,False
2021,Pakistan,Benin,48262.718,48.0,51.892974614484,0.2744,0.0011571254731278728,225,0.0003020036994883161,0.8337056555757172,289,False
2021,Canada,Kuwait,74603.64199999999,75.0,26.05241443842648,0.1759,0.0011471306005847496,226,0.00046683189039005044,0.8341724874661073,226,False
2021,Romania,New Zealand,61220.107,61.0,16.34191851379809,0.2129,0.001139553123948794,227,0.00038308449178246773,0.8345555719578898,253,False
2021,India,Philippines,63205.00600000001,63.0,43.1101454210763,0.2127,0.0011364930925444256,228,0.000395504986647897,0.8349510769445376,249,False
2021,India,Angola,60390.188,60.0,58.69208421738975,0.2151,0.0011348427129331436,229,0.0003778912780833212,0.8353289682226209,258,False
2021,Argentina,Peru,50274.890999999996,50.0,58.873742759581525,0.2628,0.0011184300156573891,230,0.00031459486126272137,0.8356435630838837,284,False
2021,United States of America,United Arab Emirates,46447.11700000001,46.0,28.474060079982998,0.34869999999999995,0.0011075398845543606,231,0.00029064258595147216,0.8359342056698351,290,False
2021,India,Gambia,72782.82,73.0,31.036101651461152,0.1733,0.0011024746158242813,232,0.00045543810647365955,0.8363896437763088,228,False
2021,Canada,Chile,49931.036,50.0,30.190901706906303,0.2461,0.001067382154750749,233,0.0003124431904412075,0.83670208696675,286,False
2021,Brazil,Guatemala,53841.145,54.0,24.995029359052452,0.2292,0.0010598745535655822,234,0.0003369106765741385,0.8370389976433241,273,False
2021,Pakistan,Comoros,52829.351,53.0,47.599657243565225,0.222,0.0010248178388733177,235,0.0003305793810362436,0.8373695770243603,275,False
2021,India,Mauritius,35887.638000000006,36.0,62.675314547031476,0.3266,0.0010223642823717588,236,0.00022456670264400514,0.8375941437270044,329,False
2021,Argentina,Kuwait,91643.45499999999,92.0,24.427669166335995,0.126,0.0010036095870580455,237,0.0005734584290070653,0.8381676021560114,201,False
2021,United States of America,Yemen,66775.524,67.0,40.10255314507153,0.1706,0.0009936702732764495,238,0.0004178474839164848,0.8385854496399279,238,False
2021,Guyana,Portugal,66594.137,67.0,29.08948275731841,0.1705,0.0009924867971054926,239,0.0004167124557351236,0.839002162095663,240,False
2021,Viet Nam,Algeria,68254.291,68.0,51.87202076423298,0.1659,0.0009893753471321533,240,0.0004271008605017247,0.8394292629561647,236,False
2021,United States of America,Guyana,95752.087,96.0,33.68994975535102,0.23549999999999996,0.0009837561199739614,241,0.0005991681717496121,0.8400284311279144,198,False
2021,United States of America,Lebanon,40517.833,41.0,27.53545580781677,0.2813,0.0009806900250081364,242,0.0002535401230666241,0.840281971250981,312,False
2021,Viet Nam,United Arab Emirates,37021.941999999995,37.0,38.98120741478122,0.30210000000000004,0.0009774529833619524,243,0.00023166460385098633,0.840513635854832,326,False
2021,Romania,France,58359.473999999995,58.0,31.953800680246026,0.23390000000000002,0.0009692942788721468,244,0.0003651840961006837,0.8408788199509326,266,False
2021,Argentina,Spain,73560.705,74.0,24.832578752473893,0.301,0.000964105431314321,245,0.00046030571769639395,0.841339125668629,227,False
2021,Russian Federation,Libya,59864.211,60.0,33.53038428920411,0.1852,0.0009455056959260426,246,0.00037459997982188133,0.8417137256484509,259,False
2021,United States of America,Jordan,59297.157,59.0,20.148352137691862,0.258,0.0009353171542028767,247,0.000371051642452866,0.8420847772909038,260,False
2021,Suriname,Jamaica,42352.454,42.0,36.63452417656838,0.2444,0.0009046584807275551,248,0.00026502025415163586,0.8423497975450555,304,False
2021,Pakistan,Spain,29587.685,30.0,49.30054514234554,0.3495,0.0009035728533180916,249,0.0001851447804762044,0.8425349423255316,363,False
2021,Ukraine,Libya,78788.59899999999,79.0,28.601003553826363,0.18520000000000006,0.0008965291335613064,250,0.0004930192364114561,0.843027961561943,221,False
2021,Russian Federation,United Kingdom,62490.19,62.0,21.83555530876126,0.296,0.0008960264596362218,251,0.00039103202935499357,0.843418993591298,250,False
2021,Pakistan,Saudi Arabia,28101.893,28.0,72.69293210959134,0.3612,0.0008865512104082327,252,0.000175847444991076,0.8435948410362891,370,False
2021,Russian Federation,Benin,48627.374,49.0,40.53198513248937,0.2082,0.0008847808095837548,253,0.0003042855324559623,0.8438991265687451,288,False
2021,United States of America,Myanmar,55043.154,55.0,44.46013395235309,0.1817,0.0008688074248331957,254,0.00034443224145612987,0.8442435588102012,270,False
2021,Argentina,Poland,41846.911,42.0,23.43482413791546,0.24269999999999994,0.0008683954159906599,255,0.0002618568215357931,0.844505415631737,306,False
2021,South Africa,"Korea, Republic of",27656.106,28.0,45.10396365995994,0.3551,0.0008570899756347195,256,0.00017305793522530197,0.8446784735669622,379,False
2021,France,Netherlands (Kingdom of the),43087.886,43.0,30.385292051691746,0.5005,0.0008556805654823743,257,0.000269622215954162,0.8449480957829164,300,False
2021,Germany,Saudi Arabia,26540.124,27.0,43.915243199315874,0.3672,0.0008514400641510792,258,0.00016607468383522548,0.8451141704667516,389,False
2021,Pakistan,Oman,31418.859,31.0,51.55212670199131,0.3517,0.000847333822409198,259,0.0001966033419771712,0.8453107738087288,348,False
2021,Thailand,"Korea, Republic of",22812.743000000002,23.0,36.29598597590829,0.4225,0.0008423871999565819,260,0.000142750617183976,0.8454535244259127,416,False
2021,Pakistan,Indonesia,44723.555,45.0,29.26936376144517,0.2158,0.000842134726122587,261,0.00027985740596435485,0.8457333818318771,292,False
2021,Australia,Oman,75943.103,76.0,8.960958574473839,0.24140000000000003,0.000835385658012555,262,0.00047521356042612927,0.8462085953923032,224,False
2021,United States of America,Oman,23433.361999999997,23.0,24.454792274365072,0.4163,0.0008345322396503499,263,0.00014663413725370637,0.8463552295295569,410,False
2021,Denmark,Portugal,42779.82,43.0,17.00930485448513,0.2231,0.0008344457189706786,264,0.0002676944946085352,0.8466229240241654,302,False
2021,Argentina,Lebanon,37901.789000000004,38.0,22.87179636824003,0.2465,0.0008161161222388033,265,0.00023717024174282032,0.8468600942659082,322,False
2021,Viet Nam,Australia,37225.986999999994,37.0,74.54392008464411,0.2469,0.0008021085930640442,266,0.00023294141434603745,0.8470930356802543,325,False
2021,Romania,Italy,43933.442,44.0,31.06854227356008,0.24580000000000002,0.0007963192035301367,267,0.00027491327809708865,0.8473679489583514,295,False
2021,Viet Nam,China,18000.357,18.0,78.81682568851274,0.49810000000000004,0.0007830145795002783,268,0.00011263713755430035,0.8474805860959057,445,False
2021,Canada,Indonesia,40019.089,40.0,16.63473648787957,0.22240000000000001,0.0007781521108606461,269,0.0002504192351568798,0.8477310053310626,313,False
2021,Sweden,United States of America,65392.484,65.0,16.654972152457155,0.24810000000000001,0.000771909648997213,270,0.0004091931185212262,0.8481401984495839,245,False
2021,China,Sudan,52287.388,52.0,73.36631541051544,0.1887,0.0007291824291487962,271,0.000327188050465392,0.8484673865000493,278,False
2021,Romania,Netherlands (Kingdom of the),35783.258,36.0,36.42745442575408,0.23389999999999994,0.000728297956486242,272,0.0002239135453528515,0.8486913000454022,330,False
2021,Denmark,United States of America,32587.446,33.0,22.851100390009083,0.2549,0.0007259440381712654,273,0.0002039157688731026,0.8488952158142753,343,False
2021,Thailand,Mozambique,43401.798,43.0,198.08554935903805,0.1914,0.000723902121198336,274,0.0002715865186134896,0.8491668023328888,299,False
2021,Australia,"Tanzania, United Republic of",43518.351,44.0,19.542215650588414,0.1884,0.0007167916462140906,275,0.0002723158483869694,0.8494391181812757,298,False
2021,Canada,Mozambique,41911.983,42.0,28.97849047132893,0.1956,0.0007165925526685206,276,0.0002622640092274002,0.8497013821905031,305,False
2021,Thailand,United Kingdom,21821.106,22.0,57.813980647910334,0.3751,0.0007150916203886652,277,0.00013654545396566127,0.8498379276444687,422,False
2021,Guyana,Jamaica,33607.534,34.0,34.844597642897575,0.2413,0.0007087824484282512,278,0.00021029896407159178,0.8500482266085403,338,False
2021,United States of America,Mozambique,35642.694,36.0,36.235757039016185,0.24289999999999998,0.0007045393996630178,279,0.00022303396687542562,0.8502712605754157,331,False
2021,Canada,Brazil,31314.82,31.0,38.77071622956798,0.2561,0.0007008862356485658,280,0.0001959523184916919,0.8504672128939074,351,False
2021,Germany,Mauritius,30750.56,31.0,48.83771222377739,0.2598,0.0006980729894617369,281,0.00019242146456271763,0.85065963435847,356,False
2021,Myanmar,Spain,43880.05,44.0,37.245217359597355,0.1806,0.0006926038852614943,282,0.0002745791779429473,0.850934213536413,296,False
2021,Latvia,Germany,72307.481,72.0,14.867645575981273,0.24510000000000004,0.0006897641219353953,283,0.0004524636752261057,0.8513866772116391,230,False
2021,United States of America,New Zealand,34785.236000000004,35.0,32.56585638803772,0.2831,0.0006893978260049717,284,0.00021766842803122187,0.8516043456396702,334,False
2021,Russian Federation,Madagascar,44469.797,44.0,35.02500809706867,0.1691,0.0006572435329056265,285,0.00027826951663796514,0.8518826151563083,293,False
2021,Estonia,Nigeria,43871.806000000004,44.0,156.66918293721483,0.17,0.0006504171362186357,286,0.00027452759115708536,0.8521571427474653,297,False
2021,Australia,Kenya,54089.907,54.0,22.565855030957994,0.20060000000000003,0.0006492642507903337,287,0.00033846730345727657,0.8524956100509227,272,False
2021,Uruguay,United Kingdom,24145.156,24.0,35.9919811659117,0.3046,0.0006427910931446597,288,0.00015108818439778945,0.8526466982353205,405,False
2021,Thailand,Israel,29222.075999999997,29.0,54.82235416812961,0.2495,0.0006369995075190212,289,0.00018285698411616048,0.8528295552194366,364,False
2021,France,"Congo, Dem. Rep. of the",43069.280000000006,43.0,52.00265711430513,0.1664,0.0006260445613706396,290,0.0002695057890087778,0.8530990610084453,301,False
2021,Germany,Japan,17585.676,18.0,29.986564064981067,0.4096,0.000624210503846423,291,0.00011004227341698602,0.8532091032818623,451,False
2021,Thailand,Brazil,27974.125,28.0,48.1164290214618,0.2551,0.0006235644019104573,292,0.00017504793741514082,0.8533841512192775,374,False
2021,Guyana,Spain,30915.496,31.0,28.89690011766268,0.2293,0.0006196495567918778,293,0.00019345355069965678,0.8535776047699771,355,False
2021,Uruguay,Belgium,22909.792,23.0,23.90274865873946,0.3088,0.0006161741410302075,294,0.00014335790078187947,0.853720962670759,415,False
2021,India,Sudan,37380.794,37.0,68.49196408187584,0.1887,0.0006161324389439009,295,0.00023391011831970694,0.8539548727890788,324,False
2021,Pakistan,Mozambique,33960.153,34.0,194.06243546664822,0.2076,0.0006144110074750206,296,0.0002125054755761836,0.8541673782646549,336,False
2021,Bulgaria,Cyprus,99273.10400000002,99.0,17.490094799493725,0.17909999999999998,0.0006131990123972003,297,0.0006212009167757265,0.8547885791814307,190,False
2021,United States of America,Portugal,17712.152,18.0,23.988841107506307,0.4001,0.0006107064879864985,298,0.00011083369630983851,0.8548994128777405,450,False
2021,Argentina,Chile,27305.892999999996,27.0,50.886488129137554,0.26610000000000006,0.0006008428102469265,299,0.00017086647925282852,0.8550702793569933,383,False
2021,Australia,Yemen,58835.002,59.0,39.95990346018854,0.11630000000000001,0.0005979291646899541,300,0.00036815971001472557,0.855438439067008,263,False
2021,Australia,Israel,28630.63,29.0,18.810064605633897,0.2387,0.0005923594548532399,301,0.00017915601393773901,0.8556175950809457,369,False
2021,Brazil,Cambodia,38660.462,39.0,34.05911186472629,0.1782,0.000591389283657659,302,0.00024191763397841506,0.8558595127149241,316,False
2021,Thailand,France,18138.953,18.0,70.96479052567146,0.373,0.0005909557893559178,303,0.00011350440128226285,0.8559730171162063,443,False
2021,Brazil,Lebanon,26947.497000000003,27.0,22.628854917397334,0.2493,0.0005828283633956271,304,0.00016862381820166656,0.856141640934408,387,False
2021,Spain,Algeria,27537.667,28.0,57.70140222844586,0.2605,0.0005716973972094723,305,0.0001723168038169197,0.8563139577382249,380,False
2021,Greece,Spain,16895.43,17.0,24.7662237658349,0.3852,0.0005689235941365331,306,0.00010572306276753582,0.8564196808009925,462,False
2021,Australia,India,27204.817000000003,27.0,40.28779168042188,0.25050000000000006,0.000568210961741006,307,0.00017023399672398546,0.8565899147977165,384,False
2021,India,Israel,21615.246000000003,22.0,52.08666142407076,0.3028,0.0005680365162126665,308,0.00013525728611782757,0.8567251720838344,423,False
2021,United States of America,Colombia,28972.228,29.0,23.32454376653394,0.43279999999999996,0.0005634653890583191,309,0.00018129356159383682,0.8569064656454282,366,False
2021,Netherlands (Kingdom of the),Spain,22038.65,22.0,20.438003235225388,0.46619999999999995,0.0005631067631564484,310,0.0001379067343809393,0.8570443723798091,419,False
2021,Brazil,Nicaragua,52329.639,52.0,30.477469947767077,0.1748,0.000561851223065563,311,0.0003274524358716819,0.8573718248156809,277,False
2021,Argentina,Kenya,32421.095,32.0,17.514399189786772,0.20090000000000002,0.0005583402886533977,312,0.00020287482838123928,0.8575746996440621,345,False
2021,Netherlands (Kingdom of the),Belgium,30118.491,30.0,26.32356315593633,0.5344,0.0005539989331391381,313,0.00018846629617929006,0.8577631659402414,359,False
2021,Germany,"Congo, Dem. Rep. of the",38552.060000000005,39.0,46.818406072204695,0.1611,0.0005422540730117496,314,0.0002412393090437951,0.8580044052492852,317,False
2021,Lithuania,Germany,71647.67300000001,72.0,14.311713933821688,0.2397,0.0005413587879009628,315,0.0004483349301986917,0.8584527401794839,231,False
2021,Viet Nam,United States of America,14289.021,14.0,48.385330247607584,0.4335,0.0005381499092944931,316,8.941347240464655e-05,0.8585421536518886,494,False
2021,United States of America,Libya,31871.135000000002,32.0,29.77333565309174,0.1901,0.0005292160081561452,317,0.0001994334566257034,0.8587415871085142,347,False
2021,Lithuania,Portugal,33195.0,33.0,21.529236330772708,0.1807,0.0005243904431814711,318,0.0002077175347752825,0.8589493046432896,340,False
2021,Russian Federation,Tunisia,35306.123,35.0,53.71813268763608,0.1689,0.0005209549697989012,319,0.00022092787564491342,0.8591702325189344,332,False
2021,Russian Federation,Brazil,28009.2,28.0,40.091612755808804,0.2128,0.0005208947085530461,320,0.00017526741903985067,0.8593454999379743,372,False
2021,Guyana,Italy,33338.873,33.0,20.63258107135175,0.178,0.0005188023404325021,321,0.00020861781930249214,0.8595541177572767,339,False
2021,Guyana,Trinidad and Tobago,23268.898,23.0,28.80566153154309,0.2506,0.0005097103674407799,322,0.00014560500465424014,0.859699722761931,412,False
2021,Argentina,Angola,32494.037000000004,32.0,63.29118170204582,0.20999999999999996,0.000507680349208949,323,0.00020333126255571072,0.8599030540244866,344,False
2021,Australia,Ecuador,24587.7,25.0,95.87582409090724,0.2345,0.0005033827595042066,324,0.0001538574011084264,0.860056911425595,401,False
2021,Russian Federation,Namibia,29948.653000000002,30.0,35.22839574788222,0.1907,0.0004991647925203191,325,0.00018740353580359598,0.8602443149613986,361,False
2021,Ukraine,Lebanon,25914.917,26.0,55.86882643691276,0.3035999999999999,0.0004945716076736525,326,0.00016216245438005903,0.8604064774157787,392,False
2021,Estonia,Portugal,32997.1,33.0,19.003003294228886,0.1704,0.0004915743525269965,327,0.00020647917658483126,0.8606129565923635,341,False
2021,Pakistan,United States of America,16712.927,17.0,55.256867932229945,0.33380000000000004,0.00048719761165255687,328,0.00010458105122214966,0.8607175376435856,464,False
2021,Belgium,Germany,12485.686,12.0,15.293032357212892,0.5284000000000001,0.0004864657979406226,329,7.812911329713083e-05,0.8607956667568827,517,False
2021,United States of America,Belize,24882.579,25.0,21.77169818289334,0.2352,0.0004862461240677744,330,0.00015570260487215588,0.8609513693617549,398,False
2021,Slovenia,Italy,17982.06,18.0,31.653492425228254,0.34979999999999994,0.00048596037335713846,331,0.00011252264417476177,0.8610638920059296,447,False
2021,Guyana,Netherlands (Kingdom of the),24145.566,24.0,24.2584911863321,0.2293,0.00048399833959907187,332,0.00015109074997059433,0.8612149827559001,404,False
2021,United States of America,United Kingdom,23520.368,24.0,36.78322550055339,0.5008,0.00048352561446606164,333,0.0001471785768328797,0.861362161332733,409,False
2021,Uruguay,France,18991.642000000003,19.0,28.34683804591514,0.3062,0.00048056521224425035,334,0.00011884009813449967,0.8614810014308675,437,False
2021,Argentina,Guatemala,24204.732,24.0,26.95324203548298,0.22399999999999998,0.0004739466779622611,335,0.0001514609808988219,0.8616324624117663,403,False
2021,Pakistan,Mauritius,16886.066,17.0,45.20105511846276,0.3208,0.00047336938216787516,336,0.0001056644675876703,0.8617381268793539,463,False
2021,India,"Congo, Dem. Rep. of the",32964.232,33.0,37.75310160418722,0.164,0.00047216066713244554,337,0.0002062735052508053,0.8619444003846047,342,False
2021,Ukraine,Myanmar,31206.22,31.0,67.28011274675369,0.1716,0.00046775846848420665,338,0.000195272754573132,0.8621396731391778,353,False
2021,United States of America,Barbados,39723.941000000006,40.0,23.996108543208233,0.24739999999999995,0.00046550983517651135,339,0.0002485723481270906,0.862388245487305,315,False
2021,Australia,Nigeria,25269.04,25.0,162.55413739500986,0.2105,0.00046382257024406987,340,0.00015812088251055897,0.8625463663698155,395,False
2021,Ukraine,Madagascar,31318.174,31.0,75.70747898648241,0.1691,0.00046252665922261307,341,0.0001959733061287347,0.8627423396759443,350,False
2021,France,Ireland,27759.879,28.0,26.971983559438424,0.22799999999999998,0.0004618304853267179,342,0.00017370729421720544,0.8629160469701614,377,False
2021,Argentina,Oman,21139.786,21.0,35.02911524269924,0.24980000000000002,0.0004615412738704665,343,0.00013228209771342161,0.8630483290678749,427,False
2021,Viet Nam,Saudi Arabia,15630.022,16.0,53.50075642887771,0.3373,0.00046062531677261784,344,9.780477898248022e-05,0.8631461338468573,473,False
2021,India,Yemen,31104.298000000003,31.0,53.11455670852947,0.17119999999999996,0.00045703426186334713,345,0.00019463497820381836,0.8633407688250612,354,False
2021,India,Maldives,25521.964,26.0,40.90923410126274,0.2073,0.00045666653725244126,346,0.00015970355308641385,0.8635004723781475,394,False
2021,Canada,Colombia,18003.02,18.0,25.41890193978566,0.2835,0.0004461610993580203,347,0.00011265380126254275,0.8636131261794101,444,False
2021,Romania,Ireland,31208.703,31.0,12.330630978160162,0.16289999999999996,0.00044445262113633,348,0.00019528829193233812,0.8638084144713425,352,False
2021,United States of America,El Salvador,41791.994,42.0,53.51661373228566,0.23890000000000003,0.0004436288178841931,349,0.00026151317870231656,0.8640699276500448,307,False
2021,India,Germany,16059.149,16.0,72.40570468584606,0.3721,0.000443460067076064,350,0.00010049003888745121,0.8641704176889322,470,False
2021,Myanmar,Belgium,28053.655,28.0,28.47924806945833,0.18050000000000002,0.0004426248767150428,351,0.00017554559596434034,0.8643459632848965,371,False
2021,United States of America,Pakistan,15059.669,15.0,155.51158528119043,0.3338,0.0004383978611036043,352,9.423579813862763e-05,0.8644401990830352,479,False
2021,Myanmar,Thailand,21297.714000000004,21.0,42.84736850161477,0.23499999999999993,0.0004373774739397771,353,0.00013327033132788137,0.8645734694143631,426,False
2021,Argentina,Panama,19676.908000000003,20.0,18.62538565510394,0.25359999999999994,0.000433749972347636,354,0.0001231281464606126,0.8646965975608237,433,False
2021,United States of America,Nicaragua,39967.871,40.0,65.93318418186448,0.24600000000000002,0.00043368723226141885,355,0.000250098738796099,0.8649466962996198,314,False
2021,Argentina,Mozambique,25967.958000000002,26.0,22.9430438850833,0.1871,0.00042474119406809495,356,0.00016249435815357964,0.8651091906577735,391,False
2021,India,Russian Federation,16450.471,16.0,54.958122475642185,0.294,0.0004211588136746055,357,0.00010293873420732872,0.8652121293919808,466,False
2021,Argentina,"Congo, Dem. Rep. of the",30182.677,30.0,34.21651432707576,0.1595,0.00042076768584334794,358,0.00018886793973064075,0.8654009973317114,357,False
2021,Pakistan,Portugal,17406.266,17.0,52.30219967912705,0.2746,0.00041762595031936674,359,0.00010891961630254007,0.8655099169480139,456,False
2021,Croatia,Greece,38125.700000000004,38.0,15.928337053483606,0.2384,0.0004119918191963466,360,0.00023857136362650968,0.8657484883116404,320,False
2021,South Africa,Viet Nam,17998.492000000002,18.0,58.92999257937831,0.2608,0.0004100839445683892,361,0.00011262546732678549,0.8658611137789672,446,False
2021,Viet Nam,Mozambique,24791.789,25.0,198.46550807608116,0.18930000000000002,0.00040896454968345836,362,0.00015513448693324193,0.8660162482659005,399,False
2021,United States of America,Saint Vincent and the Grenadines,37018.652,37.0,27.685232838840268,0.23830000000000004,0.00040889268509624796,363,0.00023164401669360088,0.8662478922825941,327,False
2021,India,Brazil,17832.225000000002,18.0,51.565242138880585,0.2618,0.0004079080888520096,364,0.00011158505246447243,0.8663594773350586,448,False
2021,Brazil,El Salvador,25546.04,26.0,25.00117435031026,0.1823,0.0004071053695398772,365,0.00015985420852751193,0.8665193315435861,393,False
2021,India,"Korea, Republic of",13172.996000000001,13.0,33.425881249793136,0.35649999999999993,0.0004070021471107766,366,8.242995194230028e-05,0.8666017614955284,505,False
2021,Russian Federation,Cyprus,41304.9,41.0,23.616302182065564,0.20479999999999998,0.00040389826768892693,367,0.00025846519060519855,0.8668602266861336,309,False
2021,United States of America,Malaysia,9906.276,10.0,25.03201001062357,0.4626,0.00040060130189616713,368,6.198846903218998e-05,0.8669222151551658,557,False
2021,Argentina,"Tanzania, United Republic of",24255.336,24.0,19.124327941694975,0.1883,0.0003948794594870294,369,0.0001517776351578901,0.8670739927903236,402,False
2021,Thailand,Yemen,26387.191,26.0,42.53885910023541,0.1702,0.00039247309171278944,370,0.0001651177064065227,0.8672391104967301,390,False
2021,Brazil,Pakistan,18807.041,19.0,18.8403906813411,0.2543,0.0003857515686869923,371,0.00011768495836534611,0.8673567954550955,438,False
2021,Pakistan,Italy,13679.383,14.0,82.69283782755407,0.3204,0.0003827371476246501,372,8.559866588362428e-05,0.8674423941209791,502,False
2021,Croatia,Romania,41308.369999999995,41.0,16.925770733630984,0.22970000000000004,0.0003745698358215545,373,0.0002584869041116203,0.8677008810250907,308,False
2021,United States of America,"China, Hong Kong SAR",20236.619,20.0,27.084712125083744,0.4559000000000001,0.000372104810890809,374,0.00012663053504644202,0.8678275115601372,432,False
2021,Viet Nam,Solomon Islands,23966.835,24.0,71.61775845663394,0.1769,0.00037031176286793675,375,0.00014997234169501303,0.8679774839018322,406,False
2021,Cambodia,France,23100.101,23.0,59.4855407775057,0.18050000000000002,0.00036426359439239845,376,0.0001445487583304726,0.8681220326601626,414,False
2021,Pakistan,Sri Lanka,11252.759,11.0,45.43747893294436,0.3739,0.00036405984963422167,377,7.041407919567323e-05,0.8681924467393584,530,False
2021,Brazil,Tunisia,25196.975000000002,25.0,27.989510645623135,0.1652,0.0003638576140693977,378,0.00015766993615889214,0.8683501166755172,396,False
2021,Brazil,Angola,17425.0,17.0,55.63489239598278,0.2482,0.00035989282195716726,379,0.00010903684420723898,0.8684591535197245,455,False
2021,Argentina,Pakistan,16200.948,16.0,19.6875516173498,0.2526,0.0003577363158754585,380,0.00010137734537076499,0.8685605308650952,467,False
2021,Canada,Trinidad and Tobago,21907.609,22.0,27.1220378271312,0.1862,0.00035564801023066047,381,0.00013708674602502764,0.8686976176111202,421,False
2021,Japan,"China, Hong Kong SAR",8511.935,9.0,72.91115357436352,0.47,0.0003477683261271836,382,5.326338768993656e-05,0.8687508809988101,592,False
2021,Ukraine,Algeria,38331.449,38.0,35.455612439801065,0.1798,0.00034602339226589174,383,0.00023985883689243764,0.8689907398357026,318,False
2021,Russian Federation,Portugal,17539.7,18.0,20.892090514661025,0.2249,0.0003448582094404972,384,0.00010975457884313971,0.8691004944145457,452,False
2021,Belgium,Netherlands (Kingdom of the),24950.377,25.0,26.65538881436541,0.5344,0.0003409539547273459,385,0.00015612685049416807,0.8692566212650399,397,False
2021,Uruguay,Germany,13557.463000000002,14.0,37.62695129612376,0.3093,0.0003404735003752003,386,8.483575213637916e-05,0.8693414570171762,503,False
2021,Pakistan,Germany,11327.208,11.0,61.60238251120664,0.3405,0.00033693642249265395,387,7.087994341457623e-05,0.8694123369605908,528,False
2021,Thailand,Saudi Arabia,11342.461000000001,11.0,55.004905901814425,0.3352,0.0003321755579611878,388,7.097538898041228e-05,0.8694833123495712,527,False
2021,United States of America,Germany,14478.479,14.0,57.70398948674098,0.4776000000000001,0.0003251813349985948,389,9.05990048252959e-05,0.8695739113543965,490,False
2021,Germany,France,9649.089,10.0,36.52956253175818,0.48280000000000006,0.0003214964298686584,390,6.037912275665901e-05,0.8696342904771532,562,False
2021,United States of America,Philippines,35188.247,35.0,30.904125459844586,0.21339999999999998,0.0003174344137939174,391,0.0002201902672060169,0.8698544807443592,333,False
2021,Germany,Morocco,7846.592,8.0,45.38964177059289,0.4570000000000001,0.0003129805379302081,392,4.9100007429656676e-05,0.8699035807517889,610,False
2021,Thailand,Senegal,18509.541,19.0,34.99789649024792,0.19300000000000003,0.0003121972269961094,393,0.00011582335370814935,0.870019404105497,442,False
2021,Canada,"Korea, Republic of",11187.977,11.0,24.293131814625646,0.3702,0.00031129084385872366,394,7.00087061775135e-05,0.8700894128116745,533,False
2021,China,Fiji,14640.624,15.0,47.502893319301144,0.24010000000000004,0.0003071022828857732,395,9.161362629467798e-05,0.8701810264379692,487,False
2021,Thailand,Cameroon,17266.809,17.0,51.38164208569168,0.2027,0.0003058119279673603,396,0.00010804696487168734,0.8702890734028409,459,False
2021,Viet Nam,Germany,8587.801,9.0,55.47264078429391,0.40690000000000004,0.0003046675021127887,397,5.3738118778753e-05,0.8703428115216196,590,False
2021,Sweden,Portugal,28661.1,29.0,18.42256577730792,0.22770000000000004,0.00029735468517317487,398,0.00017934667979960383,0.8705221582014192,368,False
2021,South Africa,Italy,12581.335000000001,13.0,39.844022911718035,0.2716,0.0002972744069102626,399,7.872763640252987e-05,0.8706008858378217,515,False
2021,Netherlands (Kingdom of the),Greece,8200.084,8.0,23.05439797933777,0.41439999999999994,0.0002970578526757052,400,5.1311981727074495e-05,0.8706521978195487,601,False
2021,Canada,Peru,19283.604,19.0,25.601282830740562,0.2478,0.00029420828429023134,401,0.00012066704878634664,0.870772864868335,436,False
2021,Chile,Dominican Republic,10558.47,11.0,76.8450353128815,0.318,0.0002932350218407828,402,6.606956949536908e-05,0.8708389344378304,543,False
2021,Brazil,Sierra Leone,19479.896,19.0,42.253048989583924,0.1715,0.00029195191459056483,403,0.00012189534492540704,0.8709608297827559,434,False
2021,Thailand,Spain,8927.704,9.0,58.320257929698386,0.3684,0.0002873381216550721,404,5.586505998142578e-05,0.8710166948427374,578,False
2021,Romania,Saudi Arabia,16672.576,17.0,45.309734980365356,0.3015,0.00028450188864581605,405,0.00010432855505568732,0.8711210233977931,465,False
2021,Thailand,Germany,9618.866000000002,10.0,72.074088567197,0.3367,0.0002827556879047267,406,6.019000249597177e-05,0.8711812134002891,564,False
2021,Pakistan,Australia,13045.924,13.0,80.65722289965815,0.2462,0.0002804920468187869,407,8.163479958263873e-05,0.8712628481998718,507,False
2021,United Kingdom,Netherlands (Kingdom of the),6792.004,7.0,26.361439127538794,0.5371000000000001,0.000279225264644349,408,4.250092866587913e-05,0.8713053491285376,633,False
2021,Spain,France,9716.142,10.0,32.69867813788642,0.47980000000000006,0.0002774662594467141,409,6.07987065451599e-05,0.8713661478350828,559,False
2021,Myanmar,United Kingdom,17389.14,17.0,33.981496497239085,0.1814,0.00027570279236738325,410,0.00010881245044923199,0.8714749602855321,457,False
2021,Australia,Sudan,23423.538,23.0,53.71733339344381,0.1336,0.0002734192743571258,411,0.0001465726636263037,0.8716215329491583,411,False
2021,Thailand,New Zealand,13020.153,13.0,78.11121727985838,0.2391,0.00027187758891213294,412,8.147353768811564e-05,0.8717030064868465,508,False
2021,Guyana,Brazil,13970.928,14.0,23.925110772884953,0.2225,0.00027174421734023737,413,8.742300716020389e-05,0.8717904294940068,498,False
2021,Ukraine,Cyprus,30093.9,30.0,30.9134077005639,0.20209999999999997,0.0002681147885044322,414,0.00018831241812844929,0.8719787419121352,360,False
2021,United States of America,Namibia,12679.312,13.0,43.87241200468922,0.2413,0.00026736268874532406,415,7.934072695546488e-05,0.8720580826390907,514,False
2021,Australia,Indonesia,17523.722999999998,18.0,16.375686833214612,0.28430000000000005,0.0002666207545869226,416,0.00010965460285117992,0.8721677372419419,454,False
2021,United Kingdom,Iran (Islamic Republic of),18699.83,19.0,63.094477329473044,0.21929999999999997,0.0002661254145140533,417,0.00011701408610684957,0.8722847513280487,439,False
2021,France,Togo,11000.0,11.0,23.493,0.275,0.0002644440609024095,418,6.883244110643493e-05,0.8723535837691552,535,False
2021,United States of America,Kenya,27385.261000000002,27.0,16.214086840362775,0.21069999999999997,0.0002643268066412981,419,0.0001713631240878954,0.8725249468932431,381,False
2021,Greece,Bulgaria,15077.863000000001,15.0,23.710455520122444,0.2367,0.00026338891064171306,420,9.434964699621767e-05,0.8726192965402393,477,False
2021,Germany,Iran (Islamic Republic of),15344.547999999999,15.0,52.34047949799499,0.2193,0.00026338206192593643,421,9.601842695589672e-05,0.8727153149671952,475,False
2021,Viet Nam,"China, Hong Kong SAR",6138.884,6.0,61.11371382811599,0.488,0.00026171043508239883,422,3.841403376265779e-05,0.8727537290009579,654,False
2021,Argentina,Netherlands (Kingdom of the),19465.019,19.0,25.570640336903857,0.3093,0.0002610074750245344,423,0.00012180225217755791,0.8728755312531354,435,False
2021,Argentina,Philippines,14426.948,14.0,24.831863260337528,0.2037,0.0002568995780139263,424,9.027654986869084e-05,0.8729658078030041,492,False
2021,Spain,Greece,16984.6,17.0,24.03330075480141,0.3852,0.0002559715992579292,425,0.00010628104356512314,0.8730720888465693,461,False
2021,Pakistan,Greece,9704.26,10.0,51.62413208219895,0.2998,0.00025420302102276935,426,6.072435499377566e-05,0.8731328132015631,560,False
2021,Thailand,Fiji,12517.743,13.0,45.22316842580967,0.2288,0.0002502759910041797,427,7.832970980299892e-05,0.8732111429113661,516,False
2021,Pakistan,France,8134.884,8.0,75.91417406812438,0.3482,0.0002473859801767208,428,5.0903993076152714e-05,0.8732620469044423,603,False
2021,Viet Nam,"Congo, Dem. Rep. of the",17769.411,18.0,31.58585278938058,0.158,0.000245400126931235,429,0.00011119199419577609,0.873373238898638,449,False
2021,Thailand,Togo,12128.858,12.0,33.44692468161471,0.2301,0.0002439307277712671,430,7.589626399757384e-05,0.8734491351626357,520,False
2021,Canada,Myanmar,15278.220000000001,15.0,40.290164691960186,0.1807,0.00024127201489225033,431,9.560337985101422e-05,0.8735447385424867,476,False
2021,Romania,Tunisia,28918.24,29.0,46.48941291032926,0.1689,0.0002401763764227149,432,0.00018095573197288644,0.8737256942744596,367,False
2021,United Kingdom,Germany,10593.407,11.0,18.43297439624476,0.5012000000000001,0.00023808715235961334,433,6.628818758581777e-05,0.8737919824620454,542,False
2021,Argentina,Brunei Darussalam,15434.726,15.0,22.480800760570677,0.175,0.00023613121446701846,434,9.658271530808728e-05,0.8738885651773535,474,False
2021,Netherlands (Kingdom of the),Iran (Islamic Republic of),14077.538,14.0,61.2528270213158,0.2193,0.00023362847242426935,435,8.809011866441817e-05,0.8739766552960179,496,False
2021,United States of America,Australia,10257.203000000001,10.0,134.65230238691774,0.2919,0.0002324558559991016,436,6.418439285584071e-05,0.8740408396888737,548,False
2021,Thailand,Brunei Darussalam,15042.076000000001,15.0,38.94096798872709,0.1767,0.00023229026203691448,437,9.412571003531986e-05,0.874134965398909,481,False
2021,Thailand,Timor-Leste,16178.58,16.0,36.03715530040337,0.1641,0.00023203770023714267,438,0.00010123737773052236,0.8742362027766395,468,False
2021,Pakistan,Sweden,10351.221,10.0,65.23597554336827,0.2556,0.00023110705118022906,439,6.477270998747205e-05,0.874300975486627,545,False
2021,Ukraine,Jordan,11881.424,12.0,59.429071801494494,0.23189999999999997,0.00023058528836392215,440,7.43479470673257e-05,0.8743753234336943,522,False
2021,Croatia,Italy,12270.840999999999,12.0,35.18511893357595,0.34320000000000017,0.00023046673347960057,441,7.678472185990246e-05,0.8744521081555542,519,False
2021,Ukraine,Morocco,24704.385,25.0,78.86251772711606,0.2687,0.00022789827382328564,442,0.0001545875568711995,0.8746066957124253,400,False
2021,Thailand,United Arab Emirates,8696.9,9.0,37.381135807011695,0.2974,0.00022594219009728465,443,5.442080518714126e-05,0.8746611165176125,585,False
2021,Australia,Solomon Islands,21600.755,22.0,50.07024060038642,0.23690000000000003,0.00022350675378071672,444,0.0001351666087629118,0.8747962831263754,424,False
2021,Italy,United States of America,7320.195,7.0,63.96441624847426,0.3957,0.00022257517961999073,445,4.58060810204654e-05,0.8748420892073958,627,False
2021,United States of America,Kuwait,20499.129,20.0,45.56905808046771,0.18600000000000003,0.0002225621254164214,446,0.00012827318996597387,0.8749703623973618,430,False
2021,Pakistan,Belgium,7339.64,7.0,83.2514946237145,0.3461,0.00022182654859793864,447,4.592775800385765e-05,0.8750162901553656,624,False
2021,Russian Federation,China,27693.280000000006,28.0,52.284597563018885,0.30979999999999996,0.00021974077726357214,448,0.0001732905513312739,0.875189580706697,378,False
2021,Uruguay,Senegal,11211.187,11.0,28.36283080462399,0.2241,0.00021961576285731057,449,7.015394262824809e-05,0.8752597346493252,531,False
2021,Ukraine,Iran (Islamic Republic of),11458.664,11.0,60.91574026431004,0.2189,0.00021912499455479988,450,7.170252863076602e-05,0.8753314371779559,526,False
2021,Thailand,Ghana,10672.191,11.0,49.78584060199072,0.23319999999999996,0.0002174612687265237,451,6.678117804401136e-05,0.875398218356,539,False
2021,Romania,Libya,27924.92,28.0,27.40165414977017,0.1806,0.00021675134608369564,452,0.00017474003739108244,0.875572958393391,375,False
2021,Spain,United States of America,8237.36,8.0,66.70413821904104,0.4748,0.00021316219043293123,453,5.154523609750026e-05,0.8756245036294885,599,False
2021,"Tanzania, United Republic of",Kenya,14745.957999999999,15.0,42.98642380508612,0.28240000000000004,0.00021227695087416886,454,9.22727532357239e-05,0.8757167763827243,486,False
2021,Germany,Namibia,10313.006,10.0,36.887208249466745,0.23570000000000002,0.0002122244558916612,455,6.453357982957364e-05,0.8757813099625539,547,False
2021,Viet Nam,Fiji,13812.083,14.0,50.621618766698695,0.1757,0.0002120437689708543,456,8.642903542315374e-05,0.875867738997977,499,False
2021,Costa Rica,Panama,8634.328,9.0,14.861839855979529,0.3075,0.00021175822166486177,457,5.402926123214928e-05,0.8759217682592091,587,False
2021,Russian Federation,Lithuania,21931.889000000003,22.0,25.3988609918644,0.23059999999999997,0.0002098595014668462,458,0.0001372386779950335,0.8760590069372042,420,False
2021,France,Algeria,10014.173999999999,10.0,38.298216108487836,0.24500000000000005,0.00020874328613692408,459,6.266364018950835e-05,0.8761216705773937,554,False
2021,Ukraine,Indonesia,30161.050000000003,30.0,76.98544977711319,0.20069999999999996,0.00020622950489175242,460,0.00018873260889393085,0.8763104031862876,358,False
2021,Chile,United States of America,9346.691,9.0,115.83618202420513,0.2513,0.00020498891285684542,461,5.848686889068595e-05,0.8763688900551783,567,False
2021,Germany,Belgium,8229.582,8.0,25.260699753644836,0.5284,0.00020469380385345379,462,5.149656530414336e-05,0.8764203866204824,600,False
2021,Mexico,Nigeria,10022.59,10.0,159.053897246121,0.23229999999999998,0.00020303356502859122,463,6.271630326444943e-05,0.8764831029237469,553,False
2021,Australia,Madagascar,13316.263,13.0,26.866246183332365,0.1734,0.0002018428245436902,464,8.332644442775441e-05,0.8765664293681746,504,False
2021,Cambodia,"China, Hong Kong SAR",9681.589,10.0,33.63807325429741,0.2365,0.00020012726150764107,465,6.05824913326553e-05,0.8766270118595073,561,False
2021,Russian Federation,Italy,8649.838,9.0,40.31324054855131,0.2673,0.00019931774690391335,466,5.412631497410935e-05,0.8766811381744815,586,False
2021,Viet Nam,New Zealand,10099.614,10.0,87.48869016182203,0.2258,0.00019911761584106,467,6.319828053206597e-05,0.8767443364550135,551,False
2021,France,Italy,14389.608,14.0,45.896941737398265,0.4554000000000001,0.00019574428097060003,468,9.004289501860772e-05,0.8768343793500321,493,False
2021,Australia,United Kingdom,7616.495,8.0,29.26122842593608,0.3123,0.00019483454063912913,469,4.766017668408692e-05,0.8768820395267162,619,False
2021,Pakistan,Madagascar,12817.913,13.0,23.228586432128225,0.17330000000000004,0.00019418979828792838,470,8.02080219709006e-05,0.8769622475486871,511,False
2021,Viet Nam,Qatar,8085.655,8.0,41.73391023980123,0.2739,0.000193540505093669,471,5.059594287222283e-05,0.8770128434915594,605,False
2021,Suriname,Portugal,12845.64,13.0,28.810709314600132,0.1709,0.00019189530055137047,472,8.038152352495134e-05,0.8770932250150844,510,False
2021,United States of America,Suriname,9241.649000000001,9.0,33.83432978248795,0.2386,0.00019141889379955024,473,5.782956913807667e-05,0.8771510545842224,570,False
2021,United States of America,Bahamas,7655.107,8.0,50.10824799705608,0.34739999999999993,0.00019107079689344774,474,4.79017910673598e-05,0.8771989563752898,618,False
2021,Thailand,Belgium,5791.562,6.0,63.78538294159676,0.3766999999999999,0.00019058207189955178,475,3.6240668207206044e-05,0.877235197043497,665,False
2021,India,Egypt,6419.504000000001,6.0,134.4161480388516,0.3436,0.00019039579921495837,476,4.017001191022941e-05,0.8772753670554072,647,False
2021,Latvia,Portugal,17530.61,18.0,19.94899207728653,0.1785,0.0001900296690839582,477,0.00010969769821680721,0.877385064753624,453,False
2021,Uruguay,Spain,7158.986,7.0,36.67991528409191,0.3047,0.00018806826893912282,478,4.479731656607201e-05,0.87742986207019,629,False
2021,Russian Federation,Viet Nam,8916.804,9.0,64.97473758535008,0.2504,0.00018754431722557127,479,5.579685328978395e-05,0.8774856589234798,579,False
2021,Thailand,Viet Nam,5310.725,5.0,63.75758488718583,0.4161999999999999,0.0001873348921162051,480,3.3231833254088335e-05,0.877518890756734,679,False
2021,France,Nigeria,7599.832,8.0,160.46104703367126,0.2829,0.00018716167854888684,481,4.7555908050799966e-05,0.8775664466647848,620,False
2021,Spain,Belgium,4962.818,5.0,71.61394997761352,0.4711000000000001,0.00018588187766319805,482,3.105480706426866e-05,0.877597501471849,691,False
2021,Canada,Kenya,10543.408,11.0,22.664777840333983,0.20380000000000004,0.0001844768314703825,483,6.597531911101045e-05,0.87766347679096,544,False
2021,United States of America,Belgium,5509.218,6.0,41.036677074677385,0.4731000000000001,0.00018159391594386003,484,3.4473902138864656e-05,0.8776979506930989,673,False
2021,Germany,Suriname,11714.0,12.0,30.668857777018953,0.1759,0.00018010382590355278,485,7.330029228370716e-05,0.8777712509853826,524,False
2021,Cambodia,Australia,11205.014000000001,11.0,64.17278907460535,0.1835,0.00017961233819521294,486,7.01153151137981e-05,0.8778413663004964,532,False
2021,Russian Federation,Japan,15960.378,16.0,30.83109936368675,0.2524,0.0001792612346160989,487,9.987197988376725e-05,0.8779412382803802,472,False
2021,Canada,Sri Lanka,10810.528,11.0,28.574089998194353,0.3552,0.00017824231771396644,488,6.764682108086052e-05,0.878008885101461,538,False
2021,Costa Rica,Nicaragua,8109.167,8.0,22.31647220978431,0.2507,0.00017772489893955258,489,5.0743069086340515e-05,0.8780596281705474,604,False
2021,India,Chile,7976.39,8.0,44.18214254819536,0.2526,0.0001757354287837564,490,4.991221771972332e-05,0.8781095403882672,607,False
2021,Guyana,Poland,11780.812,12.0,29.311561885547448,0.1704,0.00017547182565345713,491,7.371836801599836e-05,0.8781832587562831,523,False
2021,Latvia,"Congo, Dem. Rep. of the",12696.236,13.0,41.08028552714363,0.158,0.000175308057432225,492,7.944662879485445e-05,0.878262705385078,513,False
2021,Bulgaria,"Korea, Republic of",10949.838,11.0,50.2516110284006,0.1826,0.00017463339842221289,493,6.85185526600003e-05,0.878331223937738,537,False
2021,Argentina,Belgium,7510.705,8.0,30.30367988091664,0.3098000000000001,0.00017337740491655998,494,4.6998196325482394e-05,0.8783782221340635,622,False
2021,Thailand,Italy,6723.235000000001,7.0,79.93294894496474,0.2945,0.0001729127160791124,495,4.207060701656564e-05,0.87842029274108,635,False
2021,Myanmar,Viet Nam,8727.605000000001,9.0,52.783667455160945,0.2298,0.00017264916453990043,496,5.461294156024792e-05,0.8784749056826403,584,False
2021,Cambodia,Spain,10973.425000000001,11.0,52.013751403960015,0.1798,0.000172391351759377,497,6.866614818621644e-05,0.8785435718308265,536,False
2021,Pakistan,Philippines,9514.571,10.0,43.7007617053885,0.2052,0.0001706144062934026,498,5.953737709186306e-05,0.8786031092079184,565,False
2021,Russian Federation,Dominican Republic,9342.9,9.0,62.70611908508065,0.2089,0.00017049804182366174,499,5.846314672848281e-05,0.8786615723546469,568,False
2021,Guyana,United Kingdom,8499.858,8.0,31.831943545409818,0.2293,0.00017035638750949875,500,5.3187815927096345e-05,0.878714760170574,593,False
2021,Greece,Cyprus,18631.92,19.0,24.4552896319864,0.2567,0.00016696021729826176,501,0.000116589139645437,0.8788313493102194,440,False
2021,Brazil,Qatar,7699.539,8.0,17.087126904610784,0.2475,0.00016660914456543044,502,4.817982406947263e-05,0.8788795291342889,615,False
2021,Pakistan,Viet Nam,6341.127,6.0,55.94305239431413,0.3006,0.00016653216857333573,503,3.967956825235677e-05,0.8789192087025413,650,False
2021,Russian Federation,Ukraine,12706.404999999999,13.0,39.52967027259088,0.2972,0.00016307693322982424,504,7.951026125791003e-05,0.8789987189637992,512,False
2021,Japan,Singapore,4847.507,5.0,71.979060576911,0.38260000000000005,0.0001618535838500356,505,3.0333249099139186e-05,0.8790290522128984,697,False
2021,Australia,Sri Lanka,11268.757,11.0,21.990446683693687,0.2999,0.0001606416487654252,506,7.051418659502057e-05,0.8790995663994934,529,False
2021,Uruguay,Costa Rica,8546.784,9.0,47.5844481386215,0.2147,0.00016034420793729928,507,5.348145512085639e-05,0.8791530478546142,591,False
2021,United States of America,Cambodia,11479.645,11.0,36.31915446862686,0.1832,0.0001580201862865904,508,7.183381712593457e-05,0.8792248816717402,525,False
2021,Italy,Cyprus,7516.436000000001,8.0,17.7960671786469,0.2585,0.00015781970186281102,509,4.703405802729885e-05,0.8792719157297675,621,False
2021,United Kingdom,Belgium,3750.455,4.0,26.865273680126812,0.5255,0.00015769229598142472,510,2.346845208271222e-05,0.8792953841818502,746,False
2021,Argentina,Guinea,10625.236,11.0,50.58212354059712,0.1696,0.00015745603428474528,511,6.648735738290657e-05,0.8793618715392331,540,False
2021,India,New Zealand,9084.753,9.0,79.39588451111439,0.2156,0.00015570203193221856,512,5.6847793258091646e-05,0.8794187193324912,574,False
2021,Italy,Brazil,5665.234,6.0,51.581452769647285,0.312,0.00015443986268491212,513,3.5450171423561165e-05,0.8794541695039148,670,False
2021,Mexico,Japan,5072.9710000000005,5.0,24.6559659024268,0.3442,0.00015258236761918228,514,3.174408887201385e-05,0.8794859135927867,687,False
2021,Cambodia,Brunei Darussalam,10001.859,10.0,40.500171018207716,0.1738,0.00015191647278880552,515,6.258657914294238e-05,0.8795485001719296,556,False
2021,Argentina,Germany,7767.9220000000005,8.0,30.406973705451726,0.31039999999999995,0.00015080616605246403,516,4.860773032585275e-05,0.8795971079022555,613,False
2021,Poland,Netherlands (Kingdom of the),14913.583999999999,15.0,30.619132195185276,0.3969,0.000150715412665437,517,9.332167203326093e-05,0.8796904295742888,483,False
2021,India,Namibia,10594.199,11.0,66.66837200245153,0.2054,0.00014979880175572955,518,6.629314352157745e-05,0.8797567227178104,541,False
2021,Thailand,Iran (Islamic Republic of),7793.474,8.0,42.64734828139543,0.2193,0.00014935753921833331,519,4.876762182904835e-05,0.8798054903396394,612,False
2021,Brazil,Jamaica,6389.519,6.0,24.435485675838823,0.2665,0.0001488560056307393,520,3.998238093326791e-05,0.8798454727205727,648,False
2021,Viet Nam,Togo,7321.915,7.0,46.83556146172142,0.2296,0.0001468997196783179,521,4.5816843911256594e-05,0.8798912895644839,626,False
2021,United Kingdom,Ireland,13772.444,14.0,22.161280888127045,0.2515,0.00014587316437194054,522,8.618099459287937e-05,0.8799774705590768,500,False
2021,Canada,Namibia,8848.764000000001,9.0,40.70444188589502,0.1885,0.00014576951849731346,523,5.5371093354067426e-05,0.8800328416524309,580,False
2021,Myanmar,Poland,9627.078,10.0,38.989816016864104,0.172,0.00014471355481232838,524,6.0241389042005034e-05,0.8800930830414729,563,False
2021,United States of America,Netherlands (Kingdom of the),5316.736000000001,5.0,56.07970754989527,0.5059,0.0001441281674432841,525,3.326944705440568e-05,0.8801263524885273,678,False
2021,Romania,Philippines,8624.148000000001,9.0,8.848062440486874,0.1905,0.0001436597216672261,526,5.396555993665261e-05,0.880180318048464,588,False
2021,Cambodia,Germany,8803.806,9.0,60.17499704105247,0.1832,0.00014090134823356424,527,5.5089768909770775e-05,0.8802354078173737,581,False
2021,India,France,4365.724,4.0,101.77922378968528,0.3706,0.00013923565762610245,528,2.731849455608632e-05,0.8802627263119298,718,False
2021,Thailand,Netherlands (Kingdom of the),4675.642,5.0,80.1990400462653,0.3398,0.0001379916469323173,529,2.92578047817976e-05,0.8802919841167116,708,False
2021,Argentina,Cameroon,8402.441,8.0,30.266680837151963,0.20049999999999998,0.00013785214652306885,530,5.2578229571163115e-05,0.8803445623462828,594,False
2021,India,Netherlands (Kingdom of the),4703.76,5.0,92.85550283177713,0.3663,0.0001374199486894018,531,2.9433753016254946e-05,0.880373996099299,706,False
2021,Pakistan,Bahrain,6615.049,7.0,43.86649290126196,0.2413,0.00013652887036801853,532,4.1393633700789205e-05,0.8804153897329998,639,False
2021,Guyana,Germany,9009.173,9.0,33.287517067326824,0.1731,0.00013630544972645465,533,5.637485181274398e-05,0.8804717645848126,577,False
2021,Uruguay,Portugal,5233.08,5.0,36.09384912900242,0.2987,0.00013536903887800242,534,3.274597008229659e-05,0.8805045105548949,684,False
2021,Russian Federation,Nicaragua,9067.421,9.0,18.320644866936252,0.1704,0.00013508358140593653,535,5.673933836088649e-05,0.8805612498932558,575,False
2021,Cyprus,Greece,5865.792,6.0,15.557319454900547,0.2567,0.0001315919866775345,536,3.670516203478156e-05,0.8805979550552906,664,False
2021,India,Italy,4403.868,4.0,95.21266304984619,0.37,0.00013069083473155524,537,2.7557180431864857e-05,0.8806255122357225,716,False
2021,Canada,Viet Nam,4476.205,4.0,14.499782740066642,0.3487,0.0001300833589453741,538,2.8009828822075414e-05,0.8806535220645446,713,False
2021,Australia,Egypt,8001.723,8.0,18.079731077919092,0.24979999999999997,0.00012780378701507023,539,5.007073883159144e-05,0.8807035928033762,606,False
2021,Denmark,Romania,6597.27,7.0,23.85335146204415,0.2204,0.00012711049815763097,540,4.128238170347727e-05,0.8807448751850796,640,False
2021,China,Libya,7505.388,8.0,36.613030532199005,0.1924,0.0001262069338696594,541,4.69649252264494e-05,0.8807918401103061,623,False
2021,Canada,United Arab Emirates,5002.446,5.0,20.79682619262657,0.29840000000000005,0.00012608389741948996,542,3.1302779062101905e-05,0.8808231428893681,688,False
2021,Estonia,Germany,20374.170000000002,20.0,14.60113467198909,0.24259999999999998,0.00012562312855836098,543,0.00012749125969249941,0.8809506341490606,431,False
2021,Ukraine,United States of America,5446.877,5.0,50.934140792971824,0.2609,0.00012405085043073848,544,3.408380366513591e-05,0.8809847179527257,675,False
2021,United States of America,"Congo, Dem. Rep. of the",8616.456,9.0,50.22505772674984,0.16440000000000002,0.0001237536916632015,545,5.391742728783527e-05,0.8810386353800136,589,False
2021,Guyana,France,7691.115,8.0,24.37422922424122,0.1819,0.0001222991617290603,546,4.812711093457439e-05,0.8810867624909482,616,False
2021,Cambodia,United Kingdom,7670.566,8.0,57.265396060733984,0.182,0.00012196661045485103,547,4.799852567709292e-05,0.8811347610166252,617,False
2021,United States of America,Sri Lanka,3122.327,3.0,14.85975043613305,0.4427,0.00012085452317519803,548,1.95379444856847e-05,0.881154298961111,780,False
2021,India,Morocco,4748.6449999999995,5.0,81.68624944589457,0.3611,0.00012067166287620779,549,2.9714620663442425e-05,0.8811840135817745,702,False
2021,Italy,Australia,4606.009999999999,5.0,141.03725350140363,0.3022000000000001,0.00012064501148970653,550,2.8822082914604574e-05,0.8812128356646891,710,False
2021,Brazil,Belgium,4187.43,4.0,24.729488015322044,0.32799999999999996,0.00012001179180815237,551,2.620282080566535e-05,0.8812390384854948,727,False
2021,Uruguay,Gambia,7912.166,8.0,21.38681114627777,0.1733,0.0001198723381440191,552,4.9510336383576076e-05,0.8812885488218783,608,False
2021,Romania,United Arab Emirates,8347.525,8.0,34.469498444149615,0.23690000000000003,0.00011918235253711575,553,5.22345929951812e-05,0.8813407834148735,595,False
2021,Argentina,Mauritania,14435.691,14.0,22.051109295703267,0.1749,0.00011914094734840193,554,9.033125914438117e-05,0.8814311146740179,491,False
2021,Thailand,French Polynesia,7063.197,7.0,68.33746814650647,0.1926,0.00011882625875121341,555,4.4197917411422536e-05,0.8814753125914293,631,False
2021,Pakistan,Qatar,4715.941,5.0,44.154072326180504,0.3051,0.00011787362702754844,556,2.950997555853835e-05,0.8815048225669878,705,False
2021,Ukraine,Poland,15001.207,15.0,49.998843426398956,0.2233,0.00011613640804601636,557,9.386997248663086e-05,0.8815986925394744,482,False
2021,Canada,"Tanzania, United Republic of",6653.4800000000005,7.0,23.39843209869121,0.1965,0.00011429324643226779,558,4.163411547753116e-05,0.881640326654952,638,False
2021,United Kingdom,Algeria,6892.973,7.0,38.422898218228916,0.18840000000000004,0.0001134953848528139,559,4.31327416427951e-05,0.8816834593965948,632,False
2021,Pakistan,Netherlands (Kingdom of the),3784.922,4.0,91.22248754399695,0.3431,0.00011338348394736083,560,2.3684129150677266e-05,0.8817071435257454,743,False
2021,United States of America,India,3946.136,4.0,64.95341265480967,0.36130000000000007,0.00011310697180384353,561,2.4692924892543883e-05,0.8817318364506379,732,False
2021,India,Greece,4354.42,4.0,55.36282673697071,0.3181,0.00011271039836715316,562,2.724775983660749e-05,0.8817590842104746,720,False
2021,India,Belgium,3516.426,4.0,62.925254221189356,0.37720000000000004,0.00011080167690473569,563,2.200401686819423e-05,0.8817810882273428,760,False
2021,Russian Federation,Ghana,5297.776,5.0,36.30221436315918,0.239,0.00011066210279905213,564,3.315080495591677e-05,0.8818142390322987,680,False
2021,Russian Federation,Belgium,5291.858,5.0,31.510293738040588,0.30829999999999996,0.00010993584316093134,565,3.311377310260151e-05,0.8818473528054013,681,False
2021,Sweden,Netherlands (Kingdom of the),3296.302,3.0,29.37746602101385,0.3885,0.00010927822040258534,566,2.0626592116729426e-05,0.881867979397518,770,False
2021,United States of America,Senegal,5254.9710000000005,5.0,34.92293297146644,0.23549999999999996,0.00010807297655810542,567,3.288295289759305e-05,0.8819008623504156,683,False
2021,China,Mozambique,5939.12,6.0,202.51636606096525,0.2084,0.00010784851795476677,568,3.7164011602186346e-05,0.8819380263620178,661,False
2021,Brazil,Trinidad and Tobago,4755.312,5.0,44.70074729060891,0.2589,0.00010686264840352482,569,2.9756339380247573e-05,0.8819677827013981,701,False
2021,Thailand,Sweden,4773.905,5.0,67.142726970897,0.2543,0.00010604357211127235,570,2.9872684978201385e-05,0.8819976553863763,700,False
2021,Netherlands (Kingdom of the),Israel,7249.012999999999,7.0,36.34660332379043,0.2991,0.00010443451894715114,571,4.536066003657101e-05,0.8820430160464129,628,False
2021,Argentina,Costa Rica,6457.264,6.0,46.45496916341038,0.21429999999999996,0.00010391900811998417,572,4.0406294908063856e-05,0.882083422341321,645,False
2021,Argentina,Madagascar,10002.627999999999,10.0,32.39618628224503,0.1182,0.00010332068617089515,573,6.259139115632518e-05,0.8821460137324773,555,False
2021,Argentina,Qatar,5337.775,5.0,19.938270159382892,0.24800000000000003,0.00010252522324786868,574,3.34010984842637e-05,0.8821794148309615,677,False
2021,Germany,Algeria,4974.158,5.0,33.983238972304456,0.2345,0.00010169145342272718,575,3.1125767053554745e-05,0.8822105405980151,690,False
2021,United States of America,Grenada,9266.890000000001,9.0,53.92305293361634,0.23709999999999998,0.00010155601087975497,576,5.7987514560437356e-05,0.8822685281125755,569,False
2021,Pakistan,Togo,4238.8,4.0,23.168585448711898,0.2729,0.00010112473441624004,577,2.65242683056324e-05,0.8822950523808811,724,False
2021,France,Romania,4927.851,5.0,240.80821437174137,0.2339,0.00010036446555017093,578,3.083600124898059e-05,0.8823258883821301,692,False
2021,Lithuania,Benin,6382.3150000000005,6.0,38.34987774812117,0.17989999999999998,0.00010034614551554763,579,3.9937301941837846e-05,0.882365825684072,649,False
2021,India,Portugal,3885.1800000000003,4.0,56.76184887186694,0.3424,9.966196600834461e-05,580,2.43114930488999e-05,0.8823901371771209,735,False
2021,United States of America,Madagascar,8167.107,8.0,72.77766778370848,0.16900000000000004,9.886559585766143e-05,581,5.110562832613204e-05,0.882441242805447,602,False
2021,Canada,Algeria,6203.881,6.0,28.493615528731127,0.1817,9.853428716604678e-05,582,3.8820752142166425e-05,0.8824800635575891,652,False
2021,Russian Federation,Germany,8264.743,8.0,19.690146444965077,0.2979,9.852664064258982e-05,583,5.171658507339276e-05,0.8825317801426625,597,False
2021,India,Fiji,6586.863,7.0,47.727575326828564,0.17119999999999996,9.847219817244697e-05,584,4.121725995669594e-05,0.8825729974026192,641,False
2021,India,Myanmar,7338.484,7.0,172.13582532850108,0.18139999999999998,9.843041125855484e-05,585,4.5920524340046826e-05,0.8826189179269592,625,False
2021,Pakistan,Gambia,6421.513,6.0,34.40575453168124,0.17330000000000004,9.726538712012972e-05,586,4.01825832169733e-05,0.8826591005101762,646,False
2021,Argentina,Uruguay,3572.371,4.0,49.72551843019664,0.3492,9.685024657991218e-05,587,2.2354092406166916e-05,0.8826814546025823,756,False
2021,France,Suriname,5982.900000000001,6.0,26.804058232629657,0.1847,9.624197763293682e-05,588,3.743796471778996e-05,0.8827188925673001,660,False
2021,Russian Federation,Indonesia,4461.077,4.0,42.8788832831175,0.24640000000000004,9.605686090029432e-05,589,2.7915165443070132e-05,0.8827468077327432,714,False
2021,Spain,Cyprus,4878.898,5.0,20.695452128738907,0.27080000000000004,9.478263876705428e-05,590,3.052967811357302e-05,0.8827773374108567,694,False
2021,United States of America,Ghana,5617.121000000001,6.0,51.72382791825206,0.25089999999999996,9.460787984347329e-05,591,3.514910458365627e-05,0.8828124865154404,671,False
2021,Viet Nam,Sudan,6060.139,6.0,63.055484370903045,0.1783,9.439095998622693e-05,592,3.792128734675541e-05,0.8828504078027872,657,False
2021,China,United Arab Emirates,2137.467,2.0,32.91606373338161,0.4831,9.021882436081856e-05,593,1.3375188308586196e-05,0.8828637829910958,870,False
2021,France,Libya,4117.883,4.0,39.845231153969166,0.24940000000000004,8.974818360865017e-05,594,2.5767630825517235e-05,0.8828895506219213,729,False
2021,India,Japan,10054.588,10.0,28.251779187769802,0.28030000000000005,8.875008723314074e-05,595,6.29165305781334e-05,0.8829524671524994,552,False
2021,Bulgaria,Romania,9144.588,9.0,24.613027946146946,0.23300000000000004,8.843394620007996e-05,596,5.722221045023742e-05,0.8830096893629497,572,False
2021,China,Pakistan,2575.962,3.0,144.60384120573207,0.3898,8.676982176346345e-05,597,1.6119068423401303e-05,0.883025808431373,824,False
2021,Argentina,India,3901.578,4.0,49.9643990200888,0.254,8.659118580459415e-05,598,2.4414103446105652e-05,0.8830502225348191,734,False
2021,Guyana,Saint Lucia,5756.93,6.0,40.369954124854736,0.1716,8.6334344378932e-05,599,3.602395865262441e-05,0.8830862464934718,666,False
2021,India,Ukraine,3519.378,4.0,66.23272635107679,0.2817,8.570381164597615e-05,600,2.2022488992389342e-05,0.8831082689824642,759,False
2021,Belgium,Greece,2308.304,2.0,79.25472554741489,0.4243,8.553317735176628e-05,601,1.4444199921431653e-05,0.8831227131823857,845,False
2021,Argentina,Gambia,6171.862999999999,6.0,174.18468297173806,0.1731,8.539614361119476e-05,602,3.862039967858953e-05,0.8831613335820643,653,False
2021,Thailand,Guinea,5897.062,6.0,11.057540178482098,0.1654,8.528597237383921e-05,603,3.690083389236322e-05,0.8831982344159567,662,False
2021,Peru,Spain,3742.463,4.0,58.839860273835704,0.2648,8.52397315720179e-05,604,2.3418442185501073e-05,0.8832216528581421,747,False
2021,United Arab Emirates,Iran (Islamic Republic of),7765.026,8.0,36.88384301610838,0.2436,8.426540616230098e-05,605,4.858960862135782e-05,0.8832702424667634,614,False
2021,Pakistan,Algeria,5275.436,5.0,77.79489695259312,0.1812,8.348274961682126e-05,606,3.3011012525524244e-05,0.883303253479289,682,False
2021,India,Sweden,3798.727,4.0,60.5118504172582,0.25240000000000007,8.331539794679012e-05,607,2.377051386426584e-05,0.8833270239931532,742,False
2021,Argentina,Togo,4690.115,5.0,24.4582488915517,0.2295,8.323166109695947e-05,608,2.934836950180973e-05,0.8833563723626551,707,False
2021,Brazil,Cabo Verde,5718.496,6.0,48.13818178765885,0.1662,8.222082506789329e-05,609,3.5783458103398524e-05,0.8833921558207585,667,False
2021,Morocco,Spain,2177.85,2.0,31.411254218610097,0.4355,8.198937699408099e-05,610,1.362788471487721e-05,0.8834057837054734,860,False
2021,Viet Nam,Cambodia,6791.087,7.0,40.86341406022335,0.2422,8.178292982338842e-05,611,4.249519054328872e-05,0.8834482788960167,634,False
2021,South Africa,Mozambique,3282.3150000000005,3.0,173.9114009471973,0.2846,8.132093041425884e-05,612,2.0539068539115272e-05,0.8834688179645559,771,False
2021,United States of America,Thailand,4571.013000000001,5.0,28.912409568732354,0.39459999999999995,8.072615156436472e-05,613,2.8603089374477136e-05,0.8834974210539304,711,False
2021,India,Algeria,4903.738,5.0,104.56880037228743,0.1868,7.971930751702413e-05,614,3.068511428058064e-05,0.883528106168211,693,False
2021,Russian Federation,Poland,3551.5750000000003,4.0,55.025164891632585,0.26879999999999993,7.96963261308929e-05,615,2.222396154750788e-05,0.8835503301297585,757,False
2021,Canada,Morocco,3198.572,3.0,18.568911376701852,0.2815,7.871938297686688e-05,616,2.001504716497198e-05,0.8835703451769235,774,False
2021,India,Seychelles,9052.896,9.0,46.041067963224144,0.18670000000000003,7.821194037735395e-05,617,5.6648448251152766e-05,0.8836269936251746,576,False
2021,Uruguay,United States of America,2976.775,3.0,30.624081430407067,0.2985,7.762259890578586e-05,618,1.862715362496435e-05,0.8836456207787996,789,False
2021,Croatia,Malta,3762.4330000000004,4.0,31.67684314910059,0.2709,7.575594986547879e-05,619,2.3543404353582486e-05,0.8836691641831532,745,False
2021,France,Cyprus,3174.374,3.0,20.96192824159976,0.2702,7.49843551169658e-05,620,1.9863628309527114e-05,0.8836890278114627,778,False
2021,Denmark,Netherlands (Kingdom of the),2282.1380000000004,2.0,26.30296677939721,0.3819999999999999,7.493479572022178e-05,621,1.4280466316523383e-05,0.8837033082777793,848,False
2021,Viet Nam,Sweden,3109.495,3.0,52.68508230436132,0.27480000000000004,7.44438566555421e-05,622,1.9457648314386717e-05,0.8837227659260937,782,False
2021,Mexico,Peru,2326.509,2.0,226.87038820825538,0.361,7.314999517828596e-05,623,1.4558117611462802e-05,0.8837373240437051,839,False
2021,Argentina,Thailand,3843.133,4.0,14.921679785737314,0.251,7.313328851175171e-05,624,2.404838417151787e-05,0.8837613724278766,737,False
2021,India,Comoros,4874.143,5.0,81.0827667550993,0.1698,7.227534909168292e-05,625,3.0499923726531098e-05,0.8837918723516031,695,False
2021,Pakistan,Ghana,2958.368,3.0,27.447227660656146,0.2775,7.17616387709708e-05,626,1.8511971921014698e-05,0.8838103843235241,791,False
2021,Estonia,United States of America,4727.79,5.0,16.108795018391255,0.1723,7.122132316676197e-05,627,2.9584120612599274e-05,0.8838399684441367,704,False
2021,Romania,Qatar,3399.007,3.0,35.37268384560549,0.23829999999999998,7.079308028603773e-05,628,2.1269268104350917e-05,0.883861237712241,765,False
2021,Myanmar,Indonesia,3661.936,4.0,32.379593744948025,0.2209,7.070412923880356e-05,629,2.2914544914139447e-05,0.8838841522571551,751,False
2021,Netherlands (Kingdom of the),Ireland,3334.0980000000004,3.0,50.93461559918154,0.2422,7.050966260637168e-05,630,2.0863100384371138e-05,0.8839050153575395,767,False
2021,Japan,United States of America,1792.49,2.0,86.56338389614447,0.4519,7.036927731803522e-05,631,1.1216496578079413e-05,0.8839162318541176,914,False
2021,United Kingdom,Morocco,1759.708,2.0,47.283412929872455,0.4574,7.033272598989231e-05,632,1.1011363388592946e-05,0.8839272432175062,916,False
2021,United Kingdom,Sweden,3329.6349999999998,3.0,15.391176510338221,0.2417,7.016751010990982e-05,633,2.0835173185765858e-05,0.8839480783906919,769,False
2021,India,Ghana,2723.208,3.0,47.899756463700164,0.2945999999999999,7.010179678129738e-05,634,1.7040459480052042e-05,0.8839651188501719,805,False
2021,Suriname,Netherlands (Kingdom of the),3410.175,3.0,25.913626133556196,0.235,7.005413908809353e-05,635,2.1339151804557887e-05,0.8839864580019765,763,False
2021,Thailand,Ecuador,3177.188,3.0,455.72562907829183,0.251,6.91679348848408e-05,636,1.9881236899461072e-05,0.884006339238876,777,False
2021,India,Lebanon,2650.5719999999997,3.0,94.42942881762882,0.2973,6.877631391438809e-05,637,1.658594009894231e-05,0.8840229251789748,812,False
2021,Russian Federation,Peru,3801.837,4.0,14.847559219398413,0.2062,6.854229684378052e-05,638,2.3789974672615023e-05,0.8840467151536474,741,False
2021,Germany,Denmark,2646.8990000000003,3.0,32.63592604024558,0.38289999999999996,6.824857967774745e-05,639,1.6562956321107412e-05,0.8840632781099685,813,False
2021,United States of America,Singapore,2262.153,2.0,56.007263876492885,0.44350000000000006,6.779284286994915e-05,640,1.415541028602228e-05,0.8840774335202546,850,False
2021,Italy,Israel,2074.188,2.0,41.41524297701076,0.3763000000000001,6.748732908256086e-05,641,1.2979220304879461e-05,0.8840904127405594,881,False
2021,Thailand,Russian Federation,3064.6710000000003,3.0,31.71107110681701,0.2488,6.664656859208653e-05,642,1.917716237437264e-05,0.8841095899029338,783,False
2021,China,Morocco,1661.1550000000002,2.0,42.18570813680842,0.456,6.619543550746688e-05,643,1.0394668518741811e-05,0.8841199845714525,925,False
2021,Germany,Tunisia,4330.6720000000005,4.0,50.61916487787576,0.1721,6.512244339045104e-05,644,2.7099156853753347e-05,0.8841470837283062,721,False
2021,United States of America,Argentina,2613.8480000000004,3.0,351.39992838145133,0.3027,6.487752660823954e-05,645,1.635613986556116e-05,0.8841634398681718,818,False
2021,Pakistan,Senegal,3612.422,4.0,38.026288180063126,0.2049,6.468956526318715e-05,646,2.2604711324235444e-05,0.884186044579496,754,False
2021,Ukraine,Philippines,8802.3,9.0,42.40300830464765,0.19050000000000003,6.430643472300362e-05,647,5.508034512283383e-05,0.8842411249246188,582,False
2021,Sweden,United Kingdom,3004.0,3.0,16.712050599201064,0.24169999999999997,6.348020997706934e-05,648,1.8797513916702776e-05,0.8842599224385356,786,False
2021,Suriname,France,3929.154,4.0,33.47030938466652,0.1847,6.34301398093171e-05,649,2.458666011846484e-05,0.8842845090986541,733,False
2021,Romania,Malta,2918.9669999999996,3.0,15.255396857861019,0.24750000000000003,6.315353441732777e-05,650,1.8265420374466094e-05,0.8843027745190285,794,False
2021,Argentina,Italy,4806.083,5.0,30.748948780118866,0.26,6.205843646576005e-05,651,3.0074038640921643e-05,0.8843328485576695,699,False
2021,Morocco,United Kingdom,1542.3,2.0,30.075860727484926,0.4574,6.166252835064604e-05,652,9.65093399258678e-06,0.8843424994916621,945,False
2021,Senegal,Gambia,4101.764,4.0,23.70760482563112,0.1714,6.145937897601803e-05,653,2.5666766269317724e-05,0.8843681662579315,730,False
2021,Iran (Islamic Republic of),Oman,3667.5840000000003,4.0,28.49723414651171,0.213,6.082490777755275e-05,654,2.294988724390028e-05,0.8843911161451754,750,False
2021,Germany,Italy,4236.687,4.0,36.80234107452356,0.37689999999999996,6.037089075145675e-05,655,2.6511046219445315e-05,0.8844176271913948,725,False
2021,Pakistan,"China, Hong Kong SAR",2252.0370000000003,2.0,23.90369252370187,0.3007,5.919894921164763e-05,656,1.4092109470182947e-05,0.8844317193008651,853,False
2021,Cambodia,Netherlands (Kingdom of the),3651.391,4.0,69.47817968549519,0.183,5.8365363719298035e-05,657,2.284855963309696e-05,0.8844545678604981,752,False
2021,Ecuador,Guatemala,2096.467,2.0,32.46747981246545,0.3176,5.819773134993937e-05,658,1.3118631028098575e-05,0.8844676864915263,878,False
2021,Australia,Pakistan,2672.688,3.0,39.90327340864328,0.24619999999999997,5.7093636444162004e-05,659,1.6724330850534125e-05,0.8844844108223768,810,False
2021,Argentina,Greece,2600.16,3.0,42.691988185342446,0.2512,5.7079041533216496e-05,660,1.6270487278846167e-05,0.8845006813096556,820,False
2021,Argentina,Bahrain,2740.792,3.0,27.859465439186923,0.23560000000000003,5.6435584854057054e-05,661,1.7150491265908e-05,0.8845178318009216,804,False
2021,Estonia,Spain,3694.76,4.0,28.29520726650716,0.1739,5.6163779371300384e-05,662,2.3119940918401048e-05,0.88454095174184,749,False
2021,Croatia,Cyprus,6471.91,6.0,17.08444647716053,0.19670000000000004,5.594546189259122e-05,663,4.0497942174649756e-05,0.8845814496840146,644,False
2021,Suriname,Brazil,2825.37,3.0,64.99998230320277,0.2256,5.567951962383741e-05,664,1.767973764808073e-05,0.8845991294216627,798,False
2021,Cambodia,New Zealand,3529.456,4.0,77.48757882234543,0.1805,5.563749328953857e-05,665,2.208555202343213e-05,0.8846212149736862,758,False
2021,Italy,Morocco,1708.4379999999999,2.0,69.71689929631629,0.38880000000000003,5.4819914639758095e-05,666,1.0690541638090498e-05,0.8846319055153242,920,False
2021,Cambodia,Portugal,3617.522,4.0,60.86127465154324,0.1731,5.470436496948515e-05,667,2.2636624546930246e-05,0.8846545421398712,753,False
2021,Viet Nam,French Polynesia,3329.7580000000003,3.0,55.83769150791138,0.1877,5.460473262234298e-05,668,2.0835942857607327e-05,0.8846753780827288,768,False
2021,India,Ireland,3406.978,3.0,47.39801665875154,0.1819,5.4120891472549545e-05,669,2.1319146594174496e-05,0.884696697229323,764,False
2021,Denmark,Belgium,2630.43,3.0,27.266264451059335,0.23830000000000004,5.381114036104756e-05,670,1.6459901641781784e-05,0.8847131571309648,816,False
2021,China,Australia,2714.204,3.0,104.9195270510249,0.36469999999999997,5.329261066310404e-05,671,1.6984116998259102e-05,0.884730141247963,807,False
2021,Japan,Sao Tome and Principe,5604.307,6.0,72.97048502160928,0.1088,5.325606462908993e-05,672,3.506892104726191e-05,0.8847652101690102,672,False
2021,China,"China, Hong Kong SAR",1139.8519999999999,1.0,79.20063306464348,0.5506000000000001,5.311322410503081e-05,673,7.1326177872774596e-06,0.8847723427867975,1038,False
2021,Thailand,Lebanon,2233.976,2.0,53.97640798289686,0.2695,5.2602359902281977e-05,674,1.3979092859380827e-05,0.8847863218796569,857,False
2021,China,Solomon Islands,2455.108,2.0,62.97075322144687,0.24329999999999996,5.217320496922494e-05,675,1.536282516544884e-05,0.8848016847048223,831,False
2021,Bulgaria,Libya,6654.174999999999,7.0,30.228540728189447,0.1765,5.1676153580038414e-05,676,4.163846443631015e-05,0.8848433231692586,637,False
2021,Canada,Costa Rica,2624.424,3.0,64.72086827433372,0.22189999999999996,5.072056993320784e-05,677,1.642231912893767e-05,0.8848597454883875,817,False
2021,Thailand,Portugal,1596.253,2.0,71.0488876136803,0.3607,5.02899369426209e-05,678,9.988544601224551e-06,0.8848697340329887,936,False
2021,Bulgaria,China,3144.587,3.0,58.563175386783705,0.1826,5.016446984001907e-05,679,1.9677236316505537e-05,0.8848894112693052,779,False
2021,Romania,Ukraine,1855.537,2.0,123.90860435550464,0.3104,5.00507380255211e-05,680,1.161101284302827e-05,0.8849010222821483,909,False
2021,China,Thailand,1363.596,1.0,46.95745660738225,0.4459000000000001,4.984066749495043e-05,681,8.532694669360931e-06,0.8849095549768177,986,False
2021,Uruguay,Poland,2335.127,2.0,26.444386108335863,0.2426,4.952064943490734e-05,682,1.461204470032237e-05,0.884924167021518,838,False
2021,Italy,Kenya,2278.913,2.0,27.42447824905997,0.24849999999999997,4.9502990839268585e-05,683,1.4260285896289904e-05,0.8849384273074142,849,False
2021,China,Senegal,2641.822,3.0,29.791939048126633,0.2127,4.9114349775579e-05,684,1.6531187020789468e-05,0.8849549584944351,815,False
2021,Pakistan,Chile,2248.264,2.0,55.859987972942676,0.2499,4.908701974186693e-05,685,1.406849994288344e-05,0.884969026994378,855,False
2021,Thailand,Tunisia,3506.993,4.0,50.29493928274165,0.15860000000000002,4.859987359585434e-05,686,2.194498992119814e-05,0.8849909719842992,761,False
2021,Myanmar,Romania,3235.0,3.0,38.357341576506954,0.1716,4.851574895777973e-05,687,2.0242995179937908e-05,0.8850112149794791,773,False
2021,South Africa,United Arab Emirates,1520.1200000000001,2.0,64.29887114175196,0.3606,4.78839587974183e-05,688,9.512142761337624e-06,0.8850207271222404,947,False
2021,Guyana,United States of America,2324.5190000000002,2.0,25.683162839279866,0.2355,4.777336857620499e-05,689,1.4545665197117186e-05,0.8850352727874375,841,False
2021,Argentina,Benin,2596.68,3.0,61.21817089514303,0.20920000000000002,4.745598402721527e-05,690,1.624871119747795e-05,0.885051521498635,821,False
2021,India,Sierra Leone,3109.9240000000004,3.0,73.6770416254545,0.17209999999999998,4.670078306156378e-05,691,1.946033277958987e-05,0.8850709818314145,781,False
2021,United States of America,French Polynesia,2139.544,2.0,37.62437229615283,0.2626,4.5757482957643145e-05,692,1.3388185124966019e-05,0.8850843700165395,869,False
2021,Italy,Benin,1904.078,2.0,46.66090359743666,0.2736,4.552253485286924e-05,693,1.1914757890641673e-05,0.8850962847744301,904,False
2021,Cambodia,Saudi Arabia,2832.224,3.0,55.29682680465952,0.1832,4.533260245058581e-05,694,1.7722626516384688e-05,0.8851140074009465,796,False
2021,Bulgaria,Brazil,2968.925,3.0,58.30729978022348,0.1745,4.5261454570058386e-05,695,1.857803229199294e-05,0.8851325854332385,790,False
2021,Viet Nam,Oman,1301.095,1.0,52.8085958365838,0.3976,4.519937289383629e-05,696,8.141594996488814e-06,0.885140727028235,996,False
2021,Uruguay,Netherlands (Kingdom of the),2011.9070000000002,2.0,21.685893035811297,0.3062,4.5117900178699134e-05,697,1.2589497280829473e-05,0.8851533165255158,892,False
2021,Spain,Romania,2038.2,2.0,41.56755961142184,0.2532,4.509997299293051e-05,698,1.2754025587557789e-05,0.8851660705511033,888,False
2021,Russian Federation,Norway,2925.528,3.0,32.29229048568327,0.17730000000000004,4.509269047670012e-05,699,1.830647579683876e-05,0.8851843770269001,793,False
2021,Myanmar,Cameroon,3005.391,3.0,48.181085256460804,0.17139999999999997,4.5011709230918406e-05,700,1.880621809175542e-05,0.8852031832449919,785,False
2021,United States of America,Guinea,2989.665,3.0,10.73765789812571,0.1709,4.4675913893526544e-05,701,1.8707812730951798e-05,0.8852218910577229,788,False
2021,Pakistan,Kuwait,2154.103,2.0,45.92677323229205,0.2356,4.43453179231331e-05,702,1.347928798951771e-05,0.8852353703457124,867,False
2021,Uruguay,Sierra Leone,2912.241,3.0,44.7974601003145,0.1719,4.374652588485615e-05,703,1.8223332465476832e-05,0.8852535936781779,795,False
2021,Argentina,Denmark,2070.359,2.0,27.44982874950673,0.2417,4.374207589101721e-05,704,1.2955260357879774e-05,0.8852665489385357,882,False
2021,Bulgaria,Italy,2366.011,2.0,36.03913929394242,0.22530000000000006,4.365208250108153e-05,705,1.4805301164970656e-05,0.8852813542397007,836,False
2021,Thailand,Morocco,1635.6770000000001,2.0,60.69230049698076,0.3023,4.3196704292032535e-05,706,1.0235240070150016e-05,0.8852915894797708,928,False
2021,Argentina,Portugal,2325.82,2.0,37.26169694989294,0.2972,4.292177357888724e-05,707,1.4553806197651682e-05,0.8853061432859685,840,False
2021,Estonia,Saudi Arabia,2804.5110000000004,3.0,48.925463298236295,0.17039999999999997,4.175747732516164e-05,708,1.7549212567258996e-05,0.8853236924985357,800,False
2021,Poland,Ireland,2769.124,3.0,27.801571905050118,0.1816,4.153508899101206e-05,709,1.7327778604219593e-05,0.8853410202771399,802,False
2021,Romania,Thailand,2108.966,2.0,56.35842398597227,0.2252,4.149417397241411e-05,710,1.3196843453679422e-05,0.8853542171205936,877,False
2021,United States of America,Qatar,1839.9810000000002,2.0,63.46804668091681,0.2727,4.144947929532024e-05,711,1.1513671256314479e-05,0.8853657307918499,910,False
2021,United Arab Emirates,Oman,1867.414,2.0,49.321146783734086,0.42690000000000006,4.1309835766257105e-05,712,1.168533310693928e-05,0.8853774161249568,907,False
2021,Latvia,Togo,3000.0,3.0,24.367,0.1572,4.122638372083029e-05,713,1.877248393811862e-05,0.8853961886088949,787,False
2021,Japan,Benin,2260.29,2.0,59.1229444009397,0.2083,4.113209248923608e-05,714,1.414375257349671e-05,0.8854103323614684,851,False
2021,Togo,Ghana,1396.37,1.0,9.102888202983449,0.3629,4.109843387861874e-05,715,8.73777779889023e-06,0.8854190701392672,977,False
2021,Guyana,Barbados,1990.01,2.0,30.51291199541711,0.2329,4.051143945383994e-05,716,1.2452476920565144e-05,0.8854315226161878,894,False
2021,United States of America,France,1926.804,2.0,69.2301863604186,0.4652,4.0334048651221984e-05,717,1.2056965713967569e-05,0.8854435795819018,900,False
2021,China,Sierra Leone,2642.623,3.0,56.335315328747235,0.17450000000000002,4.028199906849106e-05,718,1.6536199274000945e-05,0.8854601157811758,814,False
2021,Guyana,Belgium,2009.349,2.0,18.68067717454758,0.2278,4.0017991221726355e-05,719,1.2573490609524902e-05,0.8854726892717854,893,False
2021,Pakistan,New Zealand,2159.297,2.0,77.47521531313201,0.2122,4.0016615737098466e-05,720,1.3511789416709239e-05,0.885486201061202,864,False
2021,Viet Nam,Bahrain,1965.698,2.0,43.10377280742006,0.2316,3.978405201720973e-05,721,1.2300344710730632e-05,0.8854985014059128,897,False
2021,South Africa,Benin,1590.22,2.0,62.275031127768486,0.2853,3.963340738915498e-05,722,9.950793136024996e-06,0.8855084521990488,938,False
2021,Ukraine,Russian Federation,3835.31,4.0,31.278306056094554,0.2972,3.932806175657553e-05,723,2.3999431790901904e-05,0.8855324516308397,738,False
2021,Viet Nam,Benin,2132.262,2.0,82.48751795042072,0.2111,3.930717641366096e-05,724,1.334261804895356e-05,0.8855457942488887,874,False
2021,Myanmar,Netherlands (Kingdom of the),2500.2870000000003,3.0,43.473809206703066,0.1798,3.928532434551272e-05,725,1.5645532516062262e-05,0.8855614397814048,829,False
2021,Thailand,Egypt,1506.083,2.0,76.35435762836443,0.2981,3.9209708530528536e-05,726,9.424306308991168e-06,0.8855708640877138,952,False
2021,Sri Lanka,United Arab Emirates,1015.4300000000001,1.0,62.098815280226106,0.4412,3.913637589703463e-05,727,6.354047788427929e-06,0.8855772181355023,1080,False
2021,Russian Federation,Lebanon,3984.105,4.0,36.10070517719789,0.2262,3.871951010181208e-05,728,2.4930515706759357e-05,0.885602148651209,731,False
2021,China,Germany,1367.916,1.0,127.34042148786915,0.47670000000000007,3.77971621474175e-05,729,8.559727046231822e-06,0.8856107083782553,985,False
2021,United States of America,Aruba,2135.29,2.0,56.70611486027659,0.2456,3.760156195557029e-05,730,1.3361565742741767e-05,0.885624069943998,873,False
2021,Lithuania,Denmark,2601.377,3.0,21.47401164844619,0.21939999999999998,3.7518449773824165e-05,731,1.6278102649830397e-05,0.8856403480466478,819,False
2021,Mexico,United States of America,1373.889,1.0,51.79676087369504,0.401,3.7331019600835785e-05,732,8.597103061752616e-06,0.8856489451497096,984,False
2021,Russian Federation,United States of America,1620.8600000000001,2.0,64.89024345100748,0.28409999999999996,3.691076650027769e-05,733,1.0142522771979648e-05,0.8856590876724816,931,False
2021,Russian Federation,Israel,2708.197,3.0,34.834615059391915,0.2719,3.6885240875002375e-05,734,1.694652822792034e-05,0.8856760342007095,809,False
2021,Spain,Libya,1625.9520000000002,2.0,51.31086280529806,0.2592999999999999,3.6808395023544586e-05,735,1.0174385934717282e-05,0.8856862085866443,930,False
2021,Ukraine,Oman,2056.02,2.0,76.53767959455648,0.2755,3.671198134348597e-05,736,1.2865534142150213e-05,0.8856990741207864,884,False
2021,Ukraine,Angola,2057.036,2.0,216.659309803037,0.2051,3.6374048149937055e-05,737,1.287189175671059e-05,0.8857119460125431,883,False
2021,Belgium,France,2045.1229999999998,2.0,31.077348403983528,0.48510000000000003,3.6033445837900105e-05,738,1.2797346222992319e-05,0.885724743358766,887,False
2021,Belgium,Ireland,1656.25,2.0,41.29026415094339,0.2493,3.6026340127971425e-05,739,1.0363975507502986e-05,0.8857351073342735,927,False
2021,Indonesia,Myanmar,1862.03,2.0,34.037045590028086,0.2209,3.594955779440016e-05,740,1.1651642755765003e-05,0.8857467589770293,908,False
2021,Mexico,Costa Rica,1354.439,1.0,55.453217162234694,0.3034,3.586329853764512e-05,741,8.475394790887149e-06,0.8857552343718201,987,False
2021,India,Thailand,1428.778,1.0,29.29006465665065,0.3137,3.554341269616615e-05,742,8.940570685379081e-06,0.8857641749425055,966,False
2021,China,Madagascar,2340.208,2.0,25.268266752357054,0.1732,3.542182314365612e-05,743,1.4643839030618898e-05,0.8857788187815361,837,False
2021,Lithuania,"Congo, Dem. Rep. of the",2531.323,3.0,45.7401129764949,0.1595,3.5281023736751297e-05,744,1.5839740119896744e-05,0.885794658521656,828,False
2021,China,Ghana,1089.645,1.0,37.059776349177945,0.3677,3.501706942749322e-05,745,6.818447753583754e-06,0.8858014769694096,1057,False
2021,New Zealand,Australia,2380.3630000000003,2.0,42.27800549748084,0.3272,3.474785092359187e-05,746,1.4895108728130617e-05,0.8858163720781377,834,False
2021,Argentina,Sierra Leone,2309.261,2.0,49.42879994942105,0.1719,3.468588030733893e-05,747,1.4450188343807912e-05,0.8858308222664815,844,False
2021,Japan,China,608.0790000000001,1.0,133.76222497405763,0.6499,3.4478179367522385e-05,748,3.8050510868690774e-06,0.8858346273175683,1225,False
2021,Thailand,Singapore,897.015,1.0,79.28518475164853,0.4384,3.4332980813213724e-05,749,5.613066559917157e-06,0.8858402403841282,1112,False
2021,Viet Nam,Israel,1576.506,2.0,55.15741773263152,0.249,3.429679488292816e-05,750,9.86497785444921e-06,0.8858501053619827,941,False
2021,Poland,Denmark,3179.4690000000005,3.0,22.840920921072037,0.22879999999999998,3.4289708094551266e-05,751,1.989551024474869e-05,0.8858700008722274,776,False
2021,Sri Lanka,Germany,887.38,1.0,53.13056413261511,0.441,3.419184663203552e-05,752,5.552775599002566e-06,0.8858755536478264,1115,False
2021,Thailand,Peru,2745.429,3.0,113.87291385062225,0.2636,3.3911709918135374e-05,753,1.7179507268581686e-05,0.885892733155095,803,False
2021,Brazil,Bahamas,1335.903,1.0,27.558138577426654,0.2886,3.3701355082067524e-05,754,8.359405870128158e-06,0.885901092560965,990,False
2021,Pakistan,Japan,1413.53,1.0,46.78570670590649,0.2724,3.364625089280528e-05,755,8.84515640701627e-06,0.885909937717372,974,False
2021,Russian Federation,Egypt,1390.479,1.0,55.01916965304762,0.2967,3.332743514273526e-05,756,8.700914897930413e-06,0.8859186386322699,979,False
2021,Trinidad and Tobago,Suriname,2027.66,2.0,28.608346566978685,0.2506,3.329443597759943e-05,757,1.2688071593988533e-05,0.8859313267038639,890,False
2021,Poland,Norway,2256.5220000000004,2.0,25.42319551947643,0.22469999999999996,3.316923993998486e-05,758,1.4120174333670435e-05,0.8859454468781975,852,False
2021,India,Jordan,1310.955,1.0,92.1343600657536,0.28959999999999997,3.30766728802204e-05,759,8.203293893698763e-06,0.8859536501720913,993,False
2021,Spain,Australia,1283.728,1.0,101.40076402477783,0.3015,3.300749898251091e-05,760,8.032921086971046e-06,0.8859616830931782,1000,False
2021,India,Brunei Darussalam,2718.752,3.0,35.74875531126046,0.1757,3.2741230313554703e-05,761,1.7012576083909287e-05,0.8859786956692621,806,False
2021,Antigua and Barbuda,"Korea, Republic of",2324.272,2.0,20.102208347387915,0.1611,3.273538904046868e-05,762,1.4544119595939612e-05,0.885993239788858,842,False
2021,Thailand,Mauritania,2209.296,2.0,31.982133675161684,0.1694,3.271211917833724e-05,763,1.3824657891516569e-05,0.8860070644467496,858,False
2021,Thailand,Norway,2244.3630000000003,2.0,89.12061016867591,0.16600000000000004,3.249250408710034e-05,764,1.404408945626924e-05,0.8860211085362059,856,False
2021,South Africa,United States of America,1257.298,1.0,73.30799858108419,0.297,3.2210360527811576e-05,765,7.86753550347622e-06,0.8860289760717094,1007,False
2021,Guyana,Saint Vincent and the Grenadines,2131.073,2.0,33.53474986544337,0.1728,3.218630970611176e-05,766,1.3335177887819418e-05,0.8860423112495972,875,False
2021,Chile,Netherlands (Kingdom of the),1149.428,1.0,99.54603507135722,0.3236,3.2173754398552225e-05,767,7.192539556007936e-06,0.8860495037891533,1034,False
2021,Portugal,Libya,1602.24,2.0,47.89607050129818,0.2288,3.203313295606376e-05,768,1.0026008221670391e-05,0.8860595297973749,935,False
2021,Netherlands (Kingdom of the),United States of America,719.315,1.0,47.28248402994515,0.5059,3.179831653649298e-05,769,4.5011097613159316e-06,0.8860640309071363,1185,False
2021,United States of America,Sweden,1832.775,2.0,56.32660855806086,0.24810000000000001,3.1776458518095544e-05,770,1.1468579749895117e-05,0.8860754994868861,912,False
2021,Russian Federation,Thailand,1456.18,1.0,39.61598154074359,0.24880000000000002,3.166259621645426e-05,771,9.112038553669856e-06,0.8860846115254398,961,False
2021,Pakistan,Maldives,2047.24,2.0,50.75809382387995,0.1767,3.1608117060282196e-05,772,1.2810593339157985e-05,0.886097422118779,886,False
2021,Thailand,Gambia,2093.141,2.0,31.178979342528763,0.1715,3.1376919017814316e-05,773,1.3097818600905848e-05,0.8861105199373799,879,False
2021,Sweden,Belgium,2712.9070000000006,3.0,32.761535872774104,0.2553,3.0767326917025865e-05,774,1.6976001027703193e-05,0.8861274959384076,808,False
2021,Romania,Russian Federation,1399.3990000000001,1.0,181.58509474424378,0.2503,3.0532526917316025e-05,775,8.756731750173087e-06,0.8861362526701577,975,False
2021,Italy,Malta,780.267,1.0,44.433508017127465,0.4445,3.0231165483153425e-05,776,4.882516574981334e-06,0.8861411351867327,1153,False
2021,Viet Nam,United Kingdom,948.5,1.0,67.17870321560358,0.40540000000000004,3.0088328019254365e-05,777,5.935233671768503e-06,0.8861470704204044,1092,False
2021,Denmark,China,938.754,1.0,63.69400290171866,0.3661,3.0022204331138667e-05,778,5.874248128948201e-06,0.8861529446685333,1098,False
2021,Ukraine,Mauritania,2397.343,2.0,91.60433029399631,0.1712,2.984602739737213e-05,779,1.5001360987220367e-05,0.8861679460295205,833,False
2021,China,Spain,781.0,1.0,100.32266325224072,0.48300000000000004,2.9714477389163638e-05,780,4.88710331855688e-06,0.8861728331328391,1152,False
2021,France,Guyana,1869.0430000000001,2.0,37.36671654959249,0.1819,2.9713299157152946e-05,781,1.1695526565717679e-05,0.8861845286594049,906,False
2021,Canada,Ghana,1437.451,1.0,38.268434889258835,0.23529999999999998,2.9560153245197122e-05,782,8.994841936444181e-06,0.8861935235013413,965,False
2021,Malaysia,Brunei Darussalam,1487.116,1.0,16.283195123984946,0.22950000000000004,2.9266582776492788e-05,783,9.305620408039736e-06,0.8862028291217493,956,False
2021,Myanmar,"China, Hong Kong SAR",1483.7310000000002,1.0,28.700620260680672,0.22979999999999998,2.910295036177658e-05,784,9.284438788662893e-06,0.886212113560538,957,False
2021,Guyana,Panama,1425.63,1.0,25.116615110512544,0.233,2.9037426488319663e-05,785,8.92087209223335e-06,0.8862210344326302,968,False
2021,Russian Federation,Jordan,1700.059,2.0,37.313410887504496,0.21070000000000003,2.8996371377465288e-05,786,1.0638110090451333e-05,0.8862316725427207,922,False
2021,Australia,"China, Hong Kong SAR",2304.831,2.0,37.698208675603546,0.3161,2.8813507677014414e-05,787,1.4422467642525957e-05,0.8862460950103632,846,False
2021,Poland,Finland,2771.3140000000003,3.0,49.024036973074864,0.2514,2.819146763099279e-05,788,1.734148251749442e-05,0.8862634364928808,801,False
2021,Nigeria,Ghana,1176.396,1.0,85.47461909085037,0.3002,2.818993959432269e-05,789,7.36129167162233e-06,0.8862707977845524,1029,False
2021,United States of America,Cayman Islands,3031.4290000000005,3.0,38.204424382032364,0.20659999999999998,2.7951420057617735e-05,790,1.8969150737349e-05,0.8862897669352898,784,False
2021,Thailand,Greece,1069.232,1.0,63.049927424543974,0.2992,2.7946647728885942e-05,791,6.690713515374148e-06,0.8862964576488052,1064,False
2021,Bangladesh,Greece,1670.28,2.0,44.770936609430755,0.1903,2.7775926118856592e-05,792,1.0451768157386922e-05,0.8863069094169626,924,False
2021,Portugal,Morocco,944.308,1.0,49.93286088860838,0.33610000000000007,2.772266040711055e-05,793,5.909002254212305e-06,0.8863128184192167,1096,False
2021,Myanmar,Sri Lanka,1442.212,1.0,34.93730464037187,0.2177,2.7441351754421496e-05,794,9.024633868453975e-06,0.8863218430530851,962,False
2021,Japan,Australia,990.0849999999999,1.0,149.14376038420946,0.3177,2.7432061583034388e-05,795,6.195451586624056e-06,0.8863280385046718,1086,False
2021,Ukraine,Israel,2156.7,2.0,66.6787221217601,0.2560000000000001,2.7289169326503044e-05,796,1.3495538703113473e-05,0.8863415340433749,866,False
2021,India,Spain,1328.354,1.0,89.34817074364213,0.3792,2.7238828375516855e-05,797,8.312168043045207e-06,0.886349846211418,992,False
2021,Italy,Ireland,1456.515,1.0,43.12828910103912,0.22600000000000003,2.721965230338731e-05,798,9.11413481437628e-06,0.8863589603462324,960,False
2021,India,Sao Tome and Principe,1904.33,2.0,51.4663950050674,0.162,2.695534777965993e-05,799,1.1916334779292476e-05,0.8863708766810117,903,False
2021,China,Cameroon,1093.78,1.0,52.01228766296696,0.28189999999999993,2.6819863510368063e-05,800,6.844322493945127e-06,0.8863777210035056,1054,False
2021,Thailand,Bahrain,1297.8429999999998,1.0,56.013708900074974,0.2364,2.67897369247615e-05,801,8.121245623899892e-06,0.8863858422491295,998,False
2021,Thailand,Qatar,1136.217,1.0,38.14236189037833,0.2696,2.677156682075958e-05,802,7.1098717942391075e-06,0.8863929521209237,1039,False
2021,Ukraine,Pakistan,1386.6680000000001,1.0,150.4758168501761,0.23309999999999997,2.656007362485702e-05,803,8.677067585834356e-06,0.8864016291885095,981,False
2021,Thailand,Ireland,1687.654,2.0,43.23457296341549,0.1798,2.6517079825760362e-05,804,1.0560485869367213e-05,0.8864121896743788,923,False
2021,United States of America,Ukraine,1813.3400000000001,2.0,68.65783581678008,0.2609,2.639745110617206e-05,805,1.134696534144934e-05,0.8864235366397203,913,False
2021,Peru,United States of America,1152.057,1.0,74.25761051753516,0.2796,2.6389239521417458e-05,806,7.208990509432373e-06,0.8864307456302297,1033,False
2021,France,United States of America,1039.835,1.0,116.32037775223954,0.46520000000000006,2.621176574601347e-05,807,6.506761945264525e-06,0.886437252392175,1072,False
2021,Russian Federation,France,1045.004,1.0,50.31655381223422,0.28550000000000003,2.6001006988484367e-05,808,6.5391069350899024e-06,0.88644379149911,1069,False
2021,Poland,United States of America,1300.3380000000002,1.0,19.711028978619403,0.2498,2.5932697457898962e-05,809,8.136858073041764e-06,0.886451928357183,997,False
2021,United Arab Emirates,Israel,1439.695,1.0,34.2315559892894,0.3028,2.590968021696686e-05,810,9.008883754429894e-06,0.8864609372409374,964,False
2021,France,Benin,1079.086,1.0,39.54365083042501,0.2752,2.589107061369666e-05,811,6.752374867616222e-06,0.886467689615805,1061,False
2021,Ukraine,Thailand,2080.177,2.0,75.97286192473044,0.22769999999999999,2.586166280701489e-05,812,1.3016696440314591e-05,0.8864807063122453,880,False
2021,Bulgaria,Netherlands (Kingdom of the),1632.2820000000004,2.0,47.5438680326071,0.18079999999999996,2.5566404315898465e-05,813,1.0213995875826713e-05,0.8864909203081212,929,False
2021,France,Japan,937.434,1.0,184.10576104557762,0.31290000000000007,2.5342336388703404e-05,814,5.865988236015429e-06,0.8864967862963572,1099,False
2021,Romania,Oman,1281.251,1.0,41.706113790350216,0.2307,2.5338675700854024e-05,815,8.017421272732806e-06,0.88650480371763,1001,False
2021,France,Gambia,1712.117,2.0,173.81230371522508,0.1714,2.5289851462781874e-05,816,1.0713562960893277e-05,0.8865155172805909,919,False
2021,Portugal,Algeria,1274.3310000000001,1.0,43.07515080461826,0.2255,2.511207289326259e-05,817,7.974119409782213e-06,0.8865234914000006,1003,False
2021,Thailand,Kuwait,1571.6499999999999,2.0,57.115770050583784,0.1838,2.510183492017145e-05,818,9.834591460448041e-06,0.8865333259914611,942,False
2021,Spain,Iran (Islamic Republic of),2019.746,2.0,63.32726986462654,0.2092,2.504421111239337e-05,819,1.2638549781359776e-05,0.8865459645412425,891,False
2021,Spain,Morocco,1398.954,1.0,52.27334136790774,0.4355,2.493851565337364e-05,820,8.753947165055598e-06,0.8865547184884075,976,False
2021,Poland,France,1086.7839999999999,1.0,78.26302190683707,0.27610000000000007,2.4875150554611026e-05,821,6.800545061401434e-06,0.8865615190334689,1058,False
2021,Cambodia,Sweden,1657.0,2.0,59.537718768859385,0.1716,2.4840699480704233e-05,822,1.0368668628487517e-05,0.8865718877020974,926,False
2021,Thailand,Myanmar,1208.075,1.0,219.41352978912732,0.235,2.4729932794065347e-05,823,7.559522844514216e-06,0.8865794472249419,1020,False
2021,Russian Federation,Netherlands (Kingdom of the),2028.2269999999999,2.0,33.42821094483014,0.3121,2.4728821462588176e-05,824,1.2691619593452836e-05,0.8865921388445354,889,False
2021,Finland,Belgium,1343.141,1.0,37.33264043015588,0.24949999999999997,2.4660354314318425e-05,825,8.404697616376194e-06,0.8866005435421518,989,False
2021,Germany,Poland,1216.8759999999997,1.0,59.772729513935694,0.40340000000000004,2.4611337047361922e-05,826,7.6145950548940085e-06,0.8866081581372067,1016,False
2021,Brazil,Guyana,1258.9080000000001,1.0,19.04348848366997,0.22249999999999998,2.4488783419583268e-05,827,7.877610069856345e-06,0.8866160357472765,1006,False
2021,Romania,Poland,1277.061,1.0,183.10636688458894,0.22449999999999998,2.4450596164264214e-05,828,7.9912023701659e-06,0.8866240269496467,1002,False
2021,Australia,French Polynesia,1933.969,2.0,44.19615826313658,0.2702,2.437436369046422e-05,829,1.2101800663106443e-05,0.8866361287503098,899,False
2021,Myanmar,Singapore,1097.9370000000001,1.0,39.48496134113341,0.2532,2.4253430407649503e-05,830,6.8703348991887145e-06,0.886642999085209,1052,False
2021,Denmark,Poland,1232.0310000000002,1.0,28.958686916157138,0.2288,2.4236035206639483e-05,831,7.70942738625474e-06,0.8866507085125953,1015,False
2021,Mexico,Ecuador,773.386,1.0,123.65364772571523,0.3587,2.4207249322209454e-05,832,4.8394587543219344e-06,0.8866555479713496,1155,False
2021,Romania,Israel,1935.9569999999999,2.0,29.12926268506997,0.2452,2.3976875172898004e-05,833,1.2114240562462767e-05,0.8866676622119121,898,False
2021,Brazil,Peru,1421.0280000000002,1.0,66.76082385428013,0.26899999999999996,2.3944823750671082e-05,834,8.892075101872276e-06,0.886676554287014,972,False
2021,Thailand,Poland,945.068,1.0,58.981999178895066,0.2893,2.3885795303940047e-05,835,5.913757950143295e-06,0.8866824680449641,1095,False
2021,Brazil,Thailand,1070.42,1.0,13.819809046916163,0.25509999999999994,2.3812322280656865e-05,836,6.698147419013644e-06,0.8866891661923831,1063,False
2021,Portugal,Belgium,640.088,1.0,48.89952631513167,0.4215,2.3574623787387675e-05,837,4.0053472329941565e-06,0.8866931715396161,1212,False
2021,Myanmar,France,1495.346,1.0,31.539857665048757,0.18009999999999998,2.353965894457412e-05,838,9.357119588976641e-06,0.8867025286592051,955,False
2021,Argentina,Libya,1579.82,2.0,37.99799977212594,0.17,2.347201601914346e-05,839,9.885715191706184e-06,0.8867124143743967,939,False
2021,Viet Nam,Japan,660.787,1.0,36.97711970725816,0.4530000000000001,2.344169638339566e-05,840,4.134871114672529e-06,0.8867165492455115,1204,False
2021,Australia,Singapore,1082.643,1.0,46.567520410698634,0.3513,2.338350564586541e-05,841,6.774632776072185e-06,0.8867233238782876,1059,False
2021,Bangladesh,United States of America,1391.607,1.0,56.76746380263968,0.1922,2.3267766727113673e-05,842,8.707973351891145e-06,0.8867320318516394,978,False
2021,Thailand,Libya,1519.493,2.0,80.55844943017178,0.1753,2.3261558327978404e-05,843,9.508219312194557e-06,0.8867415400709516,948,False
2021,Ireland,Netherlands (Kingdom of the),1169.006,1.0,46.425766848074346,0.24220000000000005,2.322995927161346e-05,844,7.315048786188098e-06,0.8867488551197378,1030,False
2021,Guyana,Grenada,1517.56,2.0,33.78779092754158,0.1732,2.297316344192991e-05,845,9.496123575043763e-06,0.8867583512433128,949,False
2021,Brazil,Ecuador,971.164,1.0,274.3810520159314,0.2716,2.2953474134548638e-05,846,6.077053530426343e-06,0.8867644282968432,1088,False
2021,Cambodia,Philippines,1183.695,1.0,32.16115637896587,0.2206,2.2823650442605665e-05,847,7.406965125043772e-06,0.8867718352619682,1026,False
2021,China,Nigeria,3434.9350000000004,3.0,88.63370049214905,0.3053,2.279883571430006e-05,848,2.1494087371993827e-05,0.8867933293493402,762,False
2021,Bulgaria,Lebanon,1425.4940000000001,1.0,30.907881758884987,0.1826,2.274249315144433e-05,849,8.920021072961487e-06,0.8868022493704132,969,False
2021,Pakistan,Morocco,760.951,1.0,80.31791797369344,0.3415,2.2693798718533344e-05,850,4.761646808398433e-06,0.8868070110172216,1160,False
2021,United States of America,Georgia,1504.992,2.0,9.314335225702196,0.17320000000000002,2.264696829044135e-05,851,9.417479382332338e-06,0.8868164284966039,953,False
2021,Uruguay,Israel,1065.959,1.0,21.422962796880554,0.24109999999999998,2.2467880072048237e-05,852,6.670232735397662e-06,0.8868230987293393,1066,False
2021,India,Cyprus,1195.666,1.0,68.22892011648739,0.2135,2.2297857470734628e-05,853,7.4818735934515115e-06,0.8868305806029327,1024,False
2021,Cambodia,Italy,1441.098,1.0,65.44246123441987,0.1766,2.223113478945507e-05,854,9.017663019418287e-06,0.8868395982659522,963,False
2021,Senegal,Mauritania,1114.587,1.0,48.606344771650846,0.2271,2.2111612070126152e-05,855,6.974522185045272e-06,0.8868465727881372,1044,False
2021,China,Samoa,1093.203,1.0,35.69327929030565,0.2312,2.2090246176621646e-05,856,6.840711919534362e-06,0.8868534135000568,1055,False
2021,Ukraine,Japan,1708.0180000000003,2.0,53.81500663341954,0.22419999999999998,2.174865837759049e-05,857,1.0687913490339164e-05,0.8868641014135471,921,False
2021,Pakistan,Ireland,1378.874,1.0,57.43091827099503,0.1803,2.1720054024344557e-05,858,8.628296672563124e-06,0.8868727297102197,983,False
2021,China,Viet Nam,1060.438,1.0,120.65014644892015,0.4981,2.160529568669709e-05,859,6.635685107456878e-06,0.8868793653953272,1067,False
2021,Thailand,Oman,818.535,1.0,52.03320566622075,0.3015,2.155629277772495e-05,860,5.121978380095974e-06,0.8868844873737073,1139,False
2021,Poland,Italy,1128.634,1.0,85.7603084790995,0.2574000000000001,2.1545913329968578e-05,861,7.0624212123381896e-06,0.8868915497949196,1041,False
2021,United States of America,Spain,1107.106,1.0,68.12175166605546,0.4748,2.150185678334976e-05,862,6.92770986759825e-06,0.8868984775047871,1048,False
2021,Portugal,Sao Tome and Principe,1212.579,1.0,63.73275473185665,0.2164,2.150175452316781e-05,863,7.587706600399978e-06,0.8869060652113875,1018,False
2021,Chile,Germany,1332.99,1.0,91.85140173594701,0.3119,2.143901407552318e-05,864,8.341177788224245e-06,0.8869144063891757,991,False
2021,Russian Federation,Sweden,1029.0,1.0,17.81827016520894,0.237,2.1321438462183883e-05,865,6.438961990774686e-06,0.8869208453511666,1077,False
2021,Viet Nam,Thailand,595.131,1.0,50.8425875983607,0.4162,2.1288952421686104e-05,866,3.724029046192157e-06,0.8869245693802127,1229,False
2021,South Africa,India,663.04,1.0,107.85020511583012,0.3638,2.1054496410435245e-05,867,4.1489692501100555e-06,0.8869287183494629,1202,False
2021,United States of America,Poland,1892.365,2.0,67.91713015195272,0.24979999999999997,2.1017355461730124e-05,868,1.1841463855852612e-05,0.8869405598133187,905,False
2021,Peru,Japan,715.042,1.0,69.59171629079131,0.3343,2.087912577156154e-05,869,4.474371486693404e-06,0.8869450341848053,1186,False
2021,Sri Lanka,United Kingdom,544.44,1.0,60.70825067959738,0.4405,2.0799073674311814e-05,870,3.406830385089767e-06,0.8869484410151904,1256,False
2021,India,Iran (Islamic Republic of),1008.0060000000001,1.0,196.65557546284444,0.2362,2.07403533928482e-05,871,6.3075921481757325e-06,0.8869547486073386,1082,False
2021,Bulgaria,Israel,1420.2069999999999,1.0,28.37262455402628,0.18260000000000004,2.0667887750798563e-05,872,8.886937698767876e-06,0.8869636355450373,973,False
2021,China,United Kingdom,858.7089999999998,1.0,80.92031177034363,0.4745000000000001,2.0528172571876267e-05,873,5.373366970005966e-06,0.8869690089120074,1128,False
2021,Spain,Ireland,1090.199,1.0,41.14569908796467,0.22829999999999998,2.051495181021558e-05,874,6.82191440561766e-06,0.886975830826413,1056,False
2021,Romania,Denmark,1039.319,1.0,29.973473014541252,0.2204,2.002246010797088e-05,875,6.503533078027167e-06,0.886982334359491,1073,False
2021,Mexico,Guatemala,675.5409999999999,1.0,97.46706713582152,0.33790000000000003,1.988894671526313e-05,876,4.227194190680196e-06,0.8869865615536817,1196,False
2021,Canada,Egypt,1196.772,1.0,25.983228217237706,0.2385,1.9885514606841356e-05,877,7.488794382530031e-06,0.8869940503480642,1023,False
2021,Uruguay,Cyprus,1115.061,1.0,44.76077990352098,0.2034,1.9819377268800074e-05,878,6.977488237507494e-06,0.8870010278363017,1043,False
2021,Spain,Italy,863.4139999999999,1.0,50.484472107239405,0.5300000000000001,1.978788567092079e-05,879,5.402808482315582e-06,0.887006430644784,1126,False
2021,Italy,Saudi Arabia,506.625,1.0,90.63311127559832,0.4455,1.969342596565475e-05,880,3.1702032250497817e-06,0.8870096008480091,1281,False
2021,United States of America,Norway,1761.122,2.0,51.13217596509498,0.1791,1.9667579282724836e-05,881,1.1020211486022445e-05,0.8870206210594951,915,False
2021,Portugal,Angola,874.7830000000001,1.0,69.66413384805146,0.264,1.9520287882186256e-05,882,5.473949938946407e-06,0.8870260950094341,1123,False
2021,Togo,Benin,732.966,1.0,45.98576195894489,0.304,1.9470987639699544e-05,883,4.586530820729017e-06,0.8870306815402548,1177,False
2021,Philippines,Viet Nam,1058.4940000000001,1.0,115.81359932129988,0.2535,1.9465379712654864e-05,884,6.623520537864977e-06,0.8870373050607926,1068,False
2021,South Africa,United Kingdom,834.653,1.0,44.4208551338101,0.324,1.9447786743351295e-05,885,5.22283667880084e-06,0.8870425278974714,1133,False
2021,Viet Nam,Angola,1082.22,1.0,41.9960821274787,0.2032,1.921770292721294e-05,886,6.771985855836911e-06,0.8870492998833273,1060,False
2021,Bulgaria,Tunisia,1305.7540000000001,1.0,45.63953087641316,0.1679,1.9099876728603326e-05,887,8.170748664044714e-06,0.8870574706319913,995,False
2021,Italy,Belgium,729.52,1.0,55.61876302226121,0.3851,1.9092942129594475e-05,888,4.564967494178764e-06,0.8870620355994854,1181,False
2021,Netherlands (Kingdom of the),Iceland,1072.05,1.0,26.942773191548902,0.2312,1.9086938809866404e-05,889,6.708347135286688e-06,0.8870687439466206,1062,False
2021,Pakistan,Yemen,1273.221,1.0,39.76685901347842,0.1712,1.9049667759541828e-05,890,7.967173590725107e-06,0.8870767111202114,1004,False
2021,Myanmar,China,2182.965,2.0,70.51830881392968,0.2374,1.9037344884823924e-05,891,1.3659891799991703e-05,0.8870903710120114,859,False
2021,Romania,Morocco,1608.134,2.0,50.715301088093405,0.2578,1.891416538386481e-05,892,1.0062889895114149e-05,0.8871004339019065,934,False
2021,Japan,Thailand,583.9079999999999,1.0,118.02886756132817,0.3712,1.8824166262892866e-05,893,3.6538011837796547e-06,0.8871040877030903,1232,False
2021,India,"China, Hong Kong SAR",778.171,1.0,56.393774633081925,0.3466,1.8808066777657243e-05,894,4.8694008662032344e-06,0.8871089571039565,1154,False
2021,Spain,Israel,676.6970000000001,1.0,45.17974809996201,0.3274,1.8744052101521775e-05,895,4.234427854491019e-06,0.887113191531811,1195,False
2021,Cambodia,Greece,1194.46,1.0,56.203640138640054,0.1793,1.871122074323527e-05,896,7.4743270549083885e-06,0.887120665858866,1025,False
2021,China,Saudi Arabia,475.682,0.0,54.30939156831665,0.4706,1.864308460601115e-05,897,2.9765775682173804e-06,0.8871236424364342,1307,False
2021,France,Morocco,724.8589999999999,1.0,82.64227939502717,0.4398000000000001,1.853358856317779e-05,898,4.535801311633574e-06,0.8871281782377458,1183,False
2021,Ecuador,Costa Rica,801.346,1.0,28.67425556501187,0.2645,1.8527330424121004e-05,899,5.0144183046252e-06,0.8871331926560504,1145,False
2021,United States of America,Ireland,1144.733,1.0,36.30802990741073,0.2426,1.8426092001519273e-05,900,7.16316061864478e-06,0.8871403558166691,1036,False
2021,Mexico,Tunisia,1252.298,1.0,16.96002069794889,0.1662,1.8196938441169168e-05,901,7.836248030246023e-06,0.8871481920646993,1009,False
2021,Uruguay,Mauritania,1182.042,1.0,15.191507577564927,0.175,1.8086081878911565e-05,902,7.3966214863938685e-06,0.8871555886861857,1027,False
2021,Cambodia,Russian Federation,1154.4660000000001,1.0,44.31226211945609,0.1783,1.7987734543176486e-05,903,7.224064814034683e-06,0.8871628127509997,1031,False
2021,Thailand,Sao Tome and Principe,1250.484,1.0,56.506920520374514,0.1643,1.7949962651613988e-05,904,7.824896934958107e-06,0.8871706376479347,1011,False
2021,Pakistan,"Tanzania, United Republic of",832.0260000000001,1.0,11.702759288772224,0.24480000000000002,1.7809395760114515e-05,905,5.206398240365694e-06,0.8871758440461751,1135,False
2021,Cyprus,Iran (Islamic Republic of),1481.712,1.0,43.15278542658762,0.1368,1.771344773026654e-05,906,9.271804906972538e-06,0.8871851158510821,958,False
2021,Brazil,India,772.0409999999999,1.0,57.092822790499476,0.2618,1.7658196499101383e-05,907,4.831042424023012e-06,0.887189946893506,1157,False
2021,Canada,Qatar,876.698,1.0,17.27390732042277,0.2442,1.7595531460126775e-05,908,5.485933041193572e-06,0.8871954328265472,1118,False
2021,Pakistan,Poland,786.2090000000001,1.0,87.71967759209065,0.2547,1.748511005015549e-05,909,4.9196986081681e-06,0.8872003525251554,1150,False
2021,Ecuador,Colombia,657.5039999999999,1.0,53.202718158368626,0.35330000000000006,1.7250914435554705e-05,910,4.11432775974958e-06,0.8872044668529151,1205,False
2021,Thailand,Jamaica,866.253,1.0,60.15101823601188,0.2246,1.699704625136871e-05,911,5.420573509615689e-06,0.8872098874264247,1124,False
2021,United States of America,Sierra Leone,1129.279,1.0,167.01364321837207,0.17209999999999998,1.6934095013535797e-05,912,7.066457296384885e-06,0.8872169538837211,1040,False
2021,Sri Lanka,Australia,642.081,1.0,103.80154528789981,0.2999,1.680895271316483e-05,913,4.017818419823713e-06,0.887220971702141,1210,False
2021,Ukraine,Bulgaria,896.973,1.0,56.772054454258935,0.22590000000000002,1.6806009341539625e-05,914,5.612803745142023e-06,0.8872265845058861,1113,False
2021,Pakistan,Ukraine,820.442,1.0,73.24466568020652,0.2331,1.6703435382924086e-05,915,5.133911422385972e-06,0.8872317184173085,1138,False
2021,Japan,Viet Nam,554.363,1.0,59.86330256528664,0.45299999999999996,1.6629909376120805e-05,916,3.4689235044624174e-06,0.887235187340813,1247,False
2021,Croatia,Lebanon,739.712,1.0,33.45491218203841,0.2542,1.643491935501395e-05,917,4.628743879611199e-06,0.8872398160846926,1172,False
2021,Pakistan,Timor-Leste,1152.342,1.0,37.22419212351888,0.1618,1.6295202841045497e-05,918,7.210773895406496e-06,0.887247026858588,1032,False
2021,Canada,Tunisia,1099.551,1.0,18.649430540284172,0.1694,1.6284522968728478e-05,919,6.880434495547421e-06,0.8872539072930836,1050,False
2021,Viet Nam,Belgium,545.274,1.0,91.51912616409365,0.342,1.6282162464825817e-05,920,3.4120491356245637e-06,0.8872573193422193,1255,False
2021,Myanmar,Benin,1040.0,1.0,55.239423076923075,0.177,1.6082900602097756e-05,921,6.5077944318811205e-06,0.8872638271366512,1071,False
2021,Sri Lanka,Italy,497.177,0.0,52.76390500767332,0.368,1.5985848270097428e-05,922,3.111082415634e-06,0.8872669382190669,1289,False
2021,Brazil,Brunei Darussalam,1034.855,1.0,19.997970730198915,0.1756,1.5886916700602783e-05,923,6.4755996219272475e-06,0.8872734138186888,1075,False
2021,Malaysia,Singapore,424.021,0.0,24.87612641826702,0.5885,1.583595859087037e-05,924,2.6533091373083315e-06,0.8872760671278261,1340,False
2021,Oman,Iran (Islamic Republic of),1202.282,1.0,38.824502071893285,0.21299999999999997,1.581071943890279e-05,925,7.523273178029709e-06,0.8872835904010041,1021,False
2021,Ukraine,Viet Nam,1108.143,1.0,115.17105644307638,0.2305,1.5788422156769837e-05,926,6.934198889546193e-06,0.8872905245998937,1047,False
2021,Malaysia,Gambia,1042.038,1.0,29.44614303892948,0.1733,1.578495169872822e-05,927,6.520547205969749e-06,0.8872970451470996,1070,False
2021,Viet Nam,"Tanzania, United Republic of",910.46,1.0,6.573600158161808,0.1953,1.5549071059022432e-05,928,5.697198575433159e-06,0.8873027423456751,1104,False
2021,Cambodia,Poland,1036.032,1.0,41.556631455399064,0.1712,1.5500388852966168e-05,929,6.4829646931256355e-06,0.8873092253103682,1074,False
2021,South Africa,Togo,1032.0,1.0,30.525193798449614,0.336,1.53331278412897e-05,930,6.457734474712805e-06,0.8873156830448429,1076,False
2021,Romania,Kuwait,1066.045,1.0,42.578878002335735,0.1643,1.5306317450476617e-05,931,6.670770879937221e-06,0.8873223538157228,1065,False
2021,Sweden,Denmark,852.34,1.0,31.07914681934439,0.385,1.5234643999261672e-05,932,5.333512986605341e-06,0.8873276873287094,1130,False
2021,France,Poland,650.759,1.0,261.24264128502256,0.2761,1.5227075876220414e-05,933,4.072120958362044e-06,0.8873317594496677,1206,False
2021,Thailand,Ukraine,752.421,1.0,72.64550032495106,0.22770000000000004,1.4963881516775821e-05,934,4.708270379067717e-06,0.8873364677200467,1165,False
2021,"Korea, Republic of",United States of America,469.688,0.0,105.23368704331386,0.4608,1.494364466639036e-05,935,2.939070145309019e-06,0.887339406790192,1312,False
2021,"Tanzania, United Republic of",United Arab Emirates,622.914,1.0,14.880063700607147,0.2728,1.4857581396157922e-05,936,3.897881019943073e-06,0.8873433046712119,1219,False
2021,Canada,Italy,552.6990000000001,1.0,12.263456239291186,0.3217,1.4831947593987226e-05,937,3.4585110333714075e-06,0.8873467631822453,1249,False
2021,Canada,Cameroon,827.996,1.0,46.52437934482776,0.2044,1.4788887973360865e-05,938,5.181180536942154e-06,0.8873519443627822,1136,False
2021,Brazil,Barbados,948.265,1.0,46.88773707771562,0.1778,1.4732792367079582e-05,939,5.9337631605266834e-06,0.8873578781259427,1093,False
2021,Australia,Cambodia,1618.1000000000001,2.0,22.35152339163216,0.1835,1.4646339609898117e-05,940,1.0125252086756579e-05,0.8873680033780295,932,False
2021,Thailand,Mauritius,635.413,1.0,176.22868905735325,0.2632,1.4579555536996031e-05,941,3.976093445523922e-06,0.887371979471475,1214,False
2021,Estonia,Finland,906.452,1.0,24.345470030404257,0.23080000000000003,1.453106117815011e-05,942,5.672118536891832e-06,0.8873776515900118,1108,False
2021,Myanmar,Germany,908.4300000000001,1.0,53.930407406184294,0.1812,1.4381947401978166e-05,943,5.684495861301699e-06,0.887383336085873,1107,False
2021,Japan,United Kingdom,395.59000000000003,0.0,141.29275259738617,0.41359999999999997,1.4272621768940425e-05,944,2.4754023070267815e-06,0.8873858114881801,1368,False
2021,Viet Nam,Chile,625.867,1.0,69.1185187907335,0.2598,1.4202644868902693e-05,945,3.916359401632828e-06,0.8873897278475817,1217,False
2021,Japan,Mauritania,941.635,1.0,31.953994913103273,0.1709,1.4065849945204255e-05,946,5.892275971023441e-06,0.8873956201235528,1097,False
2021,Indonesia,Egypt,752.142,1.0,54.201201368890445,0.21369999999999997,1.4043331986014599e-05,947,4.706524538061471e-06,0.8874003266480909,1166,False
2021,Portugal,Cabo Verde,1105.212,1.0,48.21156484004879,0.2172,1.4024630578922931e-05,948,6.915858172738651e-06,0.8874072425062636,1049,False
2021,India,Libya,1609.114,2.0,71.09316058402325,0.1924,1.395660703609898e-05,949,1.0069022239867267e-05,0.8874173115285034,933,False
2021,Greece,Morocco,534.792,1.0,45.1353049409864,0.29600000000000004,1.3832088944814542e-05,950,3.3464580767447775e-06,0.8874206579865802,1268,False
2021,Thailand,Cabo Verde,953.974,1.0,57.35690909815152,0.164,1.3668517767763233e-05,951,5.969487197460923e-06,0.8874266274737777,1090,False
2021,United States of America,Russian Federation,1010.336,1.0,98.84830393057359,0.2841000000000001,1.3544310659098467e-05,952,6.322172110701004e-06,0.8874329496458884,1081,False
2021,France,India,422.75300000000004,0.0,94.55166492017797,0.37060000000000004,1.3463655929214679e-05,953,2.6453746340971536e-06,0.8874355950205225,1342,False
2021,Lithuania,Morocco,909.511,1.0,50.93066493973135,0.181,1.3394120504193557e-05,954,5.691260213014067e-06,0.8874412862807355,1105,False
2021,Pakistan,Seychelles,758.745,1.0,24.71054174986326,0.22910000000000003,1.3237010342594862e-05,955,4.74784277520927e-06,0.8874460341235106,1161,False
2021,India,Malta,493.042,0.0,66.19720023851923,0.30190000000000006,1.3000649898835363e-05,956,3.085207675272626e-06,0.8874491193311859,1291,False
2021,Bulgaria,Ireland,915.698,1.0,32.01929020266507,0.1614,1.2918039047594709e-05,957,5.7299753323891135e-06,0.8874548493065183,1103,False
2021,Finland,Japan,801.157,1.0,32.20841857463643,0.1844,1.2912721567591963e-05,958,5.0132356381370995e-06,0.8874598625421565,1146,False
2021,United Kingdom,Nigeria,729.9110000000001,1.0,150.38408792304813,0.2824,1.2874607529205538e-05,959,4.567414174585366e-06,0.887464429956331,1180,False
2021,Myanmar,"Congo, Dem. Rep. of the",1379.108,1.0,62.85947148446677,0.1065,1.2830561496402013e-05,960,8.629760926310297e-06,0.8874730597172573,982,False
2021,Canada,Philippines,1098.643,1.0,36.02080020534423,0.205,1.2816422538481213e-05,961,6.874752690408818e-06,0.8874799344699478,1051,False
2021,Myanmar,Italy,817.746,1.0,40.21909003529213,0.1792,1.2806561239675394e-05,962,5.117041216820249e-06,0.8874850515111646,1140,False
2021,Chile,Spain,557.692,1.0,168.41374809034377,0.2628,1.2778613831731728e-05,963,3.489754704139083e-06,0.8874885412658687,1244,False
2021,France,Israel,575.879,1.0,35.7835586989628,0.2961,1.2704943017094997e-05,964,3.603559759266604e-06,0.887492144825628,1236,False
2021,Italy,Lebanon,748.608,1.0,60.006037872958885,0.3877,1.2670788110783678e-05,965,4.684410551982367e-06,0.88749682923618,1169,False
2021,Malaysia,Philippines,553.0600000000001,1.0,42.380573536325166,0.25909999999999994,1.2483411970856674e-05,966,3.460769988938628e-06,0.8875002900061689,1248,False
2021,France,Russian Federation,547.379,1.0,352.95654382064345,0.2854999999999999,1.2447293487210056e-05,967,3.425221161854477e-06,0.8875037152273307,1253,False
2021,Brazil,Namibia,737.69,1.0,47.33424609253209,0.1929,1.2434435182248063e-05,968,4.616091225436908e-06,0.8875083313185562,1175,False
2021,Viet Nam,France,445.18100000000004,0.0,109.59362596337219,0.3196,1.2416350295910156e-05,969,2.785717724018528e-06,0.8875111170362803,1326,False
2021,India,"Tanzania, United Republic of",554.762,1.0,6.774076090287367,0.2735,1.2380892130742717e-05,970,3.4714202448261863e-06,0.8875145884565251,1246,False
2021,Sweden,Poland,572.999,1.0,31.516634409484134,0.24710000000000001,1.2373793537019184e-05,971,3.58553817468601e-06,0.8875181739946998,1239,False
2021,Uruguay,Norway,848.311,1.0,26.599914418179182,0.1666,1.2354170004907313e-05,972,5.308301540676448e-06,0.8875234822962405,1131,False
2021,India,Mauritania,801.1270000000001,1.0,53.82791991781577,0.17369999999999997,1.2158219123903375e-05,973,5.013047913297718e-06,0.8875284953441538,1147,False
2021,France,Philippines,688.291,1.0,16.923074687886373,0.201,1.2095609980669626e-05,974,4.306977247417201e-06,0.8875328023214012,1192,False
2021,Guyana,Romania,875.0,1.0,39.709714285714284,0.1562,1.1944534524935408e-05,975,5.475307815284597e-06,0.8875382776292164,1122,False
2021,Sri Lanka,United States of America,307.439,0.0,59.10440770364202,0.4427,1.1890353781038046e-05,976,1.92379789648375e-06,0.8875402014271129,1442,False
2021,Pakistan,Singapore,349.541,0.0,61.68375097628032,0.3889,1.1875234386024597e-05,977,2.1872509360713067e-06,0.8875423886780489,1404,False
2021,Panama,Gambia,783.017,1.0,27.663511775606402,0.1733,1.1861641809452246e-05,978,4.899724685257942e-06,0.8875472884027341,1151,False
2021,Portugal,Germany,405.86,0.0,56.844724781944514,0.3646,1.1755544410492261e-05,979,2.5396667770416076e-06,0.8875498280695111,1359,False
2021,United Kingdom,Israel,453.84900000000005,0.0,33.96063448415662,0.2961,1.1742018432012227e-05,980,2.8399576876103993e-06,0.8875526680271987,1321,False
2021,Canada,Senegal,673.809,1.0,20.594856999535477,0.19850000000000004,1.1693055042664684e-05,981,4.216356209953256e-06,0.8875568843834086,1198,False
2021,Italy,Romania,543.092,1.0,218.35526945710856,0.24579999999999996,1.1628518582036469e-05,982,3.3983952823069054e-06,0.8875602827786909,1257,False
2021,Latvia,Belgium,856.152,1.0,30.895214868387853,0.2336,1.161927038300346e-05,983,5.357366556196044e-06,0.8875656401452471,1129,False
2021,Chile,Ecuador,419.0,0.0,88.14319809069212,0.3173,1.1608649080938284e-05,984,2.621890256690567e-06,0.8875682620355038,1347,False
2021,Pakistan,Tunisia,802.125,1.0,68.77481689262895,0.1656,1.160254539700675e-05,985,5.019292892954465e-06,0.8875732813283967,1144,False
2021,Argentina,Honduras,731.359,1.0,44.488411300059205,0.1808,1.155503883022989e-05,986,4.5764750268328316e-06,0.8875778578034236,1178,False
2021,Uruguay,Argentina,380.403,0.0,40.80672339597743,0.3492,1.1549870535138188e-05,987,2.380369735837379e-06,0.8875802381731595,1377,False
2021,United States of America,Cameroon,1250.143,1.0,114.08694845309697,0.24359999999999998,1.1458671272761643e-05,988,7.822763129283807e-06,0.8875880609362887,1012,False
2021,France,Cameroon,661.831,1.0,51.65366989458034,0.27409999999999995,1.1447034724883961e-05,989,4.141403939082995e-06,0.8875922023402278,1203,False
2021,Japan,Germany,375.75300000000004,0.0,120.17735054676874,0.4096,1.1213377030379857e-05,990,2.3512723857332954e-06,0.8875945536126135,1380,False
2021,Portugal,Spain,421.41,0.0,43.58225955720082,0.4467,1.1137480971787519e-05,991,2.6369708187875222e-06,0.8875971905834323,1346,False
2021,Thailand,Kenya,614.8100000000001,1.0,28.859322392283794,0.20639999999999997,1.1077217463036496e-05,992,3.8471702833315694e-06,0.8876010377537157,1222,False
2021,Russian Federation,Gambia,733.125,1.0,185.8223358908781,0.1733,1.107396523580858e-05,993,4.5875257623777375e-06,0.8876056252794781,1176,False
2021,China,New Zealand,751.306,1.0,63.28579832984163,0.337,1.106908510831563e-05,994,4.701293272537383e-06,0.8876103265727506,1167,False
2021,Mexico,Algeria,695.9,1.0,30.232792067825837,0.1818,1.1058480211811254e-05,995,4.354590524178915e-06,0.8876146811632748,1190,False
2021,United States of America,Angola,534.754,1.0,248.5797207688021,0.2366,1.1014991524932002e-05,996,3.346220291948228e-06,0.8876180273835668,1269,False
2021,Argentina,Israel,534.54,1.0,19.667377558274406,0.2355,1.1005478709380417e-05,997,3.3448811880939752e-06,0.8876213722647549,1270,False
2021,Finland,Netherlands (Kingdom of the),646.81,1.0,37.25823657642894,0.25380000000000014,1.0975380937556658e-05,998,4.047410112004834e-06,0.8876254196748669,1209,False
2021,Russian Federation,Denmark,549.517,1.0,35.23275895013257,0.22779999999999997,1.0932464100158479e-05,999,3.4385996854077096e-06,0.8876288582745523,1250,False
2021,Brazil,Antigua and Barbuda,755.04,1.0,38.81781097690189,0.1655,1.0920815210053293e-05,1000,4.724658757545693e-06,0.8876335829333099,1162,False
2021,Ukraine,India,444.30400000000003,0.0,183.06159746479887,0.2817,1.0909756859523744e-05,1001,2.7802299012139516e-06,0.887636363163211,1329,False
2021,Argentina,Bulgaria,708.6030000000001,1.0,31.33348292344232,0.1753,1.0857528230266851e-05,1002,4.434079478667556e-06,0.8876407972426897,1187,False
2021,Poland,Iceland,1028.67,1.0,33.97007786753769,0.17469999999999997,1.0840765004549665e-05,1003,6.436897017541494e-06,0.8876472341397073,1078,False
2021,Greece,Lebanon,373.572,0.0,47.86761320441575,0.3372,1.0833661449172882e-05,1004,2.337624789910283e-06,0.8876495717644972,1383,False
2021,Thailand,Cyprus,609.964,1.0,63.51850273130873,0.2028,1.0805984402227928e-05,1005,3.816846464276862e-06,0.8876533886109614,1224,False
2021,China,Lebanon,329.613,0.0,97.44761280653373,0.3732,1.0697693005131583e-05,1006,2.0625515827650307e-06,0.8876554511625442,1421,False
2021,Uruguay,Australia,505.0,1.0,37.603960396039604,0.2416,1.0663129742242357e-05,1007,3.1600347962499673e-06,0.8876586111973405,1283,False
2021,Canada,Thailand,404.46700000000004,0.0,16.354857132967584,0.3481,1.0662897563902262e-05,1008,2.5309500869996746e-06,0.8876611421474274,1362,False
2021,Sri Lanka,Oman,575.1120000000001,1.0,58.771161095577895,0.4192,1.0644777679507647e-05,1009,3.598760260873092e-06,0.8876647409076883,1237,False
2021,Italy,United Arab Emirates,275.0,0.0,96.97454545454545,0.4427,1.0625431877416635e-05,1010,1.7208110276608733e-06,0.887666461718716,1468,False
2021,Belgium,Finland,484.984,0.0,70.1858205631526,0.2495,1.056899881116176e-05,1011,3.0347847834148396e-06,0.8876694965034994,1301,False
2021,Argentina,Romania,531.8960000000001,1.0,40.91025313219125,0.22179999999999997,1.0307261134370756e-05,1012,3.3283363722498474e-06,0.8876728248398716,1273,False
2021,United Arab Emirates,Seychelles,864.1550000000001,1.0,23.780456052444293,0.23859999999999998,1.028136253304439e-05,1013,5.407445285848298e-06,0.8876782322851575,1125,False
2021,United States of America,"Tanzania, United Republic of",568.471,1.0,13.661206992089307,0.20380000000000004,1.0120393335110091e-05,1014,3.5572042389287428e-06,0.8876817894893965,1241,False
2021,Cambodia,Denmark,674.624,1.0,74.02790295038422,0.1716,1.0110867537512548e-05,1015,4.221456068089778e-06,0.8876860109454645,1197,False
2021,Suriname,Poland,671.5790000000001,1.0,37.62178388544013,0.1707,1.0019062522669723e-05,1016,4.202401996892588e-06,0.8876902133474615,1199,False
2021,Portugal,Saudi Arabia,325.3,0.0,84.82324008607439,0.3403,9.666505418757451e-06,1017,2.035563008356662e-06,0.8876922489104698,1425,False
2021,Uruguay,Barbados,648.687,1.0,45.98057306528418,0.1688,9.568374581851624e-06,1018,4.0591554294554505e-06,0.8876963080658993,1208,False
2021,Thailand,Finland,597.7760000000001,1.0,57.76411230962768,0.183,9.557121711072348e-06,1019,3.740580119530932e-06,0.8877000486460188,1228,False
2021,Sweden,Ukraine,483.074,0.0,45.705212865937725,0.2226,9.396612053829484e-06,1020,3.0228329686409043e-06,0.8877030714789874,1304,False
2021,India,Nigeria,639.688,1.0,69.85905628994135,0.2577,9.352921386593522e-06,1021,4.002844235135741e-06,0.8877070743232226,1213,False
2021,Pakistan,Romania,463.88,0.0,56.413296542209196,0.2303,9.33356556212819e-06,1022,2.9027266164048214e-06,0.887709977049839,1317,False
2021,Belgium,Cyprus,390.006,0.0,88.33197437988134,0.2749,9.30920435942945e-06,1023,2.4404604569232963e-06,0.887712417510296,1373,False
2021,Brazil,Ghana,415.084,0.0,39.271569128176466,0.2529,9.174193046513075e-06,1024,2.597385907656676e-06,0.8877150148962036,1353,False
2021,Ukraine,Kenya,740.8299999999999,1.0,143.71313256752563,0.2009,9.152820280449695e-06,1025,4.635739758625471e-06,0.8877196506359623,1171,False
2021,India,Jamaica,450.31600000000003,0.0,68.19877597065171,0.23159999999999997,9.10984411566997e-06,1026,2.8178499590259412e-06,0.8877224684859213,1325,False
2021,Bangladesh,Saudi Arabia,542.804,1.0,130.988349385782,0.1922,9.102402284284557e-06,1027,3.396593123848846e-06,0.8877258650790452,1260,False
2021,"Korea, Republic of",Australia,357.50500000000005,0.0,214.94524552104164,0.33199999999999996,9.096583778444533e-06,1028,2.2370856234323656e-06,0.8877281021646686,1395,False
2021,United Kingdom,Tunisia,607.366,1.0,57.657162238255026,0.171,9.073712081121493e-06,1029,3.8005894931864506e-06,0.8877319027541618,1226,False
2021,Finland,Estonia,589.35,1.0,11.843556460507338,0.23079999999999998,9.067989625492154e-06,1030,3.6878544696434026e-06,0.8877355906086315,1230,False
2021,Chile,Japan,578.176,1.0,84.24770312154084,0.3292,9.032907256002371e-06,1031,3.617933224468557e-06,0.887739208541856,1235,False
2021,South Africa,France,327.158,0.0,56.394769499752414,0.3187,9.020439401164842e-06,1032,2.0471894334090036e-06,0.8877412557312894,1423,False
2021,United States of America,Saint Kitts and Nevis,467.23299999999995,0.0,66.00989228072504,0.23150000000000004,9.008786524560847e-06,1033,2.9237079959529916e-06,0.8877441794392853,1314,False
2021,Guyana,Greece,598.522,1.0,35.33537614323283,0.1691,8.845820663358376e-06,1034,3.7452482105368773e-06,0.8877479246874959,1227,False
2021,United States of America,Italy,817.719,1.0,91.57179911436569,0.39569999999999994,8.838978845347707e-06,1035,5.116872264464806e-06,0.8877530415597603,1141,False
2021,Uruguay,Peru,416.89799999999997,0.0,124.73074948788434,0.2515,8.809951996584256e-06,1036,2.6087370029445915e-06,0.8877556502967633,1349,False
2021,Poland,Lithuania,786.3000000000001,1.0,34.38255118911357,0.2655,8.805371519456458e-06,1037,4.92026804018089e-06,0.8877605705648035,1149,False
2021,Guyana,Antigua and Barbuda,459.127,0.0,34.27809734561461,0.2185,8.768126228072386e-06,1038,2.8729847443521954e-06,0.8877634435495478,1319,False
2021,United States of America,Bermuda,614.5000000000001,1.0,57.998372660699744,0.20629999999999998,8.722321249281065e-06,1039,3.845230459991298e-06,0.8877672887800079,1223,False
2021,Germany,Ireland,515.206,1.0,52.547912873685476,0.23929999999999998,8.69731040349071e-06,1040,3.223898786607447e-06,0.8877705126787945,1279,False
2021,Guyana,Croatia,920.732,1.0,32.639247902755635,0.1074,8.643177482702143e-06,1041,5.761475560437277e-06,0.8877762741543549,1102,False
2021,France,Ukraine,428.414,0.0,453.19013851087965,0.2402,8.640027951009702e-06,1042,2.680798311288383e-06,0.8877789549526662,1337,False
2021,Thailand,Malta,338.89,0.0,54.713918970757476,0.2907,8.60725833883491e-06,1043,2.1206023605963393e-06,0.8877810755550268,1413,False
2021,Sri Lanka,Maldives,468.645,0.0,50.13176284821134,0.2345,8.600917359463416e-06,1044,2.9325435783931997e-06,0.8877840080986052,1313,False
2021,Poland,Belgium,699.8329999999999,1.0,39.75234091561845,0.40370000000000006,8.390978685109414e-06,1045,4.379201250621788e-06,0.8877883872998559,1189,False
2021,Belgium,Estonia,409.04200000000003,0.0,59.78603664171405,0.23409999999999997,8.365474653602013e-06,1046,2.5595781250053056e-06,0.8877909468779809,1357,False
2021,Russian Federation,United Arab Emirates,730.8900000000001,1.0,42.6931549207131,0.29389999999999994,8.348343189079028e-06,1047,4.573540261843839e-06,0.8877955204182427,1179,False
2021,Italy,Jordan,326.613,0.0,98.17735362646312,0.2922,8.331664753462485e-06,1048,2.043779098826912e-06,0.8877975641973416,1424,False
2021,Pakistan,Denmark,374.79200000000003,0.0,96.6829601485624,0.2546,8.330648012470465e-06,1049,2.345258933378451e-06,0.887799909456275,1382,False
2021,Ukraine,Lithuania,1128.5290000000002,1.0,79.680717110504,0.1668,8.29216681788854e-06,1050,7.061764175400357e-06,0.8878069712204504,1042,False
2021,Sweden,Finland,538.109,1.0,41.96361703669702,0.23209999999999997,8.252465485228001e-06,1051,3.3672141864856905e-06,0.8878103384346369,1266,False
2021,Bulgaria,Viet Nam,548.735,1.0,66.26878183458318,0.17400000000000002,8.245069835228254e-06,1052,3.4337063245945065e-06,0.8878137721409615,1251,False
2021,United States of America,Bahrain,649.2239999999999,1.0,78.34892117358571,0.23160000000000006,8.22972977138788e-06,1053,4.062515704080373e-06,0.8878178346566655,1207,False
2021,Malaysia,Fiji,519.691,1.0,45.34617686278962,0.1812,8.22884263147573e-06,1054,3.251963650094934e-06,0.8878210866203157,1276,False
2021,Cambodia,Malta,537.5260000000001,1.0,51.90632639165361,0.1752,8.22843502942471e-06,1055,3.36356606710705e-06,0.8878244501863828,1267,False
2021,Russian Federation,Finland,422.13700000000006,0.0,88.99717390325888,0.263,8.184719665061595e-06,1056,2.6415200173951935e-06,0.8878270917064002,1344,False
2021,China,Togo,260.0,0.0,27.323076923076922,0.3595,8.170504281622582e-06,1057,1.6269486079702801e-06,0.8878287186550081,1487,False
2021,Pakistan,Cyprus,444.503,0.0,47.40350458827049,0.2092,8.125598907834268e-06,1058,2.781475142648513e-06,0.8878315001301508,1328,False
2021,Romania,Pakistan,402.302,0.0,87.12857505058389,0.2303,8.090058850263012e-06,1059,2.517402611090999e-06,0.8878340175327619,1363,False
2021,United States of America,Greece,890.046,1.0,93.45247324295597,0.2955,8.065764269849044e-06,1060,5.569458079728908e-06,0.8878395869908416,1114,False
2021,Argentina,El Salvador,511.04200000000003,1.0,48.51264671005514,0.1797,8.024445967033264e-06,1061,3.1978425789013385e-06,0.8878427848334205,1280,False
2021,Suriname,United Kingdom,392.06100000000004,0.0,36.94578139626231,0.233,7.983822829314675e-06,1062,2.453319608420908e-06,0.887845238153029,1371,False
2021,Suriname,Trinidad and Tobago,361.692,0.0,29.359233823252932,0.2506,7.92284224727104e-06,1063,2.263285753515333e-06,0.8878475014387824,1392,False
2021,Uruguay,Libya,521.864,1.0,26.560559839345114,0.1729,7.887435117317037e-06,1064,3.2655611859607783e-06,0.8878507669999683,1275,False
2021,Thailand,Denmark,349.664,0.0,86.41724627070559,0.2582,7.883483464246453e-06,1065,2.1880206079127694e-06,0.8878529550205763,1403,False
2021,Cambodia,Indonesia,490.889,0.0,36.285188708649,0.1835,7.872743941485084e-06,1066,3.0717352892997033e-06,0.8878560267558656,1292,False
2021,China,Singapore,238.329,0.0,80.46859593251345,0.5676,7.860439845379488e-06,1067,1.4913424414959574e-06,0.8878575180983072,1515,False
2021,Spain,Benin,310.617,0.0,80.56223580808519,0.2887,7.831213211355121e-06,1068,1.9436842144688635e-06,0.8878594617825216,1436,False
2021,Ukraine,Qatar,542.659,1.0,54.49278460322228,0.2739,7.81538324507601e-06,1069,3.3956857871251705e-06,0.8878628574683087,1261,False
2021,Mexico,Dominican Republic,261.044,0.0,342.677862735784,0.3421,7.761587625880801e-06,1070,1.6334814323807454e-06,0.8878644909497411,1484,False
2021,Spain,Egypt,193.475,0.0,50.647370461299914,0.4585,7.750975301896092e-06,1071,1.2106687766424998e-06,0.8878657016185177,1585,False
2021,Russian Federation,Ireland,486.831,0.0,24.899811228126392,0.1826,7.721040305604175e-06,1072,3.046342376026075e-06,0.8878687479608938,1300,False
2021,Croatia,Viet Nam,348.732,0.0,67.22067375520456,0.253,7.70681206458093e-06,1073,2.1821886229026606e-06,0.8878709301495167,1405,False
2021,Chile,France,350.65700000000004,0.0,419.73210288116303,0.321,7.704770994197913e-06,1074,2.194234300096287e-06,0.8878731243838168,1401,False
2021,United Kingdom,Libya,387.648,0.0,44.261804523691595,0.2271,7.693045748149258e-06,1075,2.4257052845479355e-06,0.8878755500891014,1376,False
2021,Ukraine,Costa Rica,876.317,1.0,57.3548156660204,0.18800000000000003,7.657232479022842e-06,1076,5.483548935733431e-06,0.887881033638037,1120,False
2021,Pakistan,Latvia,488.207,0.0,58.39326351322288,0.1791,7.638920943616603e-06,1077,3.0549526886590254e-06,0.8878840885907258,1299,False
2021,Pakistan,Mauritania,504.84700000000004,1.0,49.48826079980667,0.173,7.631476396464773e-06,1078,3.1590773995691234e-06,0.8878872476681253,1284,False
2021,Myanmar,Croatia,489.51300000000003,0.0,41.94985628573705,0.1779,7.610308687504348e-06,1079,3.0631249766667533e-06,0.887890310793102,1297,False
2021,South Africa,Philippines,427.46500000000003,0.0,278.1139976372334,0.2039,7.584269338649077e-06,1080,2.6748599488692917e-06,0.8878929856530509,1338,False
2021,China,France,180.211,0.0,134.02622481424552,0.4801,7.4618782906028955e-06,1081,1.1276693676574316e-06,0.8878941133224185,1605,False
2021,Viet Nam,Cabo Verde,753.193,1.0,57.57886756780799,0.1129,7.429154331684934e-06,1082,4.713101164934459e-06,0.8878988264235834,1163,False
2021,France,Brazil,261.831,0.0,210.6664222341892,0.325,7.413674012185639e-06,1083,1.6384060806671787e-06,0.8879004648296641,1482,False
2021,Viet Nam,Spain,269.99,0.0,61.07633616059854,0.3138,7.401353810697571e-06,1084,1.6894609794842152e-06,0.8879021542906436,1473,False
2021,Argentina,Nicaragua,935.6220000000001,1.0,42.338679509460015,0.17129999999999998,7.400624589178563e-06,1085,5.854649655716806e-06,0.8879080089402993,1100,False
2021,Greece,Israel,290.815,0.0,35.13573921565256,0.2894,7.355810636204039e-06,1086,1.8197733054879886e-06,0.8879098287136048,1454,False
2021,Ukraine,Denmark,372.942,0.0,59.776050967710795,0.2253,7.340467734143844e-06,1087,2.333682568283278e-06,0.8879121623961731,1384,False
2021,Thailand,Namibia,444.599,0.0,43.736040791814645,0.1885,7.323652988528718e-06,1088,2.782075862134533e-06,0.8879149444720352,1327,False
2021,China,Gambia,482.511,0.0,33.75259838635803,0.1733,7.307485421353089e-06,1089,3.019309999155184e-06,0.8879179637820344,1305,False
2021,Netherlands (Kingdom of the),Gambia,483.77500000000003,0.0,42.33579659965893,0.1733,7.294850488620666e-06,1090,3.0272194723877784e-06,0.8879209910015068,1303,False
2021,Denmark,Iceland,568.0980000000001,1.0,27.921238941168596,0.2337,7.279727547773826e-06,1091,3.5548701934257707e-06,0.8879245458717002,1242,False
2021,United States of America,Mauritania,474.317,0.0,41.71050162654933,0.1755,7.274610832251661e-06,1092,2.968036088025536e-06,0.8879275139077882,1310,False
2021,South Africa,Madagascar,827.154,1.0,79.56922169269568,0.17660000000000003,7.270167360946854e-06,1093,5.175911726450189e-06,0.8879326898195147,1137,False
2021,Cambodia,Belgium,452.119,0.0,65.15320081659917,0.1832,7.235312063173515e-06,1094,2.8291322218727506e-06,0.8879355189517365,1322,False
2021,Bangladesh,Australia,428.625,0.0,127.18810148731409,0.19209999999999997,7.18446217347615e-06,1095,2.6821186426586975e-06,0.8879382010703791,1336,False
2021,Bangladesh,United Kingdom,432.969,0.0,80.92034302686798,0.1888,7.138605883660771e-06,1096,2.7093011994010932e-06,0.8879409103715785,1334,False
2021,Brazil,Sao Tome and Principe,490.0,0.0,56.52448979591837,0.1667,7.136394483681049e-06,1097,3.0661723765593743e-06,0.8879439765439551,1296,False
2021,Netherlands (Kingdom of the),Cyprus,304.676,0.0,76.08738463154302,0.2692,7.05548258616192e-06,1098,1.9065084387767425e-06,0.8879458830523939,1447,False
2021,Viet Nam,Italy,265.974,0.0,130.16309864874012,0.2998,6.957225822783231e-06,1099,1.6643308809857203e-06,0.8879475473832749,1479,False
2021,Fiji,Samoa,324.517,0.0,39.05188326035308,0.2452,6.9541236774655135e-06,1100,2.030663390048813e-06,0.8879495780466649,1426,False
2021,Thailand,Sudan,640.163,1.0,53.125532091045564,0.17770000000000002,6.939837936928e-06,1101,4.0058165450926095e-06,0.88795358386321,1211,False
2021,South Africa,Thailand,301.452,0.0,95.54754985868396,0.2636,6.937489324215817e-06,1102,1.8863342760379112e-06,0.887955470197486,1448,False
2021,Finland,Denmark,351.945,0.0,24.83058432425521,0.225,6.919489990170635e-06,1103,2.2022939532003856e-06,0.8879576724914392,1399,False
2021,United States of America,Finland,414.752,0.0,56.27700408919065,0.1912,6.915664994999081e-06,1104,2.595308419434191e-06,0.8879602677998586,1354,False
2021,India,Poland,394.925,0.0,83.20567196303095,0.2504,6.90994141963365e-06,1105,2.471241073087165e-06,0.8879627390409317,1370,False
2021,Argentina,Australia,347.5,0.0,118.06330935251799,0.23960000000000004,6.860302150917776e-06,1106,2.17447938949874e-06,0.8879649135203213,1407,False
2021,Pakistan,Brazil,307.30400000000003,0.0,152.83237445656417,0.2543,6.815551813514696e-06,1107,1.922953134706535e-06,0.887966836473456,1443,False
2021,South Africa,Seychelles,425.722,0.0,24.00627639633376,0.1837,6.739269124538412e-06,1108,2.6639531357012448e-06,0.8879695004265917,1339,False
2021,Netherlands (Kingdom of the),France,336.647,0.0,112.03723781884288,0.5005,6.690264795557336e-06,1109,2.1065668001052728e-06,0.8879716069933918,1416,False
2021,Greece,Belgium,189.591,0.0,63.420731996772,0.4243,6.6732139155554026e-06,1110,1.1863646674372823e-06,0.8879727933580592,1588,False
2021,United States of America,Iran (Islamic Republic of),684.779,1.0,38.72344216163171,0.2139,6.6578788506068715e-06,1111,4.28500092622031e-06,0.8879770783589854,1194,False
2021,Belgium,United States of America,160.201,0.0,60.28676475178058,0.4731,6.6211563471351496e-06,1112,1.0024568997901803e-06,0.8879780808158853,1637,False
2021,South Africa,Angola,309.294,0.0,107.91997258272066,0.30540000000000006,6.585623797984957e-06,1113,1.935405549052153e-06,0.8879800162214343,1437,False
2021,Pakistan,Angola,356.437,0.0,83.25734982619649,0.2103,6.545728845658421e-06,1114,2.2304026191503955e-06,0.8879822466240535,1396,False
2021,Kenya,Seychelles,405.0,0.0,18.864197530864196,0.1837,6.504412365650964e-06,1115,2.5342853316460133e-06,0.8879847809093852,1361,False
2021,Thailand,Iceland,440.87600000000003,0.0,41.19525671617416,0.1685,6.492086676638128e-06,1116,2.7587792095673283e-06,0.8879875396885947,1331,False
2021,Viet Nam,India,225.14600000000002,0.0,47.05835324633793,0.3284,6.46082768332201e-06,1117,1.4088498895772182e-06,0.8879889485384842,1531,False
2021,Malaysia,Benin,260.0,0.0,49.06923076923077,0.2839,6.449765382077382e-06,1118,1.6269486079702801e-06,0.8879905754870921,1487,False
2021,Chile,Panama,214.86100000000002,0.0,33.88702463453116,0.343,6.441340231241656e-06,1119,1.3444915571427015e-06,0.8879919199786493,1550,False
2021,Brazil,Honduras,396.988,0.0,239.41277821999657,0.1862,6.436640869887418e-06,1120,2.4841502845419447e-06,0.8879944041289339,1366,False
2021,Cambodia,United States of America,398.515,0.0,56.818438452755856,0.1832,6.378444623398999e-06,1121,2.493705478866447e-06,0.8879968978344128,1364,False
2021,Lithuania,Poland,876.5509999999999,1.0,46.79933055806223,0.2655,6.3769112223433695e-06,1122,5.485013189480603e-06,0.8880023828476024,1119,False
2021,Latvia,Netherlands (Kingdom of the),484.227,0.0,28.64565585975173,0.22910000000000003,6.32433039228021e-06,1123,3.030047859967788e-06,0.8880054128954623,1302,False
2021,Indonesia,Angola,359.081,0.0,32.22671207889028,0.20059999999999997,6.295957407221886e-06,1124,2.2469474349945238e-06,0.8880076598428973,1393,False
2021,Pakistan,Russian Federation,317.637,0.0,56.65586817656633,0.22629999999999997,6.2800238263395576e-06,1125,1.987611826884061e-06,0.8880096474547242,1432,False
2021,Canada,Saudi Arabia,365.11699999999996,0.0,25.90128643695035,0.2446,6.264933125280864e-06,1126,2.284717672678018e-06,0.8880119321723969,1391,False
2021,Ukraine,United Arab Emirates,614.884,1.0,126.47914078102536,0.28010000000000007,6.261153767064134e-06,1127,3.847633337935376e-06,0.8880157798057349,1221,False
2021,Indonesia,Senegal,423.469,0.0,16.794617787842792,0.1689,6.2533324377403734e-06,1128,2.6498550002637174e-06,0.8880184296607352,1341,False
2021,Thailand,Trinidad and Tobago,407.107,0.0,106.18093032052998,0.17469999999999997,6.207919176311132e-06,1129,2.547469872865219e-06,0.888020977130608,1358,False
2021,Greece,Libya,295.519,0.0,37.077142248044964,0.2403,6.2063906553345374e-06,1130,1.8492085603029586e-06,0.8880228263391683,1451,False
2021,Italy,Libya,276.185,0.0,51.46550319532198,0.2591,6.162856355826883e-06,1131,1.7282261588164301e-06,0.8880245545653271,1466,False
2021,Brazil,Philippines,337.314,0.0,220.14799267151673,0.2096,6.158572866009842e-06,1132,2.110740549034181e-06,0.8880266653058762,1415,False
2021,Viet Nam,Portugal,245.32,0.0,49.979618457524865,0.2872,6.156236411928434e-06,1133,1.5350885865664196e-06,0.8880282003944627,1506,False
2021,South Africa,Estonia,415.25,0.0,47.725466586393736,0.1694,6.146663581633505e-06,1134,2.5984246517679185e-06,0.8880307988191145,1352,False
2021,Greece,Italy,321.0040000000001,0.0,48.067936848138956,0.39679999999999993,6.1079282240963545e-06,1135,2.0086808113572767e-06,0.8880328074999259,1427,False
2021,South Africa,Myanmar,389.529,0.0,45.11859194052304,0.1792,6.099787200699141e-06,1136,2.4374756319771357e-06,0.8880352449755579,1374,False
2021,Viet Nam,Cameroon,347.544,0.0,74.18341274773842,0.1994,6.052606870136487e-06,1137,2.1747547192631656e-06,0.8880374197302772,1406,False
2021,Australia,Italy,255.47,0.0,17.070497514385252,0.3022,6.052017382804627e-06,1138,1.598602157223721e-06,0.8880390183324344,1496,False
2021,Netherlands (Kingdom of the),Denmark,202.58499999999998,0.0,36.49825998963398,0.382,6.0186229129718e-06,1139,1.26767455286792e-06,0.8880402860069873,1567,False
2021,Croatia,Tunisia,415.459,0.0,40.24945903205852,0.1645,5.972682335248655e-06,1140,2.599732468148941e-06,0.8880428857394554,1351,False
2021,Belgium,Australia,223.668,0.0,159.47743977681205,0.3046,5.94110426663903e-06,1141,1.3996013124903717e-06,0.888044285340768,1537,False
2021,Viet Nam,Greece,204.64000000000001,0.0,65.84734167318217,0.33109999999999995,5.918642530241322e-06,1142,1.2805337043655315e-06,0.8880455658744724,1562,False
2021,Yemen,Saudi Arabia,564.0699999999999,1.0,50.7206552378251,0.2279,5.900765753684117e-06,1143,3.5296650049915223e-06,0.8880490955394773,1243,False
2021,Pakistan,Libya,358.084,0.0,75.02150333441315,0.1884,5.8920545222546874e-06,1144,2.2407087128324223e-06,0.8880513362481901,1394,False
2021,Pakistan,Namibia,341.66,0.0,32.83088450506351,0.1973,5.891892632024845e-06,1145,2.137935620765869e-06,0.8880534741838109,1411,False
2021,Australia,Bahrain,581.69,1.0,45.70819508673004,0.22009999999999996,5.828095538316657e-06,1146,3.63992206065474e-06,0.8880571141058715,1234,False
2021,Brazil,Australia,270.0,0.0,87.58888888888889,0.24480000000000002,5.771338770998302e-06,1147,1.6895235544306756e-06,0.8880588036294259,1472,False
2021,Guyana,Guatemala,375.771,0.0,44.830495168600024,0.1757,5.769446305164843e-06,1148,2.351385020636924e-06,0.8880611550144465,1379,False
2021,China,Benin,227.251,0.0,86.17783860137028,0.29070000000000007,5.721034938571206e-06,1149,1.4220219158071314e-06,0.8880625770363623,1529,False
2021,Finland,Tunisia,586.36,1.0,55.50003410873866,0.1114,5.706961212771333e-06,1150,3.6691445606517444e-06,0.8880662461809229,1231,False
2021,Argentina,Croatia,260.306,0.0,36.856622590335995,0.24759999999999996,5.6329550768573974e-06,1151,1.6288634013319682e-06,0.8880678750443243,1486,False
2021,Mexico,El Salvador,452.108,0.0,113.03715041538747,0.2461,5.579454772730599e-06,1152,2.829063389431644e-06,0.8880707041077137,1323,False
2021,Sri Lanka,France,151.64600000000002,0.0,49.206705089484714,0.4216,5.5772374937451985e-06,1153,9.489240330933121e-07,0.8880716530317468,1651,False
2021,Ukraine,Sierra Leone,379.478,0.0,63.50302257311359,0.17190000000000003,5.55789273943453e-06,1154,2.3745815532897924e-06,0.8880740276133001,1378,False
2021,Colombia,United States of America,146.224,0.0,36.532990480358905,0.4328,5.531063322823949e-06,1155,9.149958971224855e-07,0.8880749426091973,1669,False
2021,United States of America,Antigua and Barbuda,374.996,0.0,79.85418511130786,0.22670000000000004,5.485826328611567e-06,1156,2.346535462286243e-06,0.8880772891446596,1381,False
2021,Malaysia,Germany,142.269,0.0,56.49157581764123,0.4404,5.473975526896412e-06,1157,8.902475057973993e-07,0.8880781793921654,1682,False
2021,Lithuania,Tunisia,571.357,1.0,61.53420715944672,0.1096,5.470485751584515e-06,1158,3.575263368477213e-06,0.8880817546555339,1240,False
2021,United States of America,Denmark,495.24,0.0,73.48154430175268,0.2549,5.466013928671848e-06,1159,3.0989616485046213e-06,0.8880848536171824,1290,False
2021,Indonesia,Gambia,518.15,1.0,30.352214609669016,0.1203,5.4484717586168025e-06,1160,3.242320850845387e-06,0.8880880959380332,1277,False
2021,Russian Federation,Morocco,217.079,0.0,45.05272274149042,0.2909,5.391993816784411e-06,1161,1.3583706802676172e-06,0.8880894543087134,1546,False
2021,Bulgaria,Philippines,503.55400000000003,1.0,16.23460443169948,0.1219,5.366789684966178e-06,1162,3.1509864589917945e-06,0.8880926052951724,1285,False
2021,India,Trinidad and Tobago,351.375,0.0,99.84489505514053,0.1744,5.3496131790710415e-06,1163,2.198727181252143e-06,0.8880948040223536,1400,False
2021,China,Russian Federation,411.91499999999996,0.0,66.56713156840611,0.3098000000000001,5.339064947485047e-06,1164,2.5775559071233766e-06,0.8880973815782608,1356,False
2021,Japan,Indonesia,222.025,0.0,130.33216980069813,0.275,5.257672446183427e-06,1165,1.3893202487869287e-06,0.8880987708985095,1538,False
2021,Spain,Qatar,203.397,0.0,40.32016204762115,0.2957,5.2561719392253935e-06,1166,1.272755638520504e-06,0.8881000436541481,1566,False
2021,Sweden,Norway,413.36499999999995,0.0,34.36188356537201,0.22630000000000003,5.214920375353491e-06,1167,2.586629274360134e-06,0.8881026302834224,1355,False
2021,Pakistan,Malta,201.29500000000002,0.0,29.980873841873866,0.2952,5.194030825860804e-06,1168,1.2596023847745292e-06,0.8881038898858071,1569,False
2021,Bangladesh,United Arab Emirates,309.111,0.0,78.17903600971819,0.1922,5.188522242038588e-06,1169,1.9342604275319278e-06,0.8881058241462346,1439,False
2021,Guyana,Honduras,346.298,0.0,37.926872231430735,0.1713,5.184427335555915e-06,1170,2.1669578809342005e-06,0.8881079911041155,1408,False
2021,Lithuania,Netherlands (Kingdom of the),898.611,1.0,29.55227567879761,0.23479999999999998,5.159251841057743e-06,1171,5.623053521372236e-06,0.8881136141576369,1111,False
2021,Italy,New Zealand,259.373,0.0,129.215454191454,0.2269,5.134899997341132e-06,1172,1.6230251588272134e-06,0.8881152371827957,1490,False
2021,Latvia,Tunisia,532.897,1.0,58.26641921421963,0.1099,5.116517575056088e-06,1173,3.3346001243905324e-06,0.8881185717829201,1272,False
2021,Estonia,Belgium,421.883,0.0,35.36999594674353,0.23410000000000003,5.091134512760648e-06,1174,2.639930613755099e-06,0.8881212117135339,1345,False
2021,Mauritius,Mozambique,234.656,0.0,177.804957043502,0.2485,5.0833116264440085e-06,1175,1.4683586636610542e-06,0.8881226800721975,1522,False
2021,Greece,Romania,184.0,0.0,29.755434782608695,0.315,5.066232693435263e-06,1176,1.1513790148712752e-06,0.8881238314512124,1599,False
2021,Peru,Netherlands (Kingdom of the),175.187,0.0,175.84638129541574,0.3308,5.052030225863382e-06,1177,1.0962317145557288e-06,0.888124927682927,1612,False
2021,Uruguay,Ireland,319.80400000000003,0.0,41.18147365261222,0.1801,5.033444525838835e-06,1178,2.001171817782029e-06,0.8881269288547448,1428,False
2021,Guyana,Suriname,225.0,0.0,27.31111111111111,0.2553,5.021226204398857e-06,1179,1.4079362953588963e-06,0.8881283367910401,1533,False
2021,Uruguay,Angola,274.007,0.0,58.56419726503337,0.2097,5.019846904847414e-06,1180,1.714597335477356e-06,0.8881300513883755,1470,False
2021,Viet Nam,Brazil,224.15,0.0,314.6999776935088,0.2561,4.991758486390422e-06,1181,1.4026174249097627e-06,0.8881314540058004,1536,False
2021,"Korea, Republic of",Algeria,304.798,0.0,243.0626185211189,0.18790000000000004,4.979827398360949e-06,1182,1.9072718531235595e-06,0.8881333612776535,1446,False
2021,Ukraine,Romania,238.41500000000002,0.0,224.70062705786128,0.3104,4.97671801069348e-06,1183,1.4918805860355169e-06,0.8881348531582396,1513,False
2021,"Tanzania, United Republic of",Oman,267.83500000000004,0.0,46.82360408460432,0.24579999999999996,4.971718419201648e-06,1184,1.6759760785220001e-06,0.8881365291343181,1475,False
2021,Ukraine,Guatemala,279.189,0.0,41.35907933335482,0.2031,4.955349732648364e-06,1185,1.7470236727331331e-06,0.8881382761579908,1465,False
2021,Thailand,Sierra Leone,335.202,0.0,72.36233674023424,0.1689,4.944906545213251e-06,1186,2.0975247203417457e-06,0.8881403736827111,1418,False
2021,China,Sri Lanka,119.346,0.0,25.187270624905736,0.48380000000000006,4.93565144020747e-06,1187,7.468069560262349e-07,0.8881411204896672,1746,False
2021,India,Norway,331.998,0.0,124.88629449574998,0.1711,4.910839278702512e-06,1188,2.077475707495835e-06,0.8881431979653747,1420,False
2021,Finland,Ireland,434.27900000000005,0.0,70.08167560485309,0.1775,4.894943615087174e-06,1189,2.717498517387405e-06,0.8881459154638921,1332,False
2021,Myanmar,Latvia,475.0,0.0,47.682105263157894,0.1172,4.864498700187507e-06,1190,2.972309956868781e-06,0.8881488877738489,1308,False
2021,Croatia,Saudi Arabia,211.851,0.0,42.973599369368095,0.3289000000000001,4.849869881884564e-06,1191,1.3256564982581223e-06,0.8881502134303472,1552,False
2021,Thailand,Panama,418.716,0.0,103.10807325251483,0.2647,4.840523506646221e-06,1192,2.620113128211092e-06,0.8881528335434754,1348,False
2021,France,Guinea,255.527,0.0,30.161196272800918,0.2164,4.82957354022199e-06,1193,1.5989588344185453e-06,0.8881544325023099,1495,False
2021,United States of America,Iceland,432.848,0.0,44.41281928067127,0.2126,4.794796646894992e-06,1194,2.7085440425489225e-06,0.8881571410463523,1335,False
2021,Indonesia,Japan,194.786,0.0,24.89398622077562,0.275,4.682584674726285e-06,1195,1.2188723521234578e-06,0.8881583599187045,1582,False
2021,Malta,Italy,120.79400000000001,0.0,48.33849363378975,0.4445,4.681647016960408e-06,1196,7.558678082737002e-07,0.8881591157865127,1740,False
2021,Iran (Islamic Republic of),Pakistan,259.204,0.0,5.709788429190907,0.2068,4.6700091239116365e-06,1197,1.6219676422320329e-06,0.8881607377541549,1491,False
2021,Mexico,Angola,234.90800000000002,0.0,51.86711393396563,0.2273,4.6653064673316565e-06,1198,1.4699355523118563e-06,0.8881622076897072,1521,False
2021,Germany,Chile,290.174,0.0,118.30143293334345,0.3119,4.653500090577057e-06,1199,1.8157622514198772e-06,0.8881640234519587,1457,False
2021,South Africa,Ghana,148.754,0.0,228.16865428828805,0.3567,4.621267642874745e-06,1200,9.308273585769656e-07,0.8881649542793172,1661,False
2021,Pakistan,Norway,316.628,0.0,98.68678701820433,0.167,4.616149170190158e-06,1201,1.9812980147862073e-06,0.888166935577332,1433,False
2021,Myanmar,Bulgaria,451.005,0.0,36.10381259631268,0.11679999999999999,4.603968127965391e-06,1202,2.8221613728370624e-06,0.8881697577387048,1324,False
2021,Bulgaria,Morocco,227.242,0.0,47.803663055245075,0.23200000000000004,4.581043659919837e-06,1203,1.4219655983553168e-06,0.8881711797043031,1530,False
2021,Argentina,Iran (Islamic Republic of),220.523,0.0,57.771751699369226,0.2371,4.567953720980245e-06,1204,1.3799214918285772e-06,0.888172559625795,1539,False
2021,Viet Nam,Netherlands (Kingdom of the),126.518,0.0,109.88159787540113,0.4116000000000001,4.537066675272787e-06,1205,7.916857076276305e-07,0.8881733513115027,1723,False
2021,Sri Lanka,Qatar,151.316,0.0,46.55819609294456,0.3401,4.496921028964954e-06,1206,9.468590598601189e-07,0.8881742981705625,1653,False
2021,Uruguay,Myanmar,285.33,0.0,80.10023481582729,0.1802,4.490170038558881e-06,1207,1.7854509473544616e-06,0.8881760836215098,1460,False
2021,Croatia,Seychelles,296.46,0.0,32.05154152330837,0.1732,4.488007189892698e-06,1208,1.8550968627648816e-06,0.8881779387183726,1450,False
2021,Peru,China,141.21,0.0,91.11960909284045,0.362,4.4631972940998944e-06,1209,8.836208189672434e-07,0.8881788223391915,1684,False
2021,United Kingdom,United States of America,177.682,0.0,31.899685955808692,0.5008,4.4437081692831705e-06,1210,1.1118441636975974e-06,0.8881799341833553,1609,False
2021,Italy,Chile,193.691,0.0,131.34838479846766,0.2622,4.42687183466528e-06,1211,1.2120203954860444e-06,0.8881811462037508,1583,False
2021,Belgium,Poland,134.84300000000002,0.0,77.57169448914662,0.4037,4.41402619910963e-06,1212,8.437793505559097e-07,0.8881819899831013,1702,False
2021,South Africa,Nigeria,405.169,0.0,166.5008922202834,0.25620000000000004,4.411450650806394e-06,1213,2.535342848241194e-06,0.8881845253259495,1360,False
2021,United Arab Emirates,Bahrain,242.33600000000004,0.0,24.01211541000924,0.31629999999999997,4.3878679192118405e-06,1214,1.516416222542638e-06,0.8881860417421721,1509,False
2021,China,Indonesia,225.055,0.0,192.37075381573393,0.3182,4.378659460290198e-06,1215,1.4082804575644285e-06,0.8881874500226297,1532,False
2021,France,Chile,188.21499999999997,0.0,330.5687644449167,0.32100000000000006,4.356864223460341e-06,1216,1.1777543548043317e-06,0.8881886277769845,1590,False
2021,India,Finland,265.16999999999996,0.0,86.45020175736322,0.18860000000000002,4.356313518149936e-06,1217,1.6592998552903044e-06,0.8881902870768398,1481,False
2021,Greece,Portugal,169.87,0.0,34.761876729263555,0.2898,4.3026117839413985e-06,1218,1.0629606155227366e-06,0.8881913500374553,1620,False
2021,Djibouti,Madagascar,290.662,0.0,79.61481032952365,0.1688,4.284746396931517e-06,1219,1.8188159088071444e-06,0.8881931688533641,1456,False
2021,United States of America,Uruguay,290.815,0.0,130.06894417413133,0.2985,4.245818748923913e-06,1220,1.8197733054879886e-06,0.8881949886266696,1454,False
2021,India,Romania,204.548,0.0,59.39926080919882,0.2369,4.2313609733404205e-06,1221,1.2799580148580956e-06,0.8881962685846845,1563,False
2021,Australia,Belgium,187.149,0.0,52.834906945802544,0.3046,4.222603767253393e-06,1222,1.1710838655116538e-06,0.88819743966855,1593,False
2021,New Zealand,Samoa,224.90099999999998,0.0,28.12793184556761,0.2352,4.208590449965363e-06,1223,1.4073168033889384e-06,0.8881988469853535,1535,False
2021,Italy,Dominican Republic,160.24200000000002,0.0,192.01582606307957,0.31179999999999997,4.2082501222797675e-06,1224,1.002713457070668e-06,0.8881998496988105,1636,False
2021,Romania,Norway,306.701,0.0,26.781784213289164,0.15699999999999997,4.1933807200244105e-06,1225,1.919179865434973e-06,0.888201768878676,1444,False
2021,Pakistan,Sudan,255.993,0.0,56.8453043637912,0.1861,4.1621554053374355e-06,1226,1.6018748269235997e-06,0.8882033707535029,1493,False
2021,Brazil,Germany,173.523,0.0,44.22468491208658,0.3237,4.155397909802046e-06,1227,1.085819243464719e-06,0.8882044565727464,1615,False
2021,Finland,Morocco,254.882,0.0,55.19416828179314,0.1865,4.153123494578567e-06,1228,1.59492275037185e-06,0.8882060514954968,1497,False
2021,Thailand,Maldives,313.975,0.0,57.94410382992276,0.17279999999999998,4.140271204242446e-06,1229,1.9646968814902644e-06,0.8882080161923783,1434,False
2021,Indonesia,Philippines,180.26000000000002,0.0,45.85598579829135,0.266,4.130082687603645e-06,1230,1.1279759848950874e-06,0.8882091441683633,1603,False
2021,Romania,Croatia,237.38499999999996,0.0,175.1921983276113,0.22970000000000004,4.112071750843004e-06,1231,1.4854353665500958e-06,0.8882106296037299,1517,False
2021,Lithuania,Belgium,199.665,0.0,30.81160944582175,0.25450000000000006,4.056055864946137e-06,1232,1.2494026685014846e-06,0.8882118790063984,1571,False
2021,Saudi Arabia,Yemen,204.321,0.0,56.96918084778363,0.22789999999999996,4.051102072052544e-06,1233,1.2785375635734446e-06,0.888213157543962,1565,False
2021,China,Nicaragua,256.548,0.0,96.25878977813119,0.1788,4.00469121229117e-06,1234,1.6053477364521518e-06,0.8882147628916984,1492,False
2021,Indonesia,Netherlands (Kingdom of the),205.685,0.0,40.98986314023871,0.22039999999999998,3.961709717712051e-06,1235,1.2870727862706426e-06,0.8882160499644847,1560,False
2021,China,Qatar,125.825,0.0,27.363401549771506,0.36,3.959532937314804e-06,1236,7.873492638379251e-07,0.8882168373137485,1725,False
2021,Lithuania,Finland,211.092,0.0,76.74378943778069,0.23639999999999997,3.936865076094068e-06,1237,1.3209070598217785e-06,0.8882181582208083,1553,False
2021,Viet Nam,Kuwait,241.687,0.0,88.13879108102628,0.186,3.925211815884839e-06,1238,1.512355108517358e-06,0.8882196705759168,1510,False
2021,Sri Lanka,Netherlands (Kingdom of the),101.782,0.0,46.579945373445206,0.4389,3.902469831893638e-06,1239,6.369003200631964e-07,0.8882203074762368,1784,False
2021,Ukraine,Kuwait,397.573,0.0,77.59329733155924,0.18000000000000002,3.872235111062608e-06,1240,2.4878109189098774e-06,0.8882227952871558,1365,False
2021,Thailand,Pakistan,142.999,0.0,426.9889999230764,0.3085,3.828262131507416e-06,1241,8.94815476889008e-07,0.8882236901026327,1677,False
2021,South Africa,China,112.625,0.0,91.38290788013319,0.3877,3.8124118268299225e-06,1242,7.047503345102032e-07,0.8882243948529672,1763,False
2021,Spain,Sao Tome and Principe,260.0,0.0,42.02307692307692,0.1664,3.780832211853419e-06,1243,1.6269486079702801e-06,0.8882260218015752,1487,False
2021,Myanmar,Portugal,250.0,0.0,40.584,0.1723,3.764413306004444e-06,1244,1.5643736615098849e-06,0.8882275861752367,1500,False
2021,Argentina,Solomon Islands,247.804,0.0,29.022937482849347,0.1735,3.7581224765043766e-06,1245,1.550632203267182e-06,0.88822913680744,1502,False
2021,"Tanzania, United Republic of",Madagascar,249.663,0.0,28.073843541093392,0.1717,3.7470985230781514e-06,1246,1.5622648858141696e-06,0.8882306990723258,1501,False
2021,Uruguay,Chile,172.605,0.0,108.19501173198923,0.2487,3.7365307883779427e-06,1247,1.0800748633796546e-06,0.8882317791471891,1618,False
2021,Chile,Guatemala,210.62500000000003,0.0,41.31038575667655,0.23019999999999996,3.7262503296507415e-06,1248,1.317984809822078e-06,0.8882330971319989,1554,False
2021,Thailand,Belize,243.566,0.0,156.49556998924317,0.174,3.695924164889841e-06,1249,1.5241129409572663e-06,0.8882346212449399,1508,False
2021,Ukraine,Norway,267.704,0.0,59.12500373546902,0.15700000000000003,3.670496986080881e-06,1250,1.6751563467233688e-06,0.8882362964012867,1477,False
2021,India,Cameroon,160.948,0.0,82.8342073216194,0.2713999999999999,3.6641251626130712e-06,1251,1.0071312482907717e-06,0.8882373035325349,1634,False
2021,Ukraine,Sri Lanka,366.76,0.0,86.77881993674337,0.23430000000000004,3.632770693246537e-06,1252,2.2949987363814614e-06,0.8882395985312713,1390,False
2021,Belize,Trinidad and Tobago,237.655,0.0,28.053270497149228,0.1738,3.6105007078219634e-06,1253,1.4871248901045266e-06,0.8882410856561614,1516,False
2021,Viet Nam,Trinidad and Tobago,235.598,0.0,78.81221402558594,0.1747,3.5944703852352067e-06,1254,1.4742532236176234e-06,0.888242559909385,1520,False
2021,United States of America,Gambia,289.282,0.0,75.17923686921412,0.1733,3.587983501742352e-06,1255,1.8101805661956098e-06,0.8882443700899513,1458,False
2021,Pakistan,Lebanon,139.324,0.0,103.05475007895265,0.2921,3.5525100585310928e-06,1256,8.718191840648128e-07,0.8882452419091353,1690,False
2021,Belgium,Iceland,230.055,0.0,54.030557910064985,0.1754,3.5255518077245574e-06,1257,1.4395679307946263e-06,0.8882466814770661,1528,False
2021,India,Iceland,239.084,0.0,65.55018319921032,0.1687,3.523227183645805e-06,1258,1.4960668499537173e-06,0.888248177543916,1512,False
2021,Ukraine,Australia,188.002,0.0,59.552557951511154,0.2131,3.499997893801564e-06,1259,1.1764215084447255e-06,0.8882493539654245,1591,False
2021,Belgium,Libya,167.917,0.0,60.7264303197413,0.236,3.4619357122748023e-06,1260,1.0507397284790213e-06,0.8882504047051529,1623,False
2021,Thailand,Jordan,157.611,0.0,45.71381439112753,0.2513,3.4603625236263335e-06,1261,9.862499886569378e-07,0.8882513909551416,1641,False
2021,Netherlands (Kingdom of the),Italy,167.13699999999997,0.0,117.07162387741795,0.3799000000000001,3.4515714421796473e-06,1262,1.0458588826551103e-06,0.8882524368140242,1624,False
2021,Australia,Sweden,167.0,0.0,69.87425149700599,0.2366,3.45120988164824e-06,1263,1.045001605888603e-06,0.8882534818156301,1626,False
2021,Latvia,Lithuania,332.27500000000003,0.0,28.106237303438416,0.2333,3.4191186344701237e-06,1264,2.0792090335127882e-06,0.8882555610246636,1419,False
2021,South Africa,Saudi Arabia,148.912,0.0,57.7858063822929,0.2603,3.386406242963079e-06,1265,9.318160427310399e-07,0.8882564928407064,1660,False
2021,Ghana,Ireland,281.511,0.0,28.350579551065497,0.1798,3.3764201796939796e-06,1266,1.761553575301237e-06,0.8882582543942817,1461,False
2021,Sri Lanka,Saudi Arabia,104.08500000000001,0.0,49.373108517077384,0.371,3.374134063215539e-06,1267,6.513113302330255e-07,0.888258905705612,1778,False
2021,France,Egypt,118.937,0.0,51.195170552477364,0.3314,3.3513540984999353e-06,1268,7.442476407160047e-07,0.8882596499532527,1747,False
2021,Russian Federation,Cabo Verde,233.662,0.0,31.245987794335406,0.1636,3.3413109766565413e-06,1269,1.4621387139828908e-06,0.8882611120919667,1524,False
2021,United States of America,Togo,236.77700000000002,0.0,58.60788843510983,0.2432,3.3346628222405112e-06,1270,1.481630809805304e-06,0.8882625937227765,1518,False
2021,Uruguay,Japan,151.413,0.0,51.23734421747142,0.2512,3.3233010229050417e-06,1271,9.474660368407848e-07,0.8882635411888133,1652,False
2021,Sri Lanka,Singapore,81.552,0.0,44.84255444379046,0.4663,3.323034734033537e-06,1272,5.103112033738166e-07,0.8882640515000167,1864,False
2021,Iran (Islamic Republic of),United Arab Emirates,230.124,0.0,36.623733291616695,0.2436,3.277424652183423e-06,1273,1.439999697925203e-06,0.8882654914997147,1527,False
2021,Pakistan,Sierra Leone,217.42000000000002,0.0,72.26566093275687,0.1721,3.2681520962349764e-06,1274,1.3605044859419167e-06,0.8882668520042006,1545,False
2021,Thailand,"Congo, Dem. Rep. of the",234.33100000000002,0.0,25.126850480730248,0.1595,3.267263645221031e-06,1275,1.4663249779010913e-06,0.8882683183291785,1523,False
2021,India,Estonia,219.46,0.0,60.31167410917707,0.1704,3.266940111674967e-06,1276,1.3732697750198373e-06,0.8882696915989535,1542,False
2021,Japan,France,123.69900000000001,0.0,119.75844590497901,0.3129,3.2570266362290135e-06,1277,7.74045830220445e-07,0.8882704656447837,1734,False
2021,Ukraine,Bahrain,305.72700000000003,0.0,41.337533158667696,0.2231,3.2367141262205158e-06,1278,1.9130850656497305e-06,0.8882723787298494,1445,False
2021,Spain,Netherlands (Kingdom of the),216.363,0.0,80.11536168383688,0.46620000000000006,3.2342205900929147e-06,1279,1.3538903141010528e-06,0.8882737326201635,1547,False
2021,United Arab Emirates,Benin,129.83,0.0,70.5075868443349,0.2848,3.2296053908489322e-06,1280,8.124105298953134e-07,0.8882745450306934,1713,False
2021,Guyana,Peru,207.79500000000002,0.0,33.53786183498159,0.1777,3.227377235171583e-06,1281,1.3002760999737862e-06,0.8882758453067934,1557,False
2021,Suriname,Croatia,339.18,0.0,44.88177368948641,0.10759999999999999,3.1891951281014585e-06,1282,2.1224170340436908e-06,0.8882779677238274,1412,False
2021,Portugal,Jordan,148.744,0.0,108.7573280266767,0.24560000000000004,3.188605768447996e-06,1283,9.307647836305052e-07,0.888278898488611,1662,False
2021,Iran (Islamic Republic of),Australia,162.87,0.0,148.46810339534596,0.22440000000000002,3.1877453692093875e-06,1284,1.0191581530004598e-06,0.888279917646764,1631,False
2021,Pakistan,Thailand,117.5,0.0,119.44680851063829,0.3085,3.1633036105372963e-06,1285,7.352556209096459e-07,0.8882806529023849,1750,False
2021,Spain,Germany,178.52399999999997,0.0,103.61632049472341,0.4507000000000001,3.142344790611513e-06,1286,1.1171129741895625e-06,0.8882817700153591,1607,False
2021,Argentina,Lithuania,245.40000000000003,0.0,21.279543602281986,0.18239999999999998,3.1182234770101263e-06,1287,1.5355891861381031e-06,0.8882833056045453,1505,False
2021,Spain,Senegal,124.81,0.0,28.988061854018106,0.2855,3.1097696086682274e-06,1288,7.809979067721949e-07,0.8882840866024521,1728,False
2021,Italy,Iceland,209.641,0.0,71.88956358727539,0.1687,3.0889871112050806e-06,1289,1.311827435090375e-06,0.8882853984298872,1555,False
2021,"Korea, Republic of",Singapore,72.04,0.0,105.02498611882287,0.5212,3.033289005977054e-06,1290,4.507899143006884e-07,0.8882858492198015,1898,False
2021,Mexico,France,102.20100000000001,0.0,642.5866674494379,0.3425,3.018299117411476e-06,1291,6.39522210319887e-07,0.8882864887420118,1783,False
2021,Germany,Ukraine,196.50100000000003,0.0,169.32229352522376,0.23919999999999994,3.0136098671466584e-06,1292,1.2296039554414157e-06,0.8882877183459672,1577,False
2021,Brazil,Panama,183.447,0.0,167.31808097161579,0.3011,3.008706737848384e-06,1293,1.1479186203320154e-06,0.8882888662645876,1600,False
2021,Brazil,Nigeria,158.78300000000002,0.0,240.47284658937036,0.2139,2.9573789748402487e-06,1294,9.935837723820963e-07,0.88828985984836,1639,False
2021,Uruguay,Malta,132.812,0.0,72.10191850134024,0.249,2.888408279571467e-06,1295,8.310703789298034e-07,0.8882906909187389,1708,False
2021,Uruguay,Italy,147.327,0.0,42.00180550747657,0.3007,2.8861652620231375e-06,1296,9.218979137170671e-07,0.8882916128166526,1663,False
2021,Australia,Brunei Darussalam,186.886,0.0,56.26424665303982,0.17569999999999997,2.868743137499458e-06,1297,1.1694381444197453e-06,0.888292782254797,1595,False
2021,Trinidad and Tobago,Antigua and Barbuda,146.287,0.0,38.43130284987729,0.2247,2.8651056516040253e-06,1298,9.153901192851861e-07,0.8882936976449163,1668,False
2021,China,Netherlands (Kingdom of the),77.161,0.0,147.54863208097353,0.47409999999999997,2.8575263359401702e-06,1299,4.828345443830569e-07,0.8882941804794606,1880,False
2021,South Africa,Brazil,100.0,0.0,35.84,0.3213,2.808132102245056e-06,1300,6.257494646039539e-07,0.8882948062289252,1789,False
2021,Germany,Egypt,99.67,0.0,52.90458513093208,0.31970000000000004,2.7794882702900896e-06,1301,6.236844913707608e-07,0.8882954299134166,1794,False
2021,Argentina,Cyprus,154.722,0.0,44.87403213505513,0.2033,2.7486951023492082e-06,1302,9.681720866245295e-07,0.8882963980855032,1645,False
2021,Brazil,Yemen,269.681,0.0,34.41473444551155,0.1164,2.743620931497902e-06,1303,1.687527413638589e-06,0.8882980856129168,1474,False
2021,Canada,Mauritania,180.675,0.0,27.281029472810292,0.1737,2.743305025713723e-06,1304,1.1305728451731938e-06,0.8882992161857619,1602,False
2021,Ireland,Norway,187.02100000000002,0.0,46.925211607252656,0.1676,2.7389608199298688e-06,1305,1.1702829061969607e-06,0.8883003864686682,1594,False
2021,Trinidad and Tobago,Grenada,138.852,0.0,24.551320830812664,0.23859999999999998,2.7302821251034153e-06,1306,8.688656465918821e-07,0.8883012553343147,1692,False
2021,Cambodia,Ireland,267.803,0.0,45.6865681116343,0.1159,2.7122565808364216e-06,1307,1.6757758386933267e-06,0.8883029311101533,1476,False
2021,Mexico,Belize,142.453,0.0,136.90129376004717,0.2172,2.699243579291727e-06,1308,8.913988848122705e-07,0.8883038225090382,1679,False
2021,South Africa,Mauritius,94.767,0.0,74.50905906064348,0.3335,2.6954506299518226e-06,1309,5.93003995121229e-07,0.8883044155130333,1814,False
2021,New Zealand,Sweden,150.0,0.0,100.43333333333334,0.2055,2.690926418668789e-06,1310,9.386241969059309e-07,0.8883053541372302,1656,False
2021,Sweden,Senegal,159.558,0.0,62.52898632472205,0.1926,2.6845583221311083e-06,1311,9.984333307327767e-07,0.8883063525705609,1638,False
2021,India,Guatemala,140.618,0.0,45.05113143409805,0.21630000000000002,2.6575261234052866e-06,1312,8.799163821367878e-07,0.888307232486943,1686,False
2021,Brazil,Libya,235.675,0.0,35.735652911848945,0.1744,2.657368135366311e-06,1313,1.4747350507053685e-06,0.8883087072219937,1519,False
2021,Ukraine,Brazil,142.45000000000002,0.0,89.55422955422955,0.2133,2.65300305573631e-06,1314,8.913801123283324e-07,0.888309598602106,1680,False
2021,Ireland,France,147.28,0.0,61.46116241173275,0.22800000000000004,2.629059560386822e-06,1315,9.216038114687033e-07,0.8883105202059175,1664,False
2021,Cambodia,Thailand,122.788,0.0,31.607323191191323,0.2428,2.6058270601403873e-06,1316,7.683452525979029e-07,0.8883112885511701,1735,False
2021,Argentina,France,166.031,0.0,52.52031247176732,0.3093000000000001,2.5962879289993975e-06,1317,1.0389380935765907e-06,0.8883123274892637,1628,False
2021,India,Argentina,220.43400000000003,0.0,110.24615077528874,0.254,2.5865538952619154e-06,1318,1.37936457480508e-06,0.8883137068538385,1540,False
2021,Poland,Ukraine,150.43500000000003,0.0,24.32944461062917,0.22329999999999994,2.580126419675715e-06,1319,9.413462070769582e-07,0.8883146482000456,1655,False
2021,Namibia,Angola,124.561,0.0,55.4587712044701,0.23769999999999997,2.5795891303938195e-06,1320,7.794397906053311e-07,0.8883154276398362,1729,False
2021,United Kingdom,Poland,74.58,0.0,44.74389916867793,0.40480000000000005,2.543753150683335e-06,1321,4.666839507016288e-07,0.8883158943237869,1892,False
2021,Italy,Spain,54.893,0.0,55.45333649099157,0.53,2.5418003026974063e-06,1322,3.4349265360504845e-07,0.8883162378164405,1984,False
2021,Estonia,Poland,130.886,0.0,55.23126996011797,0.2321,2.5320421338489205e-06,1323,8.190184442415311e-07,0.8883170568348848,1710,False
2021,South Africa,Netherlands (Kingdom of the),144.141,0.0,79.42223239744418,0.3241,2.5217211305522584e-06,1324,9.019615357747852e-07,0.8883179587964206,1675,False
2021,China,Israel,126.82600000000001,0.0,68.62157601753583,0.3558,2.5171383563202947e-06,1325,7.936130159786106e-07,0.8883187524094366,1722,False
2021,Peru,Belgium,87.968,0.0,66.42188068388505,0.3272,2.514218798540172e-06,1326,5.504592890228062e-07,0.8883193028687256,1838,False
2021,Italy,Mozambique,115.032,0.0,199.37930315042772,0.2501,2.506966680537543e-06,1327,7.198121241232202e-07,0.8883200226808498,1758,False
2021,Indonesia,Timor-Leste,204.54000000000002,0.0,66.6324435318275,0.21099999999999997,2.503216573505369e-06,1328,1.2799079549009274e-06,0.8883213025888047,1564,False
2021,United States of America,Malta,96.03699999999999,0.0,81.45818799004552,0.2968,2.488728369161489e-06,1329,6.009510133216992e-07,0.888321903539818,1806,False
2021,Guyana,El Salvador,168.549,0.0,42.64041910660995,0.1688,2.486300305144852e-06,1330,1.0546944650953183e-06,0.8883229582342831,1622,False
2021,Australia,Mauritius,195.48,0.0,141.52342950685494,0.2295,2.463790301284487e-06,1331,1.223215053407809e-06,0.8883241814493364,1581,False
2021,Romania,Algeria,157.555,0.0,31.56992796166418,0.1788,2.4623045155321634e-06,1332,9.858995689567596e-07,0.8883251673489054,1642,False
2021,Pakistan,Trinidad and Tobago,161.129,0.0,62.53995246045095,0.1747,2.4590339997287828e-06,1333,1.0082638548217049e-06,0.8883261756127603,1633,False
2021,Thailand,Costa Rica,138.975,0.0,57.00305810397554,0.20349999999999996,2.4538062939400587e-06,1334,8.696353184333449e-07,0.8883270452480787,1691,False
2021,Viet Nam,Sao Tome and Principe,253.78,0.0,60.94254866419734,0.1088,2.4121137716878304e-06,1335,1.5880269912719144e-06,0.88832863327507,1498,False
2021,Japan,Netherlands (Kingdom of the),65.555,0.0,84.265120890855,0.4204,2.406529165364386e-06,1336,4.10210061521122e-07,0.8883290434851314,1926,False
2021,France,New Zealand,110.104,0.0,203.17154690111167,0.2497,2.39556347918654e-06,1337,6.889751905075375e-07,0.8883297324603219,1767,False
2021,Spain,Saudi Arabia,65.122,0.0,118.59279506157674,0.4419,2.393968644643305e-06,1338,4.075005663393869e-07,0.8883301399608882,1928,False
2021,Italy,Japan,136.007,0.0,122.6186887439617,0.29919999999999997,2.3726772690131847e-06,1339,8.510630743238997e-07,0.8883309910239625,1696,False
2021,Bangladesh,Qatar,144.18,0.0,46.42114024136496,0.1882,2.371097188696696e-06,1340,9.022055780659808e-07,0.8883318932295405,1674,False
2021,Myanmar,Cyprus,225.0,0.0,40.71111111111111,0.12050000000000001,2.369410908441791e-06,1341,1.4079362953588963e-06,0.8883333011658359,1533,False
2021,Estonia,Morocco,280.78,0.0,58.013391267184275,0.1723,2.3691236032595437e-06,1342,1.7569793467149817e-06,0.8883350581451825,1463,False
2021,Germany,Cyprus,99.265,0.0,113.77625547776155,0.2734,2.3685719924143254e-06,1343,6.211502060391149e-07,0.8883356792953886,1795,False
2021,South Africa,Greece,176.0,0.0,88.1875,0.2572999999999999,2.346022210395854e-06,1344,1.101319057702959e-06,0.8883367806144463,1610,False
2021,China,Brazil,74.568,0.0,334.2050209205021,0.3667,2.34523429833913e-06,1345,4.6660886076587635e-07,0.8883372472233071,1893,False
2021,Brazil,"Congo, Dem. Rep. of the",166.03900000000002,0.0,45.53147152175091,0.1612,2.338876409071482e-06,1346,1.0389881535337591e-06,0.8883382862114606,1627,False
2021,Japan,Russian Federation,135.15,0.0,96.15982241953385,0.2524,2.336759796458821e-06,1347,8.457004014122437e-07,0.888339131911862,1699,False
2021,Guyana,Saint Kitts and Nevis,158.268,0.0,32.640837061187355,0.1687,2.3336827950854323e-06,1348,9.903611626393858e-07,0.8883401222730246,1640,False
2021,China,Chile,130.487,0.0,453.4551334615709,0.35910000000000003,2.3256617331808047e-06,1349,8.165217038777613e-07,0.8883409387947285,1711,False
2021,Australia,Netherlands (Kingdom of the),97.173,0.0,49.468473752997234,0.3123,2.321262062342831e-06,1350,6.080595272396002e-07,0.8883415468542558,1801,False
2021,Uruguay,Cabo Verde,170.905,0.0,63.97121207688482,0.1646,2.3100165742469238e-06,1351,1.0694371224813875e-06,0.8883426162913783,1619,False
2021,Ukraine,El Salvador,152.268,0.0,46.90414269577324,0.1733,2.305835244083576e-06,1352,9.528161947631485e-07,0.8883435691075731,1649,False
2021,Finland,France,116.107,0.0,46.67246591506111,0.2269,2.3020508100741552e-06,1353,7.265389308677128e-07,0.888344295646504,1756,False
2021,Cambodia,Cyprus,219.226,0.0,60.03849908313795,0.1197,2.292474800759815e-06,1354,1.371805521272664e-06,0.8883456674520253,1543,False
2021,Belgium,Nigeria,91.08,0.0,269.0162494510321,0.288,2.282862481908368e-06,1355,5.699326123612812e-07,0.8883462373846376,1824,False
2021,Belgium,Malta,80.989,0.0,70.28114929187915,0.3224000000000001,2.279336919273509e-06,1356,5.067882338880963e-07,0.8883467441728715,1866,False
2021,Suriname,United States of America,109.05,0.0,32.12287941311325,0.2386,2.2742205594601095e-06,1357,6.823797911506118e-07,0.8883474265526626,1769,False
2021,Portugal,Israel,106.796,0.0,47.78268849020562,0.2435,2.2723063242170263e-06,1358,6.682753982184387e-07,0.8883480948280609,1771,False
2021,United States of America,Saint Lucia,174.038,0.0,85.87205093140578,0.2285,2.2685403775756036e-06,1359,1.0890418532074294e-06,0.8883491838699141,1614,False
2021,Argentina,Sudan,196.954,0.0,48.788041877798875,0.1316,2.26478799222993e-06,1360,1.2324386005160714e-06,0.8883504163085146,1576,False
2021,Indonesia,Oman,123.875,0.0,39.047426841574165,0.2087,2.2593758167082846e-06,1361,7.751471492781479e-07,0.8883511914556639,1733,False
2021,Suriname,Italy,144.528,0.0,31.018211004096095,0.1783,2.2524206161027625e-06,1362,9.043831862028024e-07,0.8883520958388501,1673,False
2021,Belgium,Italy,102.754,0.0,34.15925414095801,0.3851,2.21600577753294e-06,1363,6.429826048591468e-07,0.8883527388214549,1781,False
2021,Spain,Angola,92.69,0.0,29.94929334340274,0.2716,2.2004705008398044e-06,1364,5.800071787414049e-07,0.8883533188286337,1820,False
2021,South Africa,Cambodia,142.605,0.0,78.75600434767365,0.1766,2.199353805598688e-06,1365,8.923500239984685e-07,0.8883542111786576,1678,False
2021,New Zealand,Japan,88.143,0.0,151.5491871163904,0.2859,2.1978348577965427e-06,1366,5.515543505858631e-07,0.8883547627330083,1837,False
2021,Sri Lanka,New Zealand,116.342,0.0,95.24505337711231,0.21659999999999996,2.1895279684019965e-06,1367,7.280094421095321e-07,0.8883554907424503,1754,False
2021,Kenya,United States of America,118.014,0.0,67.11915535444948,0.2107,2.1719952907942062e-06,1368,7.384719731577101e-07,0.8883562292144235,1749,False
2021,Italy,Tunisia,112.27799999999999,0.0,95.5930814585226,0.22180000000000002,2.160298920426209e-06,1369,7.025789838680273e-07,0.8883569317934074,1764,False
2021,Bangladesh,Maldives,143.052,0.0,84.10228448396387,0.1728,2.1585650764869257e-06,1370,8.951471241052481e-07,0.8883578269405314,1676,False
2021,Myanmar,Australia,133.4,0.0,127.7511244377811,0.1827,2.126557294583259e-06,1371,8.347497857816746e-07,0.8883586616903172,1707,False
2021,Sudan,Portugal,138.0,0.0,61.268115942028984,0.1751,2.1109246375026466e-06,1372,8.635342611534564e-07,0.8883595252245784,1693,False
2021,Saint Vincent and the Grenadines,Grenada,100.47,0.0,24.873096446700508,0.2386,2.0955600938416135e-06,1373,6.286904870875925e-07,0.8883601539150655,1786,False
2021,China,Ukraine,75.321,0.0,83.01801622389506,0.3171,2.0856701167911544e-06,1374,4.713207542343441e-07,0.8883606252358197,1889,False
2021,Philippines,United Arab Emirates,120.396,0.0,61.80437888301937,0.20659999999999998,2.0846357891829117e-06,1375,7.533773254045764e-07,0.8883613786131451,1741,False
2021,Denmark,Finland,118.19399999999999,0.0,28.2332436502699,0.22500000000000006,2.080222044063575e-06,1376,7.395983221939973e-07,0.8883621182114673,1748,False
2021,Japan,Brunei Darussalam,135.1,0.0,115.33678756476685,0.1757,2.0716094497810458e-06,1377,8.453875266799417e-07,0.8883629635989939,1700,False
2021,Pakistan,Estonia,140.05,0.0,46.262049268118524,0.1691,2.0694388678962347e-06,1378,8.763621251778376e-07,0.8883638399611191,1687,False
2021,Colombia,Panama,57.951,0.0,104.8989663681386,0.41220000000000007,2.0691131764483186e-06,1379,3.6262807223263734e-07,0.8883642025891914,1965,False
2021,Argentina,Trinidad and Tobago,127.723,0.0,50.30417387627914,0.1842,2.0556654899889424e-06,1380,7.992259886761081e-07,0.8883650018151801,1719,False
2021,Slovenia,Croatia,212.566,0.0,66.05477828062813,0.3392,2.054098634775245e-06,1381,1.3301306069300407e-06,0.888366331945787,1551,False
2021,Cambodia,French Polynesia,145.299,0.0,48.080165727224546,0.1616,2.051708410226612e-06,1382,9.092077145748991e-07,0.8883672411535015,1672,False
2021,France,Denmark,122.044,0.0,306.9712562682311,0.24980000000000002,2.049633281715224e-06,1383,7.636896765812495e-07,0.8883680048431781,1736,False
2021,South Africa,Latvia,130.0,0.0,47.51538461538462,0.1791,2.0344859580665025e-06,1384,8.134743039851401e-07,0.8883688183174822,1712,False
2021,Cambodia,Finland,197.768,0.0,66.96735568949477,0.1177,2.033274335302979e-06,1385,1.2375322011579475e-06,0.8883700558496833,1575,False
2021,Ukraine,New Zealand,107.10900000000001,0.0,67.57602068920446,0.21689999999999998,2.0292817573337856e-06,1386,6.702339940426491e-07,0.8883707260836774,1770,False
2021,Latvia,Norway,135.79100000000003,0.0,25.782268338844247,0.17049999999999998,2.0188379321908776e-06,1387,8.497114554803552e-07,0.8883715757951329,1697,False
2021,India,Denmark,90.661,0.0,106.77137909354629,0.258,2.0154951933711553e-06,1388,5.673107221045907e-07,0.888372143105855,1827,False
2021,Croatia,France,175.692,0.0,38.66994513125242,0.2567,2.011932693169599e-06,1389,1.0993917493519789e-06,0.8883732424976043,1611,False
2021,Italy,Argentina,88.979,0.0,100.09103271558457,0.25999999999999995,2.010062253057713e-06,1390,5.567856161099521e-07,0.8883737992832204,1831,False
2021,"Korea, Republic of","China, Hong Kong SAR",49.821,0.0,110.91708315770458,0.4623,2.0075040463003527e-06,1391,3.1175464076033586e-07,0.8883741110378611,2018,False
2021,Viet Nam,Ireland,125.793,0.0,48.78649845380903,0.1822,2.0026749751471477e-06,1392,7.871490240092518e-07,0.8883748981868851,1726,False
2021,Sri Lanka,Japan,57.084,0.0,39.53822437110223,0.40129999999999993,2.001971750992361e-06,1393,3.572028243745211e-07,0.8883752553897094,1970,False
2021,"Korea, Republic of",United Kingdom,50.865,0.0,132.64523739309936,0.4548,1.989671324614308e-06,1394,3.1828746517080117e-07,0.8883755736771746,2007,False
2021,Malaysia,Viet Nam,49.644,0.0,48.60607525582145,0.4582,1.9875753523666037e-06,1395,3.1064706420798686e-07,0.8883758843242388,2022,False
2021,Thailand,Chile,88.319,0.0,81.13769404091984,0.2564,1.973064679653107e-06,1396,5.52655669643566e-07,0.8883764369799084,1836,False
2021,Poland,Chile,89.512,0.0,183.50612208418983,0.2519,1.9653958823147307e-06,1397,5.601208607562913e-07,0.8883769971007692,1830,False
2021,Myanmar,Estonia,200.0,0.0,48.745,0.1121,1.959037910058463e-06,1398,1.2514989292079079e-06,0.8883782485996984,1570,False
2021,Italy,Singapore,48.226,0.0,124.74598764152117,0.4643,1.953802300744311e-06,1399,3.0177393679990284e-07,0.8883785503736352,2035,False
2021,Ireland,Belgium,115.639,0.0,43.099646313095064,0.24930000000000002,1.9503226374743055e-06,1400,7.236104233733663e-07,0.8883792739840586,1757,False
2021,Bangladesh,Singapore,80.834,0.0,75.43855308409827,0.2758,1.9390531636992395e-06,1401,5.058183222179602e-07,0.8883797798023808,1867,False
2021,Japan,Finland,119.58000000000001,0.0,36.03445392206054,0.18439999999999998,1.926006408281542e-06,1402,7.482712097734082e-07,0.8883805280735906,1743,False
2021,Ukraine,"Tanzania, United Republic of",112.803,0.0,155.02247280657429,0.1956,1.9242265877711317e-06,1403,7.058641685571981e-07,0.8883812339377591,1761,False
2021,South Africa,Sri Lanka,59.511,0.0,104.2160272890726,0.3685,1.9142524787677395e-06,1404,3.7238976388045904e-07,0.888381606327523,1954,False
2021,Antigua and Barbuda,Solomon Islands,201.947,0.0,35.697484983683836,0.1081,1.9079773931780157e-06,1405,1.2636822712837467e-06,0.8883828700097943,1568,False
2021,Belize,Guatemala,98.836,0.0,30.161074911975394,0.22,1.9005940555137852e-06,1406,6.184657408359639e-07,0.8883834884755352,1796,False
2021,Uruguay,Lebanon,87.203,0.0,37.86566975906792,0.2481,1.8908121838290026e-06,1407,5.45672305618586e-07,0.8883840341478408,1845,False
2021,France,Senegal,86.53600000000002,0.0,103.1824905241749,0.2788,1.8820346420611518e-06,1408,5.414985566896777e-07,0.8883845756463975,1846,False
2021,India,Cambodia,126.01800000000001,0.0,70.46612388706374,0.1825,1.8651106342111765e-06,1409,7.885569603046107e-07,0.8883853642033578,1724,False
2021,Bulgaria,Saudi Arabia,232.46300000000002,0.0,45.31473825942192,0.1826,1.8564011273832895e-06,1410,1.4546359779022895e-06,0.8883868188393357,1525,False
2021,Viet Nam,Poland,71.516,0.0,133.71832876559088,0.2962,1.8465322351445982e-06,1411,4.475109871061637e-07,0.8883872663503228,1900,False
2021,China,Italy,45.098,0.0,181.24972282584596,0.4738,1.8385038235904826e-06,1412,2.8220049354709113e-07,0.8883875485508164,2061,False
2021,Thailand,Comoros,124.525,0.0,71.12627986348123,0.1686,1.8337643140625295e-06,1413,7.792145207980736e-07,0.8883883277653372,1730,False
2021,Australia,United States of America,172.659,0.0,45.893929653247156,0.2919,1.8255320665255136e-06,1414,1.0804127680905408e-06,0.8883894081781053,1617,False
2021,Egypt,Greece,50.0,0.0,50.56,0.415,1.81302797976298e-06,1415,3.1287473230197697e-07,0.8883897210528376,2014,False
2021,Sweden,Ireland,117.183,0.0,28.90350989477996,0.17699999999999996,1.8092996396128417e-06,1416,7.332719951068514e-07,0.8883904543248328,1751,False
2021,New Zealand,Viet Nam,91.305,0.0,15.59607907562565,0.2258,1.8025381157465024e-06,1417,5.713405486566401e-07,0.8883910256653814,1823,False
2021,China,Greece,48.0,0.0,89.5625,0.4281,1.7941751696279542e-06,1418,3.003597430098979e-07,0.8883913260251244,2037,False
2021,Myanmar,Ukraine,119.47200000000001,0.0,35.22164189098701,0.1716,1.7918258962490693e-06,1419,7.475954003516359e-07,0.8883920736205247,1744,False
2021,Belgium,"Congo, Dem. Rep. of the",95.828,0.0,64.72012355470217,0.2157,1.786501576925164e-06,1420,5.99643196940677e-07,0.8883926732637217,1809,False
2021,China,Iran (Islamic Republic of),64.655,0.0,78.98847730260614,0.3158,1.7831110145784046e-06,1421,4.0457831633968644e-07,0.888393077842038,1932,False
2021,Togo,United States of America,84.291,0.0,97.36508049495201,0.2432,1.7819290654499466e-06,1422,5.274504812093188e-07,0.8883936052925192,1852,False
2021,Russian Federation,Philippines,103.08500000000001,0.0,47.6305961100063,0.1961,1.7663918277287819e-06,1423,6.450538355869859e-07,0.8883942503463548,1780,False
2021,"Korea, Republic of",United Arab Emirates,45.606,0.0,108.75761961145463,0.4442999999999999,1.7637072216351584e-06,1424,2.853793008272792e-07,0.8883945357256556,2056,False
2021,Egypt,United Kingdom,49.0,0.0,20.428571428571427,0.4109,1.7601755682207402e-06,1425,3.066172376559374e-07,0.8883948423428933,2029,False
2021,India,Cayman Islands,129.274,0.0,46.80755604375203,0.1555,1.7565596463553993e-06,1426,8.089313628721154e-07,0.8883956512742562,1716,False
2021,Uruguay,Guatemala,92.043,0.0,37.69977075931901,0.2172,1.7471989415544475e-06,1427,5.759585797054174e-07,0.888396227232836,1821,False
2021,Germany,Iceland,97.77300000000001,0.0,41.36111196342548,0.2275,1.717758887316299e-06,1428,6.118140240272239e-07,0.88839683904686,1800,False
2021,Chile,Ukraine,95.738,0.0,207.40980592868036,0.2049,1.7091423921968457e-06,1429,5.990800224225333e-07,0.8883974381268823,1810,False
2021,Grenada,Saint Vincent and the Grenadines,81.819,0.0,27.377504002737748,0.2386,1.706464111487035e-06,1430,5.119819544443091e-07,0.8883979501088368,1862,False
2021,Belgium,Denmark,86.24000000000001,0.0,85.30844155844154,0.23829999999999998,1.6934067517799846e-06,1431,5.396463382744499e-07,0.8883984897551751,1848,False
2021,Myanmar,Ireland,165.94,0.0,43.26865131975413,0.1165,1.6893785594777845e-06,1432,1.038368661563801e-06,0.8883995281238367,1629,False
2021,Canada,Belgium,81.879,0.0,16.121349796651156,0.3043,1.685735247192596e-06,1433,5.123574041230715e-07,0.8884000404812409,1861,False
2021,Syrian Arab Republic,Egypt,76.54,0.0,58.33551084400313,0.2519,1.6843980261216034e-06,1434,4.789486402078664e-07,0.8884005194298811,1885,False
2021,Thailand,Dominican Republic,76.565,0.0,439.7570691569255,0.2523,1.675934388363966e-06,1435,4.791050775740173e-07,0.8884009985349587,1884,False
2021,Netherlands (Kingdom of the),Jamaica,66.89,0.0,34.65390940349828,0.2846,1.663834407730011e-06,1436,4.1856381687358477e-07,0.8884014170987755,1920,False
2021,Iran (Islamic Republic of),Germany,87.456,0.0,100.85071350164654,0.2193,1.658926793685596e-06,1437,5.47255451764034e-07,0.8884019643542272,1842,False
2021,Italy,Denmark,74.346,0.0,52.68608936593764,0.2645,1.6525310525279493e-06,1438,4.652196969544556e-07,0.8884024295739242,1894,False
2021,United States of America,Benin,116.50200000000001,0.0,63.91306587011381,0.24169999999999997,1.648137720453624e-06,1439,7.290106412528985e-07,0.8884031585845655,1753,False
2021,Germany,Russian Federation,126.85900000000002,0.0,230.9020250829661,0.29789999999999994,1.6293394729437116e-06,1440,7.938195133019301e-07,0.8884039524040789,1721,False
2021,China,Oman,43.205,0.0,47.86483045943757,0.4429000000000001,1.6243997613515902e-06,1441,2.703550561821383e-07,0.8884042227591351,2073,False
2021,Argentina,Norway,111.35900000000001,0.0,29.41836762183568,0.1666,1.6216539829562598e-06,1442,6.968283462883171e-07,0.8884049195874814,1766,False
2021,Sri Lanka,Kuwait,100.279,0.0,38.38291167642278,0.18740000000000004,1.6184613729339986e-06,1443,6.27495305610199e-07,0.888405547082787,1787,False
2021,Peru,Italy,69.659,0.0,64.85881221378429,0.264,1.6064131478015262e-06,1444,4.358908195484683e-07,0.8884059829736065,1911,False
2021,Ecuador,United States of America,82.185,0.0,51.797773316298596,0.29229999999999995,1.5928030883467213e-06,1445,5.142721974847595e-07,0.888406497245804,1858,False
2021,Thailand,Guatemala,133.758,0.0,89.81892671840188,0.213,1.5777055274830171e-06,1446,8.369899688649567e-07,0.8884073342357729,1704,False
2021,New Zealand,Philippines,87.25500000000001,0.0,16.721104807747405,0.20879999999999999,1.5775709181614986e-06,1447,5.4599769534018e-07,0.8884078802334683,1844,False
2021,Myanmar,Greece,100.0,0.0,42.56,0.1783,1.5581353178694675e-06,1448,6.257494646039539e-07,0.8884085059829329,1789,False
2021,Bangladesh,Italy,94.807,0.0,108.02999778497369,0.1878,1.5540789618760723e-06,1449,5.932542949070706e-07,0.8884090992372278,1813,False
2021,Suriname,Germany,100.0,0.0,34.02,0.1759,1.5374004220343054e-06,1450,6.257494646039539e-07,0.8884097249866924,1789,False
2021,Fiji,New Zealand,70.688,0.0,59.17553191489362,0.2486,1.5352101113717825e-06,1451,4.4232978153924295e-07,0.8884101673164739,1905,False
2021,South Africa,Cameroon,65.033,0.0,311.4572601602263,0.2699,1.5263807107483994e-06,1452,4.0694364931588936e-07,0.8884105742601233,1929,False
2021,"Korea, Republic of",Germany,52.335,0.0,127.90675456195662,0.4523,1.514490079316061e-06,1453,3.274859823004793e-07,0.8884109017461056,1997,False
2021,Colombia,Costa Rica,56.456,0.0,103.142270086439,0.3043,1.4996317102407582e-06,1454,3.5327311773680825e-07,0.8884112550192234,1975,False
2021,Uruguay,Honduras,94.58,0.0,33.07253119052654,0.1805,1.4921239201667192e-06,1455,5.918338436224197e-07,0.888411846853067,1815,False
2021,Suriname,Greece,100.0,0.0,43.4,0.17059999999999997,1.4908235083599303e-06,1456,6.257494646039539e-07,0.8884124726025315,1789,False
2021,Barbados,Grenada,70.013,0.0,21.081799094453885,0.24320000000000003,1.4885503765537457e-06,1457,4.3810597265316627e-07,0.8884129107085041,1910,False
2021,Viet Nam,Latvia,93.4,0.0,58.58672376873661,0.18199999999999997,1.4850648047536817e-06,1458,5.84449999940093e-07,0.8884134951585041,1818,False
2021,Italy,France,116.75000000000001,0.0,82.7494646680942,0.45539999999999997,1.4802652395073889e-06,1459,7.305624999251163e-07,0.888414225721004,1752,False
2021,New Zealand,"Korea, Republic of",53.316,0.0,320.14779803436113,0.3186,1.4769275691446253e-06,1460,3.336245845482441e-07,0.8884145593455886,1993,False
2021,Spain,Brazil,50.376,0.0,83.75019850722566,0.33280000000000004,1.4639682733489124e-06,1461,3.152275502888878e-07,0.8884148745731388,2012,False
2021,Latvia,Denmark,88.977,0.0,21.859581689650135,0.18780000000000002,1.4607968302826547e-06,1462,5.567731011206601e-07,0.8884154313462399,1832,False
2021,Russian Federation,Guatemala,80.81400000000001,0.0,32.766599846561235,0.2067,1.4600142213523534e-06,1463,5.056931723250394e-07,0.8884159370394122,1868,False
2021,Thailand,Sri Lanka,45.985,0.0,395.7377405675764,0.3652000000000001,1.4581496929950915e-06,1464,2.877508912981282e-07,0.8884162247903036,2052,False
2021,Chile,Poland,66.353,0.0,131.6443868400826,0.25190000000000007,1.457131632594658e-06,1465,4.152035422486615e-07,0.8884166399938458,1922,False
2021,Japan,United Arab Emirates,70.408,0.0,126.42029314850585,0.2376,1.4496113009225101e-06,1466,4.405776830383519e-07,0.8884170805715288,1908,False
2021,Sri Lanka,Norway,98.135,0.0,48.48423090640444,0.16779999999999998,1.4382006968146943e-06,1467,6.140792370890902e-07,0.8884176946507659,1799,False
2021,Ukraine,Trinidad and Tobago,93.686,0.0,73.0738851055654,0.1755,1.4360339312344965e-06,1468,5.862396434088603e-07,0.8884182808904093,1817,False
2021,United Kingdom,Iceland,74.182,0.0,26.01709309536006,0.22000000000000003,1.4259902593492877e-06,1469,4.641934678325051e-07,0.8884187450838772,1895,False
2021,United States of America,Lithuania,85.648,0.0,187.92032505137308,0.18749999999999997,1.3996646638512388e-06,1470,5.359419014439944e-07,0.8884192810257786,1849,False
2021,Chile,Jamaica,66.662,0.0,52.62368365785605,0.24020000000000002,1.3990191045523257e-06,1471,4.171371080942878e-07,0.8884196981628867,1921,False
2021,Bulgaria,Egypt,87.462,0.0,44.16775285266744,0.1826,1.3955991841980478e-06,1472,5.472929967319102e-07,0.8884202454558834,1841,False
2021,Myanmar,Togo,90.0,0.0,26.6,0.1772,1.3940725971989502e-06,1473,5.631745181435585e-07,0.8884208086304015,1828,False
2021,Cambodia,Singapore,68.151,0.0,69.34601106366745,0.2326,1.384594167597403e-06,1474,4.264545176222406e-07,0.8884212350849191,1917,False
2021,France,Tunisia,100.12,0.0,54.055133839392724,0.17210000000000006,1.3730076110585164e-06,1475,6.265003639614787e-07,0.888421861585283,1788,False
2021,Viet Nam,Mauritius,59.809000000000005,0.0,225.63493788560248,0.2632,1.3710632424033704e-06,1476,3.7425449728497885e-07,0.8884222358397803,1953,False
2021,Viet Nam,Brunei Darussalam,70.391,0.0,55.958858376781116,0.2216,1.3628034908807532e-06,1477,4.4047130562936924e-07,0.888422676311086,1909,False
2021,Mexico,Suriname,68.811,0.0,37.39227739750911,0.2266,1.36273175952002e-06,1478,4.305844640886268e-07,0.88842310689555,1912,False
2021,Uruguay,United Arab Emirates,60.819,0.0,41.38509347407882,0.2544,1.3521244814177945e-06,1479,3.8057456687747877e-07,0.8884234874701169,1947,False
2021,Spain,India,40.852000000000004,0.0,129.63869577988837,0.3792,1.3515810121131188e-06,1480,2.5563117128000726e-07,0.8884237431012881,2090,False
2021,Brazil,Israel,63.302,0.0,17.803544911693155,0.2428,1.3437317281747849e-06,1481,3.961119260835949e-07,0.8884241392132142,1936,False
2021,El Salvador,Guatemala,113.64600000000002,0.0,57.811097618921906,0.24559999999999998,1.3406521723025287e-06,1482,7.111392365438095e-07,0.8884248503524507,1760,False
2021,Estonia,Netherlands (Kingdom of the),196.461,0.0,32.66297127674195,0.2247,1.3363014938771999e-06,1483,1.229353655655574e-06,0.8884260797061063,1578,False
2021,Greece,United States of America,51.533,0.0,53.01457318611375,0.2955,1.3304857226307152e-06,1484,3.224674715943556e-07,0.8884264021735779,2004,False
2021,Belgium,Japan,44.480000000000004,0.0,33.610611510791365,0.3413,1.3268445034322148e-06,1485,2.7833336185583875e-07,0.8884266805069397,2065,False
2021,Myanmar,Lithuania,126.96900000000001,0.0,43.99499090329135,0.118,1.3092516901172948e-06,1486,7.945078377129944e-07,0.8884274750147775,1720,False
2021,Pakistan,Iceland,88.60900000000001,0.0,51.08961843605051,0.1682,1.3022364299424388e-06,1487,5.544703430909176e-07,0.8884280294851206,1835,False
2021,Brazil,Aruba,81.154,0.0,70.051999901422,0.1836,1.3014234089902905e-06,1488,5.078207205046927e-07,0.888428537305841,1865,False
2021,Haiti,United States of America,61.001000000000005,0.0,43.86813330929001,0.242,1.290009945259871e-06,1489,3.81713430903058e-07,0.8884289190192719,1945,False
2021,Italy,Egypt,31.216,0.0,64.06970784213223,0.473,1.2887811417339879e-06,1490,1.9533395287077026e-07,0.8884291143532248,2165,False
2021,Germany,Australia,48.0,0.0,53.916666666666664,0.303,1.2707011976560098e-06,1491,3.003597430098979e-07,0.8884294147129678,2037,False
2021,Russian Federation,Cameroon,62.254,0.0,79.57721592186847,0.2328,1.2656379082450886e-06,1492,3.8955407169454546e-07,0.8884298042670394,1942,False
2021,Malta,Germany,35.02,0.0,57.28155339805825,0.4118,1.2598886608480523e-06,1493,2.1913746250430467e-07,0.888430023404502,2134,False
2021,Argentina,Colombia,49.447,0.0,48.49636985054705,0.2915,1.2594504549774367e-06,1494,3.094143377627171e-07,0.8884303328188398,2025,False
2021,Indonesia,Saudi Arabia,65.772,0.0,75.5032536641732,0.2176,1.2499472649885334e-06,1495,4.115679378593126e-07,0.8884307443867776,1925,False
2021,Philippines,Qatar,71.449,0.0,60.6026676370558,0.2002,1.2495971939285907e-06,1496,4.47091734964879e-07,0.8884311914785126,1901,False
2021,France,Bulgaria,85.006,0.0,295.42620520904404,0.18079999999999996,1.2488918174096894e-06,1497,5.319245898812371e-07,0.8884317234031025,1850,False
2021,China,Belgium,29.779,0.0,201.61859028174217,0.48260000000000003,1.2451813725768364e-06,1498,1.8634193306441144e-07,0.8884319097450356,2176,False
2021,Madagascar,France,96.72800000000001,0.0,27.975353568770156,0.1738,1.239851050790233e-06,1499,6.052749421221126e-07,0.8884325150199778,1802,False
2021,Denmark,Italy,105.99300000000001,0.0,37.691168284698044,0.2645,1.2335111661329636e-06,1500,6.632506300176689e-07,0.8884331782706077,1775,False
2021,Tunisia,Libya,64.886,0.0,28.819776222914037,0.2168,1.2296176229994496e-06,1501,4.0602379760292153e-07,0.8884335842944053,1931,False
2021,Sudan,Saudi Arabia,60.09,0.0,53.253453153602926,0.23869999999999997,1.2274698976375112e-06,1502,3.7601285328051594e-07,0.8884339603072586,1951,False
2021,Bangladesh,Mauritius,77.364,0.0,294.3617186288196,0.1809,1.217419271908098e-06,1503,4.84104815796203e-07,0.8884344444120744,1879,False
2021,United States of America,Bulgaria,76.196,0.0,62.06362538715943,0.181,1.2047846269119928e-06,1504,4.767960620496287e-07,0.8884349212081365,1887,False
2021,Italy,Ecuador,54.032000000000004,0.0,233.45424933372814,0.2552,1.2008095625646084e-06,1505,3.381049507148084e-07,0.8884352593130872,1989,False
2021,Portugal,Italy,47.722,0.0,30.824357738569212,0.3691,1.1999059505171887e-06,1506,2.986201594982989e-07,0.8884355579332467,2042,False
2021,Belgium,Maldives,146.39499999999998,0.0,31.975135762833435,0.1728,1.19835850543371e-06,1507,9.160659287069582e-07,0.8884364739991754,1667,False
2021,Argentina,New Zealand,61.61,0.0,100.0649245252394,0.2227,1.1977575495762457e-06,1508,3.85524245142496e-07,0.8884368595234206,1943,False
2021,Spain,Tunisia,125.132,0.0,52.62442860339481,0.21740000000000004,1.1880977915217745e-06,1509,7.830128200482197e-07,0.8884376425362406,1727,False
2021,Egypt,Germany,79.919,0.0,54.33000913424843,0.31970000000000004,1.1866082308550003e-06,1510,5.000927146168339e-07,0.8884381426289552,1871,False
2021,Iran (Islamic Republic of),Qatar,64.56400000000001,0.0,27.662474443962576,0.2097,1.183471345213811e-06,1511,4.0400888432689686e-07,0.8884385466378395,1933,False
2021,Bulgaria,Algeria,77.818,0.0,36.713870826801,0.1734,1.1793096154968618e-06,1512,4.869457183655049e-07,0.8884390335835579,1878,False
2021,Viet Nam,Maldives,78.0,0.0,44.73076923076923,0.1728,1.1778061801023442e-06,1513,4.88084582391084e-07,0.8884395216681403,1877,False
2021,Japan,Israel,53.61,0.0,13.01995896288006,0.2458,1.1521541822344509e-06,1514,3.354642879741797e-07,0.8884398571324283,1992,False
2021,Guatemala,United States of America,47.599000000000004,0.0,92.75404945482047,0.2974,1.1438750913506447e-06,1515,2.9785048765683604e-07,0.888440154982916,2044,False
2021,Indonesia,Singapore,81.582,0.0,50.42779044397049,0.3191,1.142189106920059e-06,1516,5.104989282131976e-07,0.8884406654818442,1863,False
2021,Italy,Germany,87.75900000000001,0.0,92.90215248578492,0.3768999999999999,1.1376602008166592e-06,1517,5.491514726417841e-07,0.8884412146333168,1840,False
2021,Philippines,Saudi Arabia,62.634,0.0,72.86777149790848,0.207,1.13238134287781e-06,1518,3.919319196600405e-07,0.8884416065652365,1940,False
2021,China,Angola,52.040000000000006,0.0,222.44427363566484,0.301,1.1255399880435128e-06,1519,3.256400213798977e-07,0.8884419322052579,2001,False
2021,Uruguay,Finland,70.492,0.0,39.11082108608069,0.1817,1.1193707761946728e-06,1520,4.4110331258861923e-07,0.8884423733085705,1907,False
2021,Mexico,United Kingdom,46.761,0.0,67.96261842133401,0.3155,1.1148641107401536e-06,1521,2.926067071434549e-07,0.8884426659152777,2049,False
2021,Germany,Finland,68.34700000000001,0.0,85.88526197199583,0.26609999999999995,1.1139368557286489e-06,1522,4.2768098657286443e-07,0.8884430935962643,1916,False
2021,Viet Nam,Jamaica,56.345,0.0,71.31067530393113,0.226,1.1122119161045194e-06,1523,3.5257853583109785e-07,0.8884434461748001,1976,False
2021,Trinidad and Tobago,Saint Kitts and Nevis,55.056000000000004,0.0,31.74949142691078,0.2298,1.1058346383686405e-06,1524,3.445126252323529e-07,0.8884437906874253,1982,False
2021,Russian Federation,India,42.948,0.0,78.69982304181801,0.294,1.1026896498291873e-06,1525,2.687468800581061e-07,0.8884440594343054,2074,False
2021,Netherlands (Kingdom of the),Aruba,106.34400000000001,0.0,67.6295794779207,0.24149999999999996,1.1026487323465862e-06,1526,6.654470106384288e-07,0.888444724881316,1773,False
2021,India,Latvia,76.86,0.0,77.64767109029404,0.1822,1.1023143591078465e-06,1527,4.809510384945989e-07,0.8884452058323544,1881,False
2021,Japan,Qatar,45.983000000000004,0.0,118.67429267337928,0.2728,1.0946867479116346e-06,1528,2.8773837630883615e-07,0.8884454935707308,2053,False
2021,Brazil,Belize,71.366,0.0,166.94224140346944,0.1759,1.094529540206051e-06,1529,4.4657236290925773e-07,0.8884459401430936,1902,False
2021,Mexico,Chile,72.392,0.0,511.9764614874572,0.34720000000000006,1.0902703477187264e-06,1530,4.5299255241609427e-07,0.8884463931356461,1897,False
2021,United States of America,Cyprus,90.922,0.0,72.66668133125097,0.2116,1.0871496650744502e-06,1531,5.68943928207207e-07,0.8884469620795743,1826,False
2021,Spain,Chile,48.102000000000004,0.0,100.51557107812565,0.2628,1.0848853863123304e-06,1532,3.0099800746379393e-07,0.8884472630775818,2036,False
2021,Spain,Jordan,58.89,0.0,43.60672440142639,0.2901,1.0756322078157918e-06,1533,3.6850385970526845e-07,0.8884476315814416,1960,False
2021,France,Mauritania,57.007,0.0,57.81746101355974,0.22130000000000002,1.0637848128832369e-06,1534,3.5672099728677597e-07,0.8884479883024389,1971,False
2021,Australia,Lebanon,55.558,0.0,63.82519169156557,0.2428,1.0517674920847438e-06,1535,3.476538875446647e-07,0.8884483359563264,1981,False
2021,Finland,Norway,78.56,0.0,29.073319755600814,0.21609999999999993,1.0468706707838612e-06,1536,4.915887793928662e-07,0.8884488275451058,1874,False
2021,China,Cyprus,55.89,0.0,80.44372875290749,0.2139,1.0439903880563691e-06,1537,3.4973137576714986e-07,0.8884491772764815,1980,False
2021,China,Guinea,68.695,0.0,31.96739209549458,0.17280000000000004,1.037387711095906e-06,1538,4.298585947096861e-07,0.8884496071350763,1913,False
2021,Netherlands (Kingdom of the),Benin,52.0,0.0,63.15384615384615,0.2255,1.0243239048614348e-06,1539,3.2538972159405605e-07,0.8884499325247979,2002,False
2021,Cambodia,Namibia,70.549,0.0,55.30907596138854,0.1661,1.0237925836083428e-06,1540,4.414599897834435e-07,0.8884503739847877,1906,False
2021,Indonesia,France,53.923,0.0,116.33254826326429,0.2166,1.0192594295355032e-06,1541,3.3742288379839006e-07,0.8884507114076714,1991,False
2021,Saint Lucia,Saint Vincent and the Grenadines,50.52,0.0,26.84085510688836,0.2305,1.0179062140158108e-06,1542,3.161286295179175e-07,0.8884510275363009,2011,False
2021,Japan,New Zealand,40.885,0.0,164.2656230891525,0.2859,1.0178188005189475e-06,1543,2.5583766860332654e-07,0.8884512833739695,2089,False
2021,Italy,Panama,35.587,0.0,64.01213926433809,0.3262,1.0140331000878815e-06,1544,2.226854619686091e-07,0.8884515060594315,2130,False
2021,Malaysia,"China, Hong Kong SAR",23.761,0.0,45.07386052775557,0.4883,1.0135903327860184e-06,1545,1.486843302845455e-07,0.8884516547437618,2272,False
2021,Estonia,Lithuania,112.75800000000001,0.0,49.83238439844622,0.22589999999999996,1.009172639321077e-06,1546,7.055825812981265e-07,0.888452360326343,1762,False
2021,Belize,Suriname,68.538,0.0,34.81280457556392,0.1684,1.0087566885080404e-06,1547,4.2887616805025794e-07,0.888452789202511,1915,False
2021,Australia,Timor-Leste,55.04,0.0,22.98328488372093,0.2133,1.0050200046129667e-06,1548,3.444125053180162e-07,0.8884531336150163,1983,False
2021,China,Egypt,25.146,0.0,65.02028155571462,0.4537,9.963175420417462e-07,1549,1.5735096036931026e-07,0.8884532909659767,2249,False
2021,Brazil,Norway,66.178,0.0,33.50055909818973,0.1731,9.936090287803344e-07,1550,4.141084806856046e-07,0.8884537050744574,1923,False
2021,United Kingdom,France,27.14,0.0,141.56226971260133,0.5102,9.912337677448775e-07,1551,1.698284046935131e-07,0.8884538749028621,2220,False
2021,Myanmar,Libya,96.48400000000001,0.0,71.60772770614817,0.11619999999999998,9.79232936883385e-07,1552,6.03748113428479e-07,0.8884544786509755,1804,False
2021,Nicaragua,Dominican Republic,59.875,0.0,156.09185803757828,0.1872,9.774762847078005e-07,1553,3.746674919316174e-07,0.8884548533184674,1952,False
2021,Australia,Samoa,49.21,0.0,8.12842918106076,0.22640000000000002,9.73137907836993e-07,1554,3.0793131153160574e-07,0.888455161249779,2027,False
2021,"Korea, Republic of",New Zealand,34.811,0.0,131.22288931659534,0.31860000000000005,9.653514278744834e-07,1555,2.178296461232824e-07,0.8884553790794251,2136,False
2021,Denmark,Ireland,94.83800000000001,0.0,54.313671734958554,0.1775,9.64554752845547e-07,1556,5.934482772410979e-07,0.8884559725277023,1812,False
2021,Viet Nam,Senegal,58.358,0.0,56.44470338256966,0.1882,9.592073095841321e-07,1557,3.651748725535754e-07,0.8884563377025748,1962,False
2021,Italy,Sierra Leone,62.833,0.0,65.77753728136489,0.1745,9.577483021237033e-07,1558,3.9317716109460236e-07,0.8884567308797359,1939,False
2021,Viet Nam,Romania,47.26,0.0,60.98180279305967,0.2304,9.512176585766205e-07,1559,2.957291969718286e-07,0.8884570266089329,2047,False
2021,Argentina,Georgia,93.34,0.0,35.268909363616885,0.1146,9.348962445820723e-07,1560,5.840745502613306e-07,0.8884576106834832,1819,False
2021,Lebanon,Brazil,42.641,0.0,77.24959545976877,0.2493,9.283763141079579e-07,1561,2.6682582920177195e-07,0.8884578775093124,2077,False
2021,Ecuador,Peru,28.763,0.0,40.01668810624761,0.36910000000000004,9.277721908817802e-07,1562,1.799843185040353e-07,0.8884580574936308,2193,False
2021,"Tanzania, United Republic of",India,38.7,0.0,44.10852713178294,0.2735,9.249175828323309e-07,1563,2.421650428017302e-07,0.8884582996586736,2104,False
2021,Russian Federation,Qatar,38.419000000000004,0.0,27.304198443478484,0.2739,9.198250290874158e-07,1564,2.4040668680619306e-07,0.8884585400653604,2105,False
2021,Pakistan,"Korea, Republic of",34.54,0.0,45.19397799652577,0.3045,9.19040097400091e-07,1565,2.1613386507420568e-07,0.8884587561992254,2138,False
2021,Israel,Germany,47.583,0.0,52.770947607338755,0.3002,9.148957573802682e-07,1566,2.977503677424994e-07,0.8884590539495931,2045,False
2021,France,Finland,58.283,0.0,44.19813667793353,0.22689999999999996,9.12162851352794e-07,1567,3.647055604551225e-07,0.8884594186551535,1963,False
2021,Viet Nam,Ukraine,45.813,0.0,108.30986837797131,0.2305,9.057498537490214e-07,1568,2.866746022190094e-07,0.8884597053297557,2055,False
2021,Thailand,Suriname,62.976,0.0,75.47319613821138,0.1643,9.036584859697906e-07,1569,3.9407198282898603e-07,0.8884600994017385,1937,False
2021,Spain,Malta,23.529,0.0,45.17829062008585,0.4375,8.994988161876298e-07,1570,1.472325915266643e-07,0.8884602466343301,2275,False
2021,Romania,Belgium,57.249,0.0,54.11448234903666,0.2339,8.963007841280561e-07,1571,3.582353109911176e-07,0.8884606048696411,1968,False
2021,Myanmar,Lebanon,58.120000000000005,0.0,36.923606331727456,0.1759,8.934835924665128e-07,1572,3.6368558882781804e-07,0.8884609685552299,1964,False
2021,India,Nicaragua,59.499,0.0,32.437519958318624,0.1715,8.918759766901531e-07,1573,3.723146739447066e-07,0.8884613408699039,1955,False
2021,China,Algeria,54.287000000000006,0.0,61.745906018015354,0.1901,8.796662332616391e-07,1574,3.3970061184954853e-07,0.8884616805705158,1988,False
2021,Indonesia,Brunei Darussalam,56.853,0.0,210.64851459025908,0.1767,8.752117860706549e-07,1575,3.5575734311128594e-07,0.8884620363278589,1972,False
2021,Morocco,Belgium,21.9,0.0,20.136986301369863,0.4452,8.521879449910028e-07,1576,1.370391327482659e-07,0.8884621733669916,2305,False
2021,France,Madagascar,60.712,0.0,342.00816971933057,0.17380000000000004,8.515821855261671e-07,1577,3.7990501495035253e-07,0.8884625532720066,1949,False
2021,Italy,India,26.382,0.0,176.55977560457887,0.37,8.509290462147344e-07,1578,1.6508522375181513e-07,0.8884627183572303,2234,False
2021,Peru,Chile,31.418,0.0,39.97708320071297,0.358,8.470372544841768e-07,1579,1.9659796678927023e-07,0.8884629149551971,2162,False
2021,United States of America,Mauritius,45.444,0.0,322.0227092685503,0.2647,8.444334811939214e-07,1580,2.8436558669462083e-07,0.8884631993207839,2057,False
2021,Spain,New Zealand,42.253,0.0,150.9478616902942,0.22599999999999998,8.328340288073109e-07,1581,2.6439792127910867e-07,0.8884634637187052,2080,False
2021,"Korea, Republic of",Viet Nam,26.98,0.0,76.72349888806524,0.3531,8.316119920454236e-07,1582,1.6882720555014677e-07,0.8884636325459108,2226,False
2021,Pakistan,Argentina,36.998,0.0,59.59781609816747,0.2526,8.164388697259521e-07,1583,2.3151478691417085e-07,0.8884638640606977,2120,False
2021,Malaysia,Netherlands (Kingdom of the),21.283,0.0,57.83959028332472,0.4393,8.158706476878408e-07,1584,1.3317825855165952e-07,0.8884639972389562,2319,False
2021,Ghana,United States of America,67.231,0.0,59.332748285761035,0.2509,8.114922910762031e-07,1585,4.206976225478842e-07,0.8884644179365787,1919,False
2021,Brazil,Mozambique,49.067,0.0,196.38453543114517,0.1886,8.064287393114923e-07,1586,3.0703648979722206e-07,0.8884647249730685,2028,False
2021,Italy,Netherlands (Kingdom of the),59.15500000000001,0.0,48.567323134139116,0.37990000000000007,8.044998944823279e-07,1587,3.70162095786469e-07,0.8884650951351643,1957,False
2021,New Zealand,Fiji,60.349,0.0,68.40212762431855,0.24860000000000002,8.007875144967528e-07,1588,3.776335443938401e-07,0.8884654727687087,1950,False
2021,Netherlands (Kingdom of the),Portugal,24.34,0.0,24.157764995891537,0.3762,8.004325859065573e-07,1589,1.523074196846024e-07,0.8884656250761284,2262,False
2021,Finland,Spain,48.0,0.0,33.854166666666664,0.1907,8.000362937902107e-07,1590,3.003597430098979e-07,0.8884659254358713,2037,False
2021,Senegal,Italy,32.975,0.0,110.56861258529189,0.2767,7.962517591009108e-07,1591,2.063408859531538e-07,0.8884661317767573,2149,False
2021,Canada,Poland,37.813,0.0,82.8286568111496,0.241,7.957694295562821e-07,1592,2.366146450506931e-07,0.8884663683914024,2108,False
2021,Ukraine,Uruguay,42.505,0.0,57.12269144806493,0.21409999999999998,7.950415164891834e-07,1593,2.6597480992991064e-07,0.8884666343662123,2078,False
2021,Bangladesh,Bahrain,52.318,0.0,68.54237547306855,0.17270000000000002,7.89202471312084e-07,1594,3.273796048914966e-07,0.8884669617458172,1998,False
2021,Pakistan,Egypt,27.442,0.0,133.73660811894177,0.3279,7.850187852365688e-07,1595,1.7171816807661705e-07,0.8884671334639853,2214,False
2021,Panama,United Kingdom,25.32,0.0,23.5781990521327,0.3541,7.837549238293569e-07,1596,1.5843976443772114e-07,0.8884672919037497,2246,False
2021,South Africa,Russian Federation,40.453,0.0,92.52713024991965,0.22159999999999996,7.826611635991413e-07,1597,2.531344309162375e-07,0.8884675450381806,2092,False
2021,Sri Lanka,Cyprus,43.522000000000006,0.0,52.50218280409907,0.2101,7.821535716428215e-07,1598,2.7233868198493287e-07,0.8884678173768625,2071,False
2021,New Zealand,Denmark,43.674,0.0,61.95906031048221,0.20490000000000003,7.817361179542036e-07,1599,2.7328982117113085e-07,0.8884680906666838,2070,False
2021,Viet Nam,Madagascar,52.31,0.0,74.03938061556107,0.16910000000000003,7.72555926261774e-07,1600,3.273295449343283e-07,0.8884684179962287,1999,False
2021,Sudan,Qatar,50.668,0.0,42.96597457961633,0.1887,7.648796882629768e-07,1601,3.1705473872553134e-07,0.8884687350509674,2009,False
2021,Belgium,Norway,37.165,0.0,178.3667429032692,0.23450000000000001,7.578356176398364e-07,1602,2.3255978852005947e-07,0.8884689676107559,2115,False
2021,Bangladesh,Sweden,48.908,0.0,77.20618303753987,0.17669999999999997,7.547315284629523e-07,1603,3.0604154814850177e-07,0.888469273652304,2030,False
2021,Uruguay,El Salvador,47.967,0.0,35.46188004252924,0.1797,7.533481270434632e-07,1604,3.0015324568657856e-07,0.8884695738055497,2040,False
2021,Netherlands (Kingdom of the),Suriname,61.336,0.0,67.33402895526281,0.235,7.479431177517776e-07,1605,3.8380969160948117e-07,0.8884699576152413,1944,False
2021,Russian Federation,Bahrain,41.173,0.0,26.98370291210259,0.2072,7.457146579880717e-07,1606,2.5763982706138594e-07,0.8884702152550683,2088,False
2021,Uruguay,New Zealand,39.327,0.0,56.90746815165154,0.2167,7.445326046180044e-07,1607,2.4608849194479694e-07,0.8884704613435602,2100,False
2021,Italy,Algeria,41.287,0.0,56.264683798774435,0.2523,7.435590741057935e-07,1608,2.5835318145103444e-07,0.8884707196967416,2086,False
2021,Portugal,Ireland,37.357,0.0,35.49535562277485,0.2276,7.430986857356305e-07,1609,2.3376122749209906e-07,0.8884709534579691,2113,False
2021,Viet Nam,Samoa,49.683,0.0,55.6729666082966,0.1709,7.418155007200832e-07,1610,3.1089110649918244e-07,0.8884712643490756,2021,False
2021,Greece,Ireland,45.907000000000004,0.0,34.33027642843139,0.1845,7.40267829604367e-07,1611,2.8726280671573713e-07,0.8884715516118824,2054,False
2021,Spain,Argentina,28.125,0.0,87.46666666666667,0.301,7.382296262468868e-07,1612,1.7599203691986203e-07,0.8884717276039193,2203,False
2021,Japan,Spain,27.060000000000002,0.0,148.63266814486326,0.3119,7.361192220716932e-07,1613,1.6932780512182994e-07,0.8884718969317245,2222,False
2021,Indonesia,Viet Nam,29.897000000000002,0.0,248.085092149714,0.2814,7.324396854447459e-07,1614,1.8708031743264412e-07,0.8884720840120419,2174,False
2021,France,Sierra Leone,47.439,0.0,57.421109213937896,0.1762,7.302528472211778e-07,1615,2.968492885134697e-07,0.8884723808613304,2046,False
2021,South Africa,Australia,64.991,0.0,61.67007739533166,0.24700000000000005,7.293267205766292e-07,1616,4.066808345407557e-07,0.888472787542165,1930,False
2021,Canada,Jamaica,33.252,0.0,55.064357031156014,0.24830000000000002,7.213416366728871e-07,1617,2.0807421197010677e-07,0.8884729956163769,2147,False
2021,Netherlands (Kingdom of the),Guinea,47.832,0.0,29.54089312594079,0.1724,7.207879707016524e-07,1618,2.9930848390936324e-07,0.8884732949248608,2041,False
2021,Spain,Gambia,36.609,0.0,56.05179054330902,0.22669999999999998,7.000731786844904e-07,1619,2.290806214968615e-07,0.8884735240054823,2122,False
2021,United Arab Emirates,Sudan,42.429,0.0,48.74024841499917,0.18870000000000003,6.995743881335817e-07,1620,2.654992403368116e-07,0.8884737895047227,2079,False
2021,Mexico,Spain,23.038,0.0,70.49223022831843,0.347,6.944140044775883e-07,1621,1.4416016165545891e-07,0.8884739336648844,2287,False
2021,Cyprus,Sudan,60.738,0.0,79.11027692712963,0.1309,6.943251243976056e-07,1622,3.8006770981114955e-07,0.8884743137325942,1948,False
2021,France,Uruguay,25.942,0.0,98.64312697556086,0.3062,6.91251448631818e-07,1623,1.6233192610755772e-07,0.8884744760645203,2240,False
2021,Germany,Norway,90.982,0.0,75.08078521026137,0.2471,6.909355306175039e-07,1624,5.693193778859693e-07,0.8884750453838982,1825,False
2021,Brazil,Poland,32.694,0.0,30.617238637058787,0.2415,6.901193950008585e-07,1625,2.045825299576167e-07,0.8884752499664281,2151,False
2021,Viet Nam,Cyprus,39.018,0.0,64.53431749448973,0.2019,6.881372605594488e-07,1626,2.441549260991707e-07,0.8884754941213542,2102,False
2021,South Africa,Germany,47.641999999999996,0.0,82.97300701062089,0.3215,6.859406518561867e-07,1627,2.981195599266157e-07,0.8884757922409141,2043,False
2021,Bulgaria,Japan,45.122,0.0,25.885377421213597,0.1737,6.851223833522025e-07,1628,2.823506734185961e-07,0.8884760745915875,2060,False
2021,Netherlands (Kingdom of the),Malta,20.303,0.0,75.30906762547407,0.4149,6.842004802138994e-07,1629,1.2704591379854077e-07,0.8884762016375013,2335,False
2021,Senegal,France,29.02,0.0,64.47277739490006,0.2788,6.830112101265988e-07,1630,1.8159249462806743e-07,0.8884763832299959,2191,False
2021,Portugal,Bahrain,32.912,0.0,73.71171609139523,0.2368,6.805027199674127e-07,1631,2.059466637904533e-07,0.8884765891766597,2150,False
2021,Spain,Singapore,16.607,0.0,102.66754982838563,0.473,6.790107522294613e-07,1632,1.0391821358677863e-07,0.8884766930948733,2402,False
2021,Ecuador,Italy,42.057,0.0,56.85141593551608,0.25520000000000004,6.768211148381555e-07,1633,2.631714523284849e-07,0.8884769562663256,2081,False
2021,Lebanon,United Kingdom,40.138999999999996,0.0,97.98450384912431,0.3044,6.763156937725089e-07,1634,2.5116957759738104e-07,0.8884772074359032,2096,False
2021,Japan,Portugal,26.5,0.0,158.49056603773585,0.2916,6.738452399943064e-07,1635,1.6582360812004778e-07,0.8884773732595113,2231,False
2021,Argentina,Fiji,45.422000000000004,0.0,49.84368808066575,0.169,6.707244469108747e-07,1636,2.8422792181240796e-07,0.8884776574874331,2058,False
2021,Sudan,United Arab Emirates,40.295,0.0,37.548082888695866,0.1887,6.645229252355864e-07,1637,2.5214574676216323e-07,0.8884779096331799,2095,False
2021,El Salvador,Costa Rica,31.311,0.0,73.04142314202676,0.243,6.645185627692052e-07,1638,1.9592841486214401e-07,0.8884781055615947,2163,False
2021,Sweden,Iceland,87.94,0.0,42.07414146008642,0.2305,6.641685247039654e-07,1639,5.502840791727171e-07,0.8884786558456739,1839,False
2021,South Africa,"Tanzania, United Republic of",28.503,0.0,201.45247868645404,0.2653,6.588949330638457e-07,1640,1.7835736989606499e-07,0.8884788342030437,2199,False
2021,Guatemala,El Salvador,43.466,0.0,59.60980996641052,0.24560000000000004,6.575256335824554e-07,1641,2.719882622847546e-07,0.888479106191306,2072,False
2021,Estonia,France,42.836,0.0,56.541227005322625,0.1752,6.555409537391319e-07,1642,2.680460406577497e-07,0.8884793742373467,2075,False
2021,Sweden,Iran (Islamic Republic of),34.291000000000004,0.0,55.75807063077775,0.256,6.411032571775671e-07,1643,2.1457574890734187e-07,0.8884795888130956,2141,False
2021,Bangladesh,Kuwait,44.704,0.0,91.58017179670723,0.1635,6.381546365942741e-07,1644,2.7973504065655154e-07,0.8884798685481363,2064,False
2021,Chile,Costa Rica,33.149,0.0,46.06473800114634,0.2196,6.360923955984553e-07,1645,2.074296900215647e-07,0.8884800759778263,2148,False
2021,Spain,Ukraine,26.779999999999998,0.0,81.32935026138911,0.2708,6.323825160976252e-07,1646,1.6757570662093885e-07,0.888480243553533,2228,False
2021,Saint Vincent and the Grenadines,Antigua and Barbuda,41.550000000000004,0.0,29.723225030084233,0.1717,6.235772198163269e-07,1647,2.5999890254294286e-07,0.8884805035524355,2084,False
2021,Italy,Nigeria,25.0,0.0,62.2,0.2855,6.234936611734115e-07,1648,1.5643736615098848e-07,0.8884806599898016,2252,False
2021,Portugal,Qatar,27.335,0.0,63.581488933601605,0.2596,6.198695105956084e-07,1649,1.710486161494908e-07,0.8884808310384178,2217,False
2021,Spain,Lebanon,21.610000000000003,0.0,67.23739009717723,0.3797,6.116408229244918e-07,1650,1.3522445930091445e-07,0.8884809662628771,2311,False
2021,Senegal,United States of America,29.429000000000002,0.0,57.120527370960616,0.2355,6.054733236970485e-07,1651,1.841518099382976e-07,0.888481150414687,2182,False
2021,United Kingdom,Chile,21.741,0.0,62.32464008095304,0.3114,5.913988263414428e-07,1652,1.3604419109954562e-07,0.8884812864588781,2308,False
2021,South Africa,Lebanon,31.108,0.0,68.18181818181819,0.2533,5.909727955657268e-07,1653,1.94658143448998e-07,0.8884814811170216,2166,False
2021,Peru,Portugal,27.5,0.0,71.81818181818181,0.2544,5.892093524915219e-07,1654,1.7208110276608732e-07,0.8884816531981244,2213,False
2021,Australia,Jordan,28.375,0.0,29.03964757709251,0.2372,5.883015708350887e-07,1655,1.7755641058137193e-07,0.888481830754535,2200,False
2021,United Kingdom,Cyprus,27.105,0.0,123.1138166389965,0.2713,5.838868565202408e-07,1656,1.696093923809017e-07,0.8884820003639274,2221,False
2021,Philippines,Kuwait,52.515,0.0,90.20279920022851,0.1267,5.809437538420787e-07,1657,3.286123313367664e-07,0.8884823289762588,1994,False
2021,Peru,Ecuador,17.97,0.0,19.86644407345576,0.3691,5.798357849931826e-07,1658,1.1244717878933051e-07,0.8884824414234376,2374,False
2021,Viet Nam,Russian Federation,26.432000000000002,0.0,126.21065375302662,0.2504,5.774921038809806e-07,1659,1.6539809848411712e-07,0.888482606821536,2233,False
2021,Italy,Portugal,17.900000000000002,0.0,70.22346368715083,0.3691,5.770491676176778e-07,1660,1.1200915416410776e-07,0.8884827188306902,2377,False
2021,Viet Nam,Norway,39.885999999999996,0.0,135.7869929298501,0.1655,5.758485743056937e-07,1661,2.49586431451933e-07,0.8884829684171216,2098,False
2021,France,Croatia,29.253,0.0,335.4185895463713,0.2567,5.714689154778089e-07,1662,1.8305049088059463e-07,0.8884831514676125,2183,False
2021,Spain,Dominican Republic,24.777,0.0,326.835371513904,0.32609999999999995,5.712896582904075e-07,1663,1.5504194484492167e-07,0.8884833065095573,2255,False
2021,Brazil,France,30.352,0.0,62.36821296784397,0.325,5.682661191348791e-07,1664,1.8992747749659208e-07,0.8884834964370348,2171,False
2021,India,Tunisia,76.42699999999999,0.0,111.9499653263899,0.17,5.682137254912704e-07,1665,4.782415433128639e-07,0.8884839746785782,1886,False
2021,Bangladesh,New Zealand,34.653,0.0,65.24687617233717,0.1863,5.639237971422773e-07,1666,2.1684096196920815e-07,0.8884841915195402,2137,False
2021,Pakistan,"Congo, Dem. Rep. of the",40.431000000000004,0.0,81.71947268185302,0.1595,5.630808276387293e-07,1667,2.5299676603402465e-07,0.8884844445163061,2093,False
2021,Ecuador,Chile,20.2,0.0,137.12871287128712,0.3173,5.591287837656427e-07,1668,1.2640139184999868e-07,0.888484570917698,2336,False
2021,Pakistan,Cabo Verde,39.116,0.0,55.68053993250844,0.1636,5.590895114338718e-07,1669,2.447681605744826e-07,0.8884848156858586,2101,False
2021,"Korea, Republic of",Israel,18.066,0.0,62.16096534927488,0.3525,5.562892769000828e-07,1670,1.130478982753503e-07,0.8884849287337568,2372,False
2021,Japan,Egypt,21.293,0.0,16.24947165735218,0.2983,5.553097218589133e-07,1671,1.332408334981199e-07,0.8884850619745903,2318,False
2021,Colombia,Ecuador,18.391000000000002,0.0,1296.2862269588384,0.3533,5.548612177533553e-07,1672,1.1508158403531317e-07,0.8884851770561744,2363,False
2021,Belgium,New Zealand,27.614,0.0,136.81465923082493,0.2294,5.526133797389459e-07,1673,1.7279445715573584e-07,0.8884853498506315,2211,False
2021,Trinidad and Tobago,Barbados,24.085,0.0,28.523977579406267,0.2552,5.372520882809262e-07,1674,1.5071175854986232e-07,0.8884855005623901,2265,False
2021,Chile,"China, Hong Kong SAR",17.856,0.0,570.2844982078852,0.3464,5.353219294886072e-07,1675,1.1173382439968202e-07,0.8884856122962145,2378,False
2021,Greece,Montenegro,28.514,0.0,52.53559654906362,0.2148,5.351268021940844e-07,1676,1.7842620233717142e-07,0.8884857907224168,2198,False
2021,Poland,Nigeria,26.11,0.0,160.78130984297204,0.23180000000000003,5.277505933230416e-07,1677,1.6338318520809237e-07,0.888485954105602,2239,False
2021,Saudi Arabia,United Kingdom,15.474,0.0,44.073930464004135,0.3889,5.258461560195202e-07,1678,9.682847215281582e-08,0.8884860509340742,2431,False
2021,Guyana,Estonia,37.175000000000004,0.0,35.991930060524545,0.1593,5.175651485546081e-07,1679,2.3262236346651988e-07,0.8884862835564377,2114,False
2021,Netherlands (Kingdom of the),Australia,18.708000000000002,0.0,157.79345734445155,0.3123,5.094772528960604e-07,1680,1.1706520983810771e-07,0.8884864006216475,2357,False
2021,Netherlands (Kingdom of the),Finland,22.959,0.0,101.87725946252014,0.2538,5.085144831785987e-07,1681,1.4366581957842177e-07,0.8884865442874671,2291,False
2021,Uruguay,Sweden,24.0,0.0,75.20833333333333,0.24240000000000003,5.080733815811839e-07,1682,1.5017987150494894e-07,0.8884866944673386,2266,False
2021,Indonesia,Thailand,21.16,0.0,217.53308128544424,0.2716,5.006120674301734e-07,1683,1.3240858671019664e-07,0.8884868268759254,2320,False
2021,Bulgaria,Indonesia,48.36,0.0,56.45161290322581,0.12180000000000002,4.975510335529561e-07,1684,3.026124410824721e-07,0.8884871294883665,2034,False
2021,United States of America,Latvia,30.618000000000002,0.0,47.521066039584554,0.1848,4.944059123103197e-07,1685,1.9159197107243861e-07,0.8884873210803376,2169,False
2021,Japan,Philippines,26.66,0.0,27.08177044261065,0.2592,4.927609741776538e-07,1686,1.6682480726341412e-07,0.8884874879051449,2229,False
2021,China,Sweden,27.0,0.0,147.14814814814815,0.3707,4.849812784328501e-07,1687,1.6895235544306756e-07,0.8884876568575003,2225,False
2021,Kenya,Israel,27.648,0.0,70.89120370370371,0.2008,4.848936080694492e-07,1688,1.7300721197370117e-07,0.8884878298647123,2210,False
2021,New Zealand,Singapore,19.218,0.0,131.90758663752732,0.2892,4.848830716270194e-07,1689,1.2025653210758786e-07,0.8884879501212444,2347,False
2021,Portugal,Netherlands (Kingdom of the),22.846,0.0,91.04438413726692,0.3762,4.847073330664542e-07,1690,1.4295872268341932e-07,0.888488093079967,2294,False
2021,Canada,Oman,21.508,0.0,30.77924493211828,0.2574,4.83881952041422e-07,1691,1.3458619484701842e-07,0.8884882276661619,2312,False
2021,Thailand,Madagascar,32.632,0.0,48.694532973768084,0.1691,4.82151799832165e-07,1692,2.0419456528956223e-07,0.8884884318607271,2152,False
2021,Viet Nam,Peru,20.638,0.0,55.18945634266886,0.2674,4.821326589462075e-07,1693,1.2914217450496401e-07,0.8884885610029016,2328,False
2021,Thailand,Cayman Islands,35.532000000000004,0.0,57.863334459079134,0.1551,4.814561347614455e-07,1694,2.2234129976307694e-07,0.8884887833442014,2131,False
2021,Russian Federation,Kuwait,29.934,0.0,45.13262510857219,0.1794,4.6925679676909255e-07,1695,1.8731184473454757e-07,0.8884889706560462,2173,False
2021,Argentina,Sweden,32.352000000000004,0.0,64.4473293768546,0.24239999999999998,4.6878831638807443e-07,1696,2.024424667886712e-07,0.8884891730985129,2154,False
2021,Colombia,Chile,15.409000000000002,0.0,71.32195470179764,0.35209999999999997,4.6792473666384243e-07,1697,9.642173500082327e-08,0.888489269520248,2433,False
2021,Mexico,Iceland,31.505,0.0,18.34629423900968,0.1687,4.646541523959534e-07,1698,1.9714236882347568e-07,0.8884894666626169,2160,False
2021,Ukraine,Honduras,30.188000000000002,0.0,52.37180336557572,0.1741,4.591975157494943e-07,1699,1.8890124837464162e-07,0.8884896555638653,2172,False
2021,Brazil,Argentina,14.748,0.0,336.38459452129104,0.3587,4.589360350106537e-07,1700,9.228553103979112e-08,0.8884897478493963,2449,False
2021,Peru,United Kingdom,16.552,0.0,85.79023682938617,0.3171,4.582871413618652e-07,1701,1.0357405138124644e-07,0.8884898514234476,2404,False
2021,Antigua and Barbuda,"Tanzania, United Republic of",48.863,0.0,13.83459877617011,0.1071,4.575571081860971e-07,1702,3.0575996088943e-07,0.8884901571834085,2031,False
2021,China,Bulgaria,28.749000000000002,0.0,71.61988243069324,0.1826,4.546861859012327e-07,1703,1.7989671357899072e-07,0.888490337080122,2195,False
2021,Bulgaria,Germany,37.505,0.0,102.38634848686841,0.18079999999999996,4.5346031289518005e-07,1704,2.3468733669971294e-07,0.8884905717674587,2111,False
2021,Spain,Costa Rica,27.141,0.0,52.614126229689404,0.28620000000000007,4.5344966095499027e-07,1705,1.6983466218815913e-07,0.8884907416021209,2219,False
2021,Guyana,Lithuania,32.553,0.0,25.742635087395943,0.1593,4.5329841396597027e-07,1706,2.037002232125251e-07,0.8884909453023442,2153,False
2021,Cambodia,Senegal,44.2,0.0,55.81447963800905,0.1172,4.5257828248784345e-07,1707,2.7658126335494766e-07,0.8884912218836075,2067,False
2021,Bulgaria,Guatemala,29.462,0.0,25.93170864164008,0.1745,4.4939907272264977e-07,1708,1.843583072616169e-07,0.8884914062419148,2180,False
2021,Spain,United Arab Emirates,20.441000000000003,0.0,160.46181693654907,0.44789999999999996,4.4867700276705794e-07,1709,1.2790944805969424e-07,0.8884915341513628,2333,False
2021,Argentina,Montenegro,46.032000000000004,0.0,38.972888425443166,0.1112,4.4734403430630543e-07,1710,2.880449935464921e-07,0.8884918221963564,2051,False
2021,Greece,Jordan,22.951,0.0,77.16439370833514,0.286,4.4615531161141777e-07,1711,1.4361575962125346e-07,0.888491965812116,2292,False
2021,Estonia,Italy,59.077999999999996,0.0,73.74995768306307,0.17040000000000002,4.4599539443802024e-07,1712,3.6968026869872386e-07,0.8884923354923847,1959,False
2021,South Africa,Kenya,19.184,0.0,149.08256880733944,0.2653,4.438858119657586e-07,1713,1.2004377728962253e-07,0.888492455536162,2348,False
2021,Spain,Panama,15.171000000000001,0.0,64.26735218508998,0.3344,4.431378404464044e-07,1714,9.493245127506585e-08,0.8884925504686132,2437,False
2021,India,Dominican Republic,19.808,0.0,198.7580775444265,0.2566,4.428944524600657e-07,1715,1.239484539487512e-07,0.8884926744170671,2339,False
2021,Poland,Bulgaria,29.627,0.0,91.87565396428933,0.17430000000000004,4.427891507302743e-07,1716,1.8539079387821343e-07,0.888492859807861,2177,False
2021,Malaysia,Guinea,29.240000000000002,0.0,13.098495212038303,0.1728,4.417704376801924e-07,1717,1.8296914345019615e-07,0.8884930427770045,2185,False
2021,New Zealand,Netherlands (Kingdom of the),20.723,0.0,317.28031655648317,0.24920000000000003,4.405409710786581e-07,1718,1.2967406154987736e-07,0.8884931724510661,2327,False
2021,South Africa,Egypt,19.136,0.0,59.05100334448161,0.2593,4.334700670493106e-07,1719,1.1974341754661261e-07,0.8884932921944836,2351,False
2021,Italy,Montenegro,22.07,0.0,131.03760761214318,0.2237,4.3073350251480544e-07,1720,1.3810290683809263e-07,0.8884934302973905,2302,False
2021,Brazil,Uruguay,18.626,0.0,57.39289165682379,0.34469999999999995,4.2851188463590577e-07,1721,1.1655209527713246e-07,0.8884935468494858,2359,False
2021,Malaysia,Maldives,29.166000000000004,0.0,81.53329218953574,0.2273,4.273414931720659e-07,1722,1.8250608884638924e-07,0.8884937293555746,2188,False
2021,Pakistan,Cameroon,23.008,0.0,57.02364394993046,0.21220000000000003,4.265299097393905e-07,1723,1.439724368160777e-07,0.8884938733280114,2289,False
2021,Spain,Cabo Verde,23.225,0.0,75.26372443487621,0.21830000000000002,4.236004004425421e-07,1724,1.453303131542683e-07,0.8884940186583246,2284,False
2021,Saint Vincent and the Grenadines,Saint Kitts and Nevis,21.133,0.0,38.28136090474613,0.2283,4.21636712430148e-07,1725,1.3223963435475357e-07,0.8884941508979589,2321,False
2021,Romania,Bulgaria,38.723,0.0,175.24468662035483,0.23299999999999998,4.21588929724746e-07,1726,2.4230896517858907e-07,0.8884943932069241,2103,False
2021,Italy,Uruguay,16.025,0.0,116.19344773790952,0.3007,4.1993944442282607e-07,1727,1.002763517027836e-07,0.8884944934832758,2416,False
2021,Sri Lanka,Denmark,17.67,0.0,48.10413129598189,0.2718,4.196390353870429e-07,1728,1.1056993039551867e-07,0.8884946040532062,2382,False
2021,Uruguay,"Tanzania, United Republic of",25.383,0.0,10.991608556908167,0.1884,4.181323196013508e-07,1729,1.5883398660042161e-07,0.8884947628871929,2245,False
2021,Spain,Finland,34.098,0.0,130.0076250806499,0.19069999999999998,4.1425968700887403e-07,1730,2.133680524406562e-07,0.8884949762552453,2144,False
2021,Portugal,France,26.782,0.0,189.4929430214323,0.40720000000000006,4.1067831232543047e-07,1731,1.6758822161023095e-07,0.888495143843467,2227,False
2021,Panama,Senegal,23.407,0.0,45.79826547613962,0.1987,4.06403749996297e-07,1732,1.4646917717984748e-07,0.8884952903126442,2281,False
2021,Thailand,Argentina,18.503,0.0,83.0135653677782,0.251,4.055379472453367e-07,1733,1.1578242343566959e-07,0.8884954060950676,2362,False
2021,United Arab Emirates,"Tanzania, United Republic of",16.956,0.0,38.09860816230243,0.2728,4.031413037345637e-07,1734,1.0610207921824642e-07,0.8884955121971468,2392,False
2021,United Kingdom,Japan,11.096,0.0,23.071377072819033,0.4136,4.0116186158021116e-07,1735,6.943316059245473e-08,0.8884955816303074,2536,False
2021,Colombia,United Kingdom,12.804,0.0,87.78506716651046,0.35779999999999995,3.9999405097923996e-07,1736,8.012096144789027e-08,0.8884956617512688,2490,False
2021,Latvia,Egypt,24.773,0.0,58.652565292859165,0.1844,3.9907384013228235e-07,1737,1.550169148663375e-07,0.8884958167681837,2256,False
2021,Philippines,United Kingdom,22.6,0.0,65.13274336283186,0.19959999999999997,3.9403057332588026e-07,1738,1.4141937900049358e-07,0.8884959581875627,2298,False
2021,Italy,Peru,17.063,0.0,109.76967707905996,0.264,3.931531878313143e-07,1739,1.0677163114537265e-07,0.8884960649591938,2390,False
2021,India,Georgia,27.204,0.0,95.64769886781356,0.17319999999999997,3.90666829524109e-07,1740,1.7022888435085964e-07,0.8884962351880781,2218,False
2021,Haiti,France,24.508,0.0,51.65660192590175,0.18270000000000003,3.9038565381619295e-07,1741,1.5335867878513703e-07,0.8884963885467568,2261,False
2021,Nicaragua,El Salvador,20.476,0.0,43.56319593670639,0.24350000000000002,3.896755358176888e-07,1742,1.281284603723056e-07,0.8884965166752172,2331,False
2021,Trinidad and Tobago,Saint Lucia,19.137,0.0,41.647071118775145,0.2326,3.8857443799502527e-07,1743,1.1974967504125867e-07,0.8884966364248923,2350,False
2021,Ukraine,Mozambique,23.415,0.0,175.82746102925475,0.19,3.8782461795945186e-07,1744,1.4651923713701581e-07,0.8884967829441295,2280,False
2021,Viet Nam,Namibia,23.381,0.0,60.73307386339335,0.18770000000000003,3.833748708771142e-07,1745,1.4630648231905046e-07,0.8884969292506119,2282,False
2021,Italy,Thailand,14.881,0.0,123.58040454270547,0.2945,3.8239053204291693e-07,1746,9.311777782771439e-08,0.8884970223683897,2445,False
2021,United Arab Emirates,Libya,17.994,0.0,48.071579415360674,0.2432,3.8236828588221306e-07,1747,1.1259735866083547e-07,0.8884971349657483,2373,False
2021,Togo,Sao Tome and Principe,28.78,0.0,47.949965253648365,0.1624,3.8191577057200186e-07,1748,1.8009069591301795e-07,0.8884973150564442,2192,False
2021,Argentina,Ukraine,25.186,0.0,61.42301278488049,0.2156,3.8041709802870046e-07,1749,1.5760126015515185e-07,0.8884974726577044,2247,False
2021,Colombia,Nigeria,21.308,0.0,289.0932982917214,0.2049,3.7981690854160587e-07,1750,1.333346959178105e-07,0.8884976059924004,2317,False
2021,India,Guyana,26.375,0.0,107.67772511848341,0.16449999999999998,3.7869219550053345e-07,1751,1.6504142128929285e-07,0.8884977710338217,2235,False
2021,Ireland,Italy,39.609,0.0,27.418011058092855,0.22600000000000003,3.7810793485793565e-07,1752,2.4785310543498014e-07,0.8884980188869271,2099,False
2021,Australia,Algeria,24.519000000000002,0.0,32.342265182103674,0.17640000000000003,3.780265882456204e-07,1753,1.5342751122624347e-07,0.8884981723144384,2260,False
2021,India,French Polynesia,23.490000000000002,0.0,145.59386973180077,0.1841,3.7719277231491055e-07,1754,1.4698854923546878e-07,0.8884983193029876,2277,False
2021,Spain,Mauritania,28.593000000000004,0.0,42.667785821704605,0.234,3.763328632692986e-07,1755,1.7892054441420857e-07,0.888498498223532,2197,False
2021,Italy,Costa Rica,15.354000000000001,0.0,101.99296600234466,0.2795,3.7459707741314494e-07,1756,9.60775727952911e-08,0.8884985943011048,2434,False
2021,Honduras,Guatemala,32.007000000000005,0.0,39.30390227137813,0.2577,3.7407060131991764e-07,1757,2.0028363113578757e-07,0.8884987945847359,2155,False
2021,Spain,Iceland,24.752,0.0,45.04686489980608,0.1725,3.7309584549421253e-07,1758,1.5488550747877067e-07,0.8884989494702434,2258,False
2021,India,Costa Rica,19.965,0.0,108.03906836964688,0.2139,3.7273480167655627e-07,1759,1.249308806081794e-07,0.8884990744011241,2337,False
2021,Algeria,Libya,18.729,0.0,106.99983982059908,0.22630000000000003,3.6993528447038226e-07,1760,1.1719661722567453e-07,0.8884991915977413,2356,False
2021,Russian Federation,El Salvador,24.213,0.0,37.12881509932681,0.1739,3.6798595106192566e-07,1761,1.5151271786455538e-07,0.8884993431104591,2263,False
2021,Pakistan,Croatia,16.878,0.0,94.44246948690603,0.2495,3.676331916330458e-07,1762,1.0561399463585534e-07,0.8884994487244537,2395,False
2021,Spain,Denmark,17.404,0.0,238.56584693173983,0.261,3.6510857990199967e-07,1763,1.0890543681967214e-07,0.8884995576298905,2383,False
2021,Syrian Arab Republic,Jordan,23.176000000000002,0.0,70.97859855022436,0.1802,3.647611516908681e-07,1764,1.4502369591661238e-07,0.8884997026535865,2285,False
2021,Portugal,United States of America,10.432,0.0,50.03834355828221,0.4001,3.6466468035878444e-07,1765,6.527818414748448e-08,0.8884997679317707,2556,False
2021,Pakistan,Finland,22.773,0.0,104.0266982830545,0.1817,3.6118472286214464e-07,1766,1.4250192557425843e-07,0.8884999104336962,2295,False
2021,Pakistan,Brunei Darussalam,23.517,0.0,44.223327805417355,0.1757,3.6106074166646714e-07,1767,1.4715750159091185e-07,0.8885000575911979,2276,False
2021,Honduras,Nicaragua,22.269000000000005,0.0,35.52022991602676,0.23329999999999998,3.5964984710005126e-07,1768,1.3934814827265452e-07,0.8885001969393461,2301,False
2021,Lebanon,Nigeria,19.568,0.0,178.09689288634505,0.2104,3.5888739232838125e-07,1769,1.2244665523370171e-07,0.8885003193860014,2344,False
2021,Ukraine,Guyana,24.755,0.0,65.96647141991517,0.1658,3.585118359392242e-07,1770,1.549042799627088e-07,0.8885004742902813,2257,False
2021,Viet Nam,Iceland,24.877,0.0,51.45314949551795,0.1687,3.5805379961539413e-07,1771,1.556676943095256e-07,0.8885006299579756,2254,False
2021,United Kingdom,Philippines,20.487000000000002,0.0,22.599697369063307,0.1996,3.574647518713919e-07,1772,1.2819729281341206e-07,0.8885007581552684,2330,False
2021,India,Croatia,15.888000000000002,0.0,47.52014098690835,0.2544,3.5307719192715005e-07,1773,9.941907493627621e-08,0.8885008575743434,2419,False
2021,Indonesia,United States of America,17.395,0.0,74.56165564817476,0.23219999999999996,3.5275035869057247e-07,1774,1.0884911936785779e-07,0.8885009664234628,2384,False
2021,Egypt,Saudi Arabia,11.488000000000001,0.0,75.99233983286908,0.45489999999999997,3.5170217622241673e-07,1775,7.188609849370223e-08,0.8885010383095613,2522,False
2021,Romania,Bahrain,29.566000000000003,0.0,42.61651897449773,0.23189999999999997,3.51557229846868e-07,1776,1.8500908670480503e-07,0.888501223318648,2179,False
2021,Ukraine,Croatia,23.847,0.0,115.44429068645951,0.22969999999999996,3.5127131355038596e-07,1777,1.492224748241049e-07,0.8885013725411228,2270,False
2021,South Africa,Jordan,16.464,0.0,43.488824101069,0.2427,3.4916411465842e-07,1778,1.0302339185239497e-07,0.8885014755645146,2408,False
2021,Sudan,Cameroon,31.569,0.0,126.48484272545852,0.1267,3.4899535675298164e-07,1779,1.975428484808222e-07,0.8885016731073632,2159,False
2021,India,Peru,15.563,0.0,67.3392019533509,0.2566,3.48806701524566e-07,1780,9.738538917631335e-08,0.8885017704927524,2425,False
2021,Bangladesh,Brunei Darussalam,22.588,0.0,60.82875863290242,0.1767,3.486656873342045e-07,1781,1.4134428906474112e-07,0.8885019118370414,2299,False
2021,Italy,Bulgaria,27.714000000000002,0.0,152.91910225878615,0.2253,3.479910915513757e-07,1782,1.734202066203398e-07,0.888502085257248,2209,False
2021,Haiti,Chile,21.795,0.0,90.84652443220922,0.1818,3.459458439517125e-07,1783,1.3638209581043176e-07,0.8885022216393439,2306,False
2021,Guyana,Ireland,23.811,0.0,44.139263365671326,0.1661,3.456008067348536e-07,1784,1.4899720501684746e-07,0.8885023706365489,2271,False
2021,Viet Nam,Comoros,23.454,0.0,58.54012108808732,0.1683,3.4483765125685936e-07,1785,1.4676327942821135e-07,0.8885025173998283,2279,False
2021,Suriname,Ghana,23.869,0.0,29.536218526121747,0.1651,3.44448221832377e-07,1786,1.4936013970631776e-07,0.888502666759968,2269,False
2021,New Zealand,Russian Federation,20.746,0.0,130.82039911308206,0.20569999999999997,3.4428300501669534e-07,1787,1.2981798392673628e-07,0.888502796577952,2326,False
2021,Australia,France,25.447999999999997,0.0,118.39830242062246,0.3147,3.429381082137366e-07,1788,1.5924072375241417e-07,0.8885029558186757,2244,False
2021,Italy,Qatar,13.205,0.0,139.7198031048845,0.2952,3.400269287542429e-07,1789,8.263021680095211e-08,0.8885030384488924,2483,False
2021,China,Trinidad and Tobago,30.448999999999998,0.0,65.02676606785117,0.18840000000000004,3.3952612776397147e-07,1790,1.9053445447725792e-07,0.8885032289833469,2170,False
2021,Suriname,Sweden,24.0,0.0,43.291666666666664,0.1616,3.389119676194372e-07,1791,1.5017987150494894e-07,0.8885033791632184,2266,False
2021,Egypt,Libya,25.663999999999998,0.0,48.94014962593516,0.2579,3.370983140129048e-07,1792,1.6059234259595873e-07,0.8885035397555611,2242,False
2021,China,Yemen,23.05,0.0,46.073752711496745,0.1706,3.3657452816752646e-07,1793,1.4423525159121137e-07,0.8885036839908127,2286,False
2021,India,Bulgaria,23.007,0.0,61.6768809492763,0.18099999999999997,3.3620477802671846e-07,1794,1.4396617932143169e-07,0.888503827956992,2290,False
2021,Bangladesh,Portugal,21.612000000000002,0.0,81.71386266888764,0.1777,3.353602976348111e-07,1795,1.3523697429020653e-07,0.8885039631939663,2310,False
2021,Iran (Islamic Republic of),Sweden,15.0,0.0,75.73333333333333,0.256,3.353503854347917e-07,1796,9.386241969059309e-08,0.888504057056386,2441,False
2021,Myanmar,Senegal,31.871000000000002,0.0,8.848169182014997,0.1181,3.2912119436296745e-07,1797,1.9943261186392617e-07,0.8885042564889979,2157,False
2021,Cambodia,United Arab Emirates,20.423000000000002,0.0,52.098124663369724,0.1832,3.268938148424098e-07,1798,1.2779681315606553e-07,0.888504384285811,2334,False
2021,New Zealand,Italy,16.484,0.0,46.22664401844212,0.2269,3.268135207415939e-07,1799,1.0314854174531577e-07,0.8885044874343527,2406,False
2021,Portugal,Brazil,12.14,0.0,186.57331136738054,0.3045,3.2217469638018054e-07,1800,7.596598500292e-08,0.8885045634003378,2502,False
2021,Thailand,Cambodia,15.592,0.0,242.17547460236017,0.24280000000000002,3.217883274907112e-07,1801,9.75668565210485e-08,0.8885046609671943,2422,False
2021,South Africa,Singapore,9.71,0.0,69.82492276004119,0.3809,3.2070103377968805e-07,1802,6.076027301304393e-08,0.8885047217274673,2579,False
2021,"Korea, Republic of",Russian Federation,11.997,0.0,146.45327998666335,0.3054,3.195536238532223e-07,1803,7.507116326853636e-08,0.8885047967986306,2507,False
2021,France,Malta,18.579,0.0,105.81839711502234,0.4258,3.1942122895345516e-07,1804,1.162579930287686e-07,0.8885049130566236,2360,False
2021,Japan,Italy,12.034,0.0,106.61459198936346,0.2992,3.142594518240623e-07,1805,7.530269057043981e-08,0.8885049883593141,2505,False
2021,Indonesia,Pakistan,18.313,0.0,332.7144651340578,0.2158,3.122975072869145e-07,1806,1.1459349945292208e-07,0.8885051029528136,2366,False
2021,Kenya,Saudi Arabia,14.097,0.0,59.516209122508336,0.2527,3.111899720598845e-07,1807,8.821190202521938e-08,0.8885051911647156,2466,False
2021,Denmark,Ukraine,15.451,0.0,92.74480616141349,0.2253,3.0391489620846725e-07,1808,9.668454977595692e-08,0.8885052878492654,2432,False
2021,Sri Lanka,Russian Federation,14.938,0.0,65.00200830097737,0.2301,3.002349125149359e-07,1809,9.347445502253864e-08,0.8885053813237205,2443,False
2021,Jordan,Saudi Arabia,9.532,0.0,54.867813680234995,0.357,2.972814468831476e-07,1810,5.964643896604889e-08,0.8885054409701595,2584,False
2021,Ghana,United Kingdom,18.571,0.0,58.53211997199935,0.2871,2.9718931495025463e-07,1811,1.1620793307160029e-07,0.8885055571780925,2361,False
2021,Fiji,Australia,14.0,0.0,68.85714285714286,0.24289999999999998,2.9701289983860795e-07,1812,8.760492504455355e-08,0.8885056447830176,2469,False
2021,Lithuania,France,16.673000000000002,0.0,68.91381275115455,0.2458,2.9672422885116394e-07,1813,1.0433120823341725e-07,0.8885057491142259,2400,False
2021,Argentina,Ireland,37.073,0.0,37.73635799638551,0.1799,2.9647136508882187e-07,1814,2.3198409901262384e-07,0.8885059810983249,2117,False
2021,France,Viet Nam,17.687,0.0,71.80414994063436,0.3196,2.951276656079848e-07,1815,1.1067630780450134e-07,0.8885060917746327,2380,False
2021,Poland,Jordan,14.166,0.0,67.34434561626429,0.2376,2.9398537902901863e-07,1816,8.864366915579612e-08,0.8885061804183019,2461,False
2021,Latvia,Ireland,41.848,0.0,23.513668514624356,0.177,2.9278732630757487e-07,1817,2.618636359474626e-07,0.8885064422819379,2082,False
2021,Slovenia,Germany,13.25,0.0,189.88679245283018,0.2513,2.901820964418456e-07,1818,8.291180406002389e-08,0.888506525193742,2481,False
2021,Spain,Estonia,19.072,0.0,52.747483221476514,0.1739,2.897683111383989e-07,1819,1.1934293788926608e-07,0.8885066445366798,2352,False
2021,Australia,Denmark,14.145,0.0,28.63202545068929,0.2338,2.890578223075607e-07,1820,8.851226176822928e-08,0.8885067330489416,2463,False
2021,Sri Lanka,Israel,12.584,0.0,15.89319771137953,0.2623,2.885697882522586e-07,1821,7.874431262576156e-08,0.8885068117932542,2497,False
2021,Peru,Germany,10.443,0.0,80.53241405726324,0.314,2.8633340235699204e-07,1822,6.53470165885909e-08,0.8885068771402708,2555,False
2021,China,Uruguay,9.642,0.0,74.1547396805642,0.3367,2.83513793032779e-07,1823,6.033476337711323e-08,0.8885069374750342,2581,False
2021,Chile,Georgia,27.982,0.0,118.82638839253806,0.1151,2.810573789116746e-07,1824,1.7509721518547839e-07,0.8885071125722493,2207,False
2021,Australia,Uruguay,13.263,0.0,51.87363341627083,0.2416,2.78108795140554e-07,1825,8.299315149042241e-08,0.8885071955654008,2479,False
2021,"Tanzania, United Republic of",United States of America,15.59,0.0,58.755612572161645,0.2038,2.775574545961428e-07,1826,9.755434153175641e-08,0.8885072931197423,2423,False
2021,"Korea, Republic of",Japan,6.335,0.0,22.257300710339383,0.5006,2.771961039318479e-07,1827,3.964122858266048e-08,0.8885073327609709,2728,False
2021,Greece,United Arab Emirates,8.236,0.0,63.86595434677027,0.388,2.7695933688240143e-07,1828,5.153672590478165e-08,0.8885073842976968,2625,False
2021,Italy,Colombia,10.4,0.0,123.84615384615384,0.3047,2.7649089502897935e-07,1829,6.507794431881121e-08,0.8885074493756412,2559,False
2021,Venezuela (Bolivarian Rep. of),United States of America,12.674,0.0,80.08521382357583,0.2494,2.760184350477069e-07,1830,7.930748714390512e-08,0.8885075286831283,2493,False
2021,Portugal,Tunisia,18.248,0.0,52.279701885138095,0.1711,2.727865868575896e-07,1831,1.1418676230092952e-07,0.8885076428698906,2369,False
2021,Egypt,India,8.869,0.0,131.2436576840681,0.3436,2.6585034374420817e-07,1832,5.549772001572467e-08,0.8885076983676106,2606,False
2021,Italy,French Polynesia,17.144000000000002,0.0,159.88100793280447,0.1898,2.6556740269072627e-07,1833,1.0727848821170187e-07,0.8885078056460988,2389,False
2021,Chile,Peru,9.225,0.0,66.77506775067751,0.358,2.654820968809988e-07,1834,5.772538810971475e-08,0.8885078633714869,2594,False
2021,Malaysia,United States of America,6.543,0.0,78.71007183249274,0.4626,2.642951678376097e-07,1835,4.0942787469036705e-08,0.8885079043142744,2712,False
2021,Netherlands (Kingdom of the),Singapore,6.580000000000001,0.0,84.49848024316108,0.46719999999999995,2.626789367177015e-07,1836,4.1174314770940175e-08,0.8885079454885891,2709,False
2021,Myanmar,Sierra Leone,26.359,0.0,58.08262832429151,0.11349999999999999,2.613629853649078e-07,1837,1.6494130137495623e-07,0.8885081104298905,2237,False
2021,Trinidad and Tobago,Saint Vincent and the Grenadines,12.603000000000002,0.0,33.484091089423146,0.2377,2.613201570730462e-07,1838,7.886320502403632e-08,0.8885081892930956,2495,False
2021,Japan,Ukraine,13.266,0.0,85.93396653098145,0.2242,2.596922084722532e-07,1839,8.301192397436053e-08,0.8885082723050196,2478,False
2021,Belgium,Philippines,14.548,0.0,17.871872422326092,0.2022,2.5716234077067645e-07,1840,9.103403211058321e-08,0.8885083633390517,2451,False
2021,New Zealand,France,23.942,0.0,512.2379082783393,0.2497,2.5669249562270776e-07,1841,1.4981693681547864e-07,0.8885085131559886,2268,False
2021,Brazil,Sweden,12.0,0.0,52.5,0.2448,2.566470400654637e-07,1842,7.508993575247447e-08,0.8885085882459243,2506,False
2021,Sierra Leone,Australia,17.181,0.0,121.06396600896338,0.1689,2.532162535239384e-07,1843,1.0751001551360533e-07,0.8885086957559398,2388,False
2021,Ireland,Bulgaria,17.749,0.0,43.10101977576202,0.1614,2.503265167578665e-07,1844,1.1106427247255578e-07,0.8885088068202123,2379,False
2021,Japan,Cambodia,16.223,0.0,193.55236392775691,0.2265,2.4928390905339644e-07,1845,1.0151533564269943e-07,0.888508908335548,2414,False
2021,Lebanon,Cyprus,11.927,0.0,19.954724574494843,0.2521,2.4882964215102265e-07,1846,7.463313864331358e-08,0.8885089829686866,2511,False
2021,Guinea,United States of America,16.581,0.0,57.5960436644352,0.1709,2.475518597843476e-07,1847,1.037555187259816e-07,0.8885090867242054,2403,False
2021,Guinea,France,13.379,0.0,73.69758576874207,0.21640000000000004,2.4727830886281574e-07,1848,8.371902086936299e-08,0.8885091704432262,2475,False
2021,Netherlands (Kingdom of the),Angola,13.334,0.0,199.71501424928755,0.2108,2.4491523768191656e-07,1849,8.343743361029121e-08,0.8885092538806598,2477,False
2021,Ukraine,Singapore,14.824000000000002,0.0,59.36319481921208,0.31389999999999996,2.4431462447882824e-07,1850,9.276110063289014e-08,0.8885093466417604,2447,False
2021,Portugal,Mozambique,14.995,0.0,200.2000666888963,0.2388,2.427559100269676e-07,1851,9.383113221736289e-08,0.8885094404728926,2442,False
2021,Italy,Mauritius,10.387,0.0,356.4070472706267,0.2625,2.3689408183621947e-07,1852,6.499659688841269e-08,0.8885095054694895,2561,False
2021,Pakistan,Peru,10.785,0.0,35.60500695410292,0.2504,2.3600826273715928e-07,1853,6.748707975753643e-08,0.8885095729565692,2550,False
2021,Belgium,Gambia,15.588000000000001,0.0,135.55298947908648,0.17139999999999997,2.3292695573258678e-07,1854,9.754182654246435e-08,0.8885096704983957,2424,False
2021,Sudan,Belgium,14.115,0.0,75.94757350336522,0.1887,2.3260383055216458e-07,1855,8.83245369288481e-08,0.8885097588229326,2465,False
2021,Japan,Cabo Verde,23.579,0.0,29.77225497264515,0.11279999999999998,2.3247435268025973e-07,1856,1.475454662589663e-07,0.8885099063683989,2274,False
2021,China,Bahrain,11.742999999999999,0.0,70.33977688835903,0.3044,2.2930086043432106e-07,1857,7.34817596284423e-08,0.8885099798501586,2516,False
2021,Belgium,Spain,11.775,0.0,28.61995753715499,0.47109999999999996,2.281110885874465e-07,1858,7.368199945711558e-08,0.8885100535321581,2513,False
2021,Germany,Gambia,15.078000000000001,0.0,120.1087677410797,0.1733,2.280131052886e-07,1859,9.435050427298418e-08,0.8885101478826624,2440,False
2021,Sri Lanka,Sweden,10.937000000000001,0.0,52.299533692968815,0.2592,2.2701751786041138e-07,1860,6.843821894373444e-08,0.8885102163208813,2544,False
2021,Brazil,Chile,18.240000000000002,0.0,128.8925438596491,0.2736,2.2643242927307659e-07,1861,1.141367023437612e-07,0.8885103304575837,2370,False
2021,Thailand,India,8.268,0.0,186.5021770682148,0.3136999999999999,2.257672173429345e-07,1862,5.1736965733454916e-08,0.8885103821945494,2621,False
2021,China,Timor-Leste,15.723,0.0,69.70679895694205,0.1641,2.253515005725738e-07,1863,9.838658831967968e-08,0.8885104805811377,2421,False
2021,Italy,Bermuda,16.266000000000002,0.0,49.797122832902986,0.1579,2.2440746753216275e-07,1864,1.0178440791247916e-07,0.8885105823655456,2411,False
2021,Russian Federation,Yemen,15.156,0.0,95.67168118237001,0.1689,2.2347286849792552e-07,1865,9.483858885537526e-08,0.8885106772041345,2438,False
2021,Italy,Bahrain,11.029,0.0,182.42814398404207,0.2328,2.2196864397715788e-07,1866,6.901390845117008e-08,0.8885107462180429,2540,False
2021,Morocco,Oman,6.175,0.0,90.68825910931174,0.4084,2.2015618939916724e-07,1867,3.8640029439294156e-08,0.8885107848580723,2735,False
2021,Sri Lanka,Bahrain,10.927,0.0,59.668710533540775,0.2293,2.1887114444382202e-07,1868,6.837564399727404e-08,0.8885108532337164,2545,False
2021,Kenya,"Tanzania, United Republic of",14.084,0.0,149.3183754615166,0.28240000000000004,2.1849679743403832e-07,1869,8.813055459482087e-08,0.888510941364271,2467,False
2021,El Salvador,United States of America,11.303,0.0,109.17455542776253,0.23890000000000003,2.1734196639492262e-07,1870,7.072846198418492e-08,0.888511012092733,2529,False
2021,Peru,Iceland,14.752,0.0,72.93926247288503,0.1682,2.1670355517316843e-07,1871,9.231056101837529e-08,0.888511104403294,2448,False
2021,France,Norway,15.888,0.0,91.83031218529707,0.17790000000000003,2.158787915652419e-07,1872,9.94190749362762e-08,0.8885112038223689,2420,False
2021,New Zealand,Belgium,10.581,0.0,37.14204706549476,0.22940000000000002,2.1211919399800353e-07,1873,6.621055084974436e-08,0.8885112700329197,2553,False
2021,China,Ireland,16.939,0.0,61.16063522049708,0.18360000000000004,2.1088229146722225e-07,1874,1.0599570180926375e-07,0.8885113760286215,2393,False
2021,South Africa,Tunisia,14.489,0.0,49.83090620470702,0.1658,2.0989099395758275e-07,1875,9.066483992646689e-08,0.8885114666934615,2452,False
2021,Ireland,Philippines,20.504,0.0,39.260632071790866,0.117,2.0964642349370853e-07,1876,1.2830367022239472e-07,0.8885115949971317,2329,False
2021,Pakistan,Bulgaria,13.363,0.0,42.20609144653147,0.1775,2.0726729840371488e-07,1877,8.361890095502636e-08,0.8885116786160326,2476,False
2021,Bulgaria,United Arab Emirates,17.368,0.0,79.05343159834179,0.181,2.0599215566790032e-07,1878,1.0868016701241471e-07,0.8885117872961996,2385,False
2021,United Kingdom,Saudi Arabia,6.032,0.0,113.39522546419099,0.3889,2.047041217141105e-07,1879,3.77452077049105e-08,0.8885118250414074,2741,False
2021,Australia,Ukraine,10.899000000000001,0.0,211.7625470226626,0.21310000000000004,2.0232628315790555e-07,1880,6.820043414718495e-08,0.8885118932418415,2548,False
2021,China,Maldives,15.12,0.0,55.15873015873016,0.1748,2.0196341017478842e-07,1881,9.461331904811783e-08,0.8885119878551606,2439,False
2021,Italy,"China, Hong Kong SAR",6.299,0.0,217.9711065248452,0.368,2.0189400366753037e-07,1882,3.941595877540306e-08,0.8885120272711194,2730,False
2021,Malaysia,India,5.735,0.0,56.843940714908456,0.402,2.013860008254384e-07,1883,3.588673179503676e-08,0.8885120631578513,2758,False
2021,Spain,Japan,7.402,0.0,165.36071332072413,0.3119,2.0127723329631278e-07,1884,4.631797536998467e-08,0.8885121094758266,2663,False
2021,Pakistan,Jordan,9.797,0.0,77.98305603756252,0.289,2.0066339295442544e-07,1885,6.130467504724937e-08,0.8885121707805016,2577,False
2021,Costa Rica,El Salvador,9.375,0.0,53.013333333333335,0.24299999999999997,1.990246953197255e-07,1886,5.866401230662068e-08,0.8885122294445139,2590,False
2021,Argentina,Malta,16.892,0.0,57.89722945773148,0.24730000000000002,1.9602073865618825e-07,1887,1.0570159956089989e-07,0.8885123351461135,2394,False
2021,Denmark,Russian Federation,11.509,0.0,104.7006690416196,0.2278,1.951075663242791e-07,1888,7.201750588126906e-08,0.8885124071636193,2521,False
2021,Mexico,Germany,6.825,0.0,85.12820512820512,0.327,1.9485393736638e-07,1889,4.2707400959219855e-08,0.8885124498710203,2699,False
2021,Thailand,Georgia,13.967,0.0,44.533543352187294,0.1596,1.94781423611163e-07,1890,8.739842772123425e-08,0.888512537269448,2471,False
2021,Poland,Malta,8.325,0.0,63.18318318318319,0.266,1.9342350414004165e-07,1891,5.209364292827916e-08,0.888512589363091,2618,False
2021,Argentina,Saint Vincent and the Grenadines,13.391,0.0,76.69330147113733,0.16510000000000002,1.9307080894315468e-07,1892,8.379411080511547e-08,0.8885126731572017,2474,False
2021,Iran (Islamic Republic of),United Kingdom,10.99,0.0,71.61055505004549,0.2193,1.9175045035497668e-07,1893,6.876986615997454e-08,0.8885127419270679,2543,False
2021,Bangladesh,Germany,11.328,0.0,76.71257062146893,0.1922,1.9013282358415955e-07,1894,7.088489935033589e-08,0.8885128128119673,2527,False
2021,France,Lithuania,11.283,0.0,267.9251971993264,0.2458,1.895265366541005e-07,1895,7.060331209126411e-08,0.8885128834152793,2532,False
2021,Indonesia,Sri Lanka,9.745000000000001,0.0,271.7290918419702,0.22320000000000004,1.8926878610335993e-07,1896,6.097928532565531e-08,0.8885129443945646,2578,False
2021,Spain,Kuwait,11.755,0.0,82.09272649936197,0.1856,1.8915029751677397e-07,1897,7.355684956419479e-08,0.8885130179514142,2514,False
2021,Argentina,Suriname,12.395,0.0,55.90964098426785,0.17399999999999996,1.8841420593177326e-07,1898,7.756164613766009e-08,0.8885130955130603,2500,False
2021,Viet Nam,Sierra Leone,12.542,0.0,59.55987880720778,0.1719,1.8833548758540257e-07,1899,7.84814978506279e-08,0.8885131739945582,2498,False
2021,Spain,Ecuador,8.06,0.0,376.4267990074441,0.2677,1.8739039815331018e-07,1900,5.043540684707869e-08,0.888513224429965,2634,False
2021,Greece,Oman,7.173,0.0,39.87174125191691,0.2984,1.8703309739057696e-07,1901,4.488500909604161e-08,0.8885132693149741,2671,False
2021,Nigeria,United States of America,10.769,0.0,66.20856161203454,0.2505,1.8687869625864648e-07,1902,6.73869598431998e-08,0.8885133367019339,2551,False
2021,Viet Nam,Lithuania,12.035,0.0,75.03115911923557,0.1778,1.8687183179163612e-07,1903,7.530894806508585e-08,0.888513412010882,2504,False
2021,Bulgaria,Qatar,11.927,0.0,81.49576590928146,0.1784,1.8579787008565606e-07,1904,7.463313864331358e-08,0.8885134866440206,2511,False
2021,Canada,Guyana,12.733,0.0,86.54676824000627,0.1745,1.8508430538975608e-07,1905,7.967667932802146e-08,0.8885135663207,2492,False
2021,New Zealand,Solomon Islands,11.217,0.0,53.49023803155924,0.24229999999999996,1.8481436222438016e-07,1906,7.019031744462552e-08,0.8885136365110174,2534,False
2021,Belgium,Morocco,4.745,0.0,115.70073761854583,0.44520000000000004,1.8432360263852233e-07,1907,2.9691812095457614e-08,0.8885136662028296,2821,False
2021,Canada,Singapore,6.178999999999999,0.0,11.005016993040947,0.3666,1.8413917396827833e-07,1908,3.866505941787831e-08,0.8885137048678889,2734,False
2021,Australia,Namibia,11.069,0.0,79.50130996476646,0.188,1.8171626921223465e-07,1909,6.926420823701167e-08,0.8885137741320972,2538,False
2021,Peru,"Korea, Republic of",5.824,0.0,90.48763736263737,0.3555,1.807450945741796e-07,1910,3.644364881853428e-08,0.888513810575746,2751,False
2021,France,"Korea, Republic of",8.711000000000002,0.0,307.3125932728733,0.46199999999999986,1.800512301040266e-07,1911,5.4509035861650436e-08,0.8885138650847818,2610,False
2021,China,Cabo Verde,21.719,0.0,55.48137575394815,0.1662,1.7861500948430826e-07,1912,1.3590652621733275e-07,0.8885140009913081,2309,False
2021,Lebanon,Jordan,14.204,0.0,36.2573922838637,0.286,1.785354942368153e-07,1913,8.888145395234561e-08,0.888514089872762,2458,False
2021,Mexico,Italy,6.123,0.0,106.97370569982034,0.3318,1.7730448235757682e-07,1914,3.83146397177001e-08,0.8885141281874017,2738,False
2021,New Zealand,Chile,7.1850000000000005,0.0,639.8051496172582,0.2855,1.7729477877010075e-07,1915,4.496009903179409e-08,0.8885141731475007,2669,False
2021,Bangladesh,Japan,21.062,0.0,60.250688443642574,0.19209999999999997,1.7729330716380696e-07,1916,1.3179535223488478e-07,0.8885143049428529,2322,False
2021,Colombia,Peru,5.623,0.0,374.3553263382536,0.35930000000000006,1.7546168560644042e-07,1917,3.518589239468033e-08,0.8885143401287453,2767,False
2021,Pakistan,Lithuania,10.912,0.0,106.03005865102638,0.1824,1.7371881033177176e-07,1918,6.828178157758346e-08,0.8885144084105269,2546,False
2021,Italy,United Kingdom,5.19,0.0,49.325626204238915,0.3816,1.7302022074108458e-07,1919,3.247639721294521e-08,0.8885144408869241,2792,False
2021,Greece,Netherlands (Kingdom of the),12.947000000000001,0.0,66.27017841971113,0.41440000000000005,1.7246368926391523e-07,1920,8.101578318227392e-08,0.8885145219027073,2488,False
2021,Germany,Croatia,16.242,0.0,221.33973648565447,0.2567,1.7026630404537133e-07,1921,1.016342280409742e-07,0.8885146235369353,2412,False
2021,South Africa,Qatar,7.7090000000000005,0.0,67.06447009988325,0.2526,1.7007480299862176e-07,1922,4.8239026226318814e-08,0.8885146717759616,2653,False
2021,Bangladesh,Cyprus,15.55,0.0,72.21864951768488,0.125,1.6976053807703127e-07,1923,9.730404174591484e-08,0.8885147690800033,2426,False
2021,Netherlands (Kingdom of the),Norway,12.911999999999999,0.0,114.23482032218092,0.2627,1.6963172612681272e-07,1924,8.079677086966252e-08,0.8885148498767741,2489,False
2021,New Zealand,Poland,9.273,0.0,162.51482799525505,0.2081,1.6825069470257335e-07,1925,5.8025747852724646e-08,0.888514907902522,2593,False
2021,China,Antigua and Barbuda,12.297,0.0,58.550866064893874,0.1611,1.6816010758270126e-07,1926,7.694841166234822e-08,0.8885149848509336,2501,False
2021,Netherlands (Kingdom of the),Poland,5.867999999999999,0.0,83.50374914792093,0.3969,1.6639934417410475e-07,1927,3.6718978582960016e-08,0.8885150215699122,2749,False
2021,Brazil,Lithuania,10.391,0.0,27.33134443268213,0.1824,1.6566036197412535e-07,1928,6.502162686699686e-08,0.8885150865915391,2560,False
2021,Honduras,Argentina,10.551,0.0,386.9775376741541,0.1808,1.6564754002176997e-07,1929,6.602282601036318e-08,0.8885151526143651,2554,False
2021,Bangladesh,France,9.929,0.0,122.67096384328734,0.1898,1.64431136239251e-07,1930,6.213066434052658e-08,0.8885152147450295,2570,False
2021,Poland,Viet Nam,6.473000000000001,0.0,65.96632164375096,0.2962,1.642769751300809e-07,1931,4.050476284381394e-08,0.8885152552497924,2718,False
2021,Thailand,Lithuania,10.354000000000001,0.0,56.98280857639559,0.1808,1.6353438458099197e-07,1932,6.47900995650934e-08,0.888515320039892,2563,False
2021,Ukraine,Senegal,9.826,0.0,146.04111540810095,0.1902,1.6299886661717558e-07,1933,6.148614239198452e-08,0.8885153815260344,2575,False
2021,Ukraine,Yemen,10.911,0.0,80.65255246998443,0.1704,1.6234991664933703e-07,1934,6.82755240829374e-08,0.8885154498015585,2547,False
2021,China,Poland,4.955,0.0,212.31079717457115,0.38889999999999997,1.6231287559699946e-07,1935,3.1005885971125914e-08,0.8885154808074445,2810,False
2021,Canada,Grenada,11.087,0.0,87.30946153152341,0.1676,1.6223856337769618e-07,1936,6.937684314064037e-08,0.8885155501842876,2537,False
2021,Netherlands (Kingdom of the),"Congo, Dem. Rep. of the",11.488,0.0,77.99442896935933,0.1611,1.6161470070656958e-07,1937,7.188609849370223e-08,0.8885156220703861,2523,False
2021,Israel,United Kingdom,6.246,0.0,113.67275056035862,0.2961,1.6138678675726932e-07,1938,3.908431155916297e-08,0.8885156611546977,2732,False
2021,Netherlands (Kingdom of the),Romania,7.861,0.0,137.89594199211297,0.2339,1.6038310499740075e-07,1939,4.919016541251681e-08,0.8885157103448631,2646,False
2021,Netherlands (Kingdom of the),Mauritius,7.0,0.0,117.71428571428571,0.2612,1.5954176164479948e-07,1940,4.3802462522276776e-08,0.8885157541473256,2682,False
2021,Italy,Maldives,11.466,0.0,105.79103436246294,0.17480000000000004,1.587520621718765e-07,1941,7.174843361148935e-08,0.8885158258957593,2524,False
2021,Philippines,Bahrain,9.809000000000001,0.0,80.64022836170862,0.1849,1.5837083063460063e-07,1942,6.137976498300184e-08,0.8885158872755242,2576,False
2021,Jordan,Bahrain,7.954,0.0,52.42645209957254,0.228,1.581157162439442e-07,1943,4.9772112414598494e-08,0.8885159370476367,2639,False
2021,South Africa,Chile,7.494,0.0,815.9861222311182,0.2448,1.5804620230965137e-07,1944,4.68936648774203e-08,0.8885159839413015,2660,False
2021,Italy,Senegal,6.487,0.0,27.747803298905502,0.2767,1.5644320360528907e-07,1945,4.059236776885849e-08,0.8885160245336693,2717,False
2021,Lithuania,Italy,21.745,0.0,52.79374568866406,0.18230000000000002,1.5563607945342042e-07,1946,1.360692210781298e-07,0.8885161606028904,2307,False
2021,Croatia,Ukraine,7.772,0.0,230.05661348430263,0.2297,1.552584372816128e-07,1947,4.86332483890193e-08,0.8885162092361388,2650,False
2021,Ireland,New Zealand,10.013,0.0,196.64436232897233,0.1778,1.5512943008896327e-07,1948,6.26562938907939e-08,0.8885162718924328,2568,False
2021,Chile,Italy,6.759,0.0,114.51398135818907,0.2622,1.5464694967968043e-07,1949,4.229440631258125e-08,0.8885163141868391,2703,False
2021,New Zealand,Ukraine,8.206,0.0,663.5388739946382,0.2169,1.53770287922601e-07,1950,5.1349001065400455e-08,0.8885163655358401,2626,False
2021,Lebanon,Germany,12.485,0.0,96.27553063676412,0.2754,1.5291938303070074e-07,1951,7.812482065580364e-08,0.8885164436606607,2499,False
2021,Italy,Finland,9.173,0.0,127.98430175515098,0.18890000000000004,1.508138524158339e-07,1952,5.739999838812069e-08,0.8885165010606592,2597,False
2021,Viet Nam,Denmark,6.405,0.0,127.7127244340359,0.272,1.505702000945597e-07,1953,4.007925320788325e-08,0.8885165411399124,2722,False
2021,Germany,Seychelles,9.473,0.0,29.768816636757098,0.18050000000000002,1.486271154627813e-07,1954,5.927724678193256e-08,0.8885166004171592,2588,False
2021,South Africa,Israel,7.0360000000000005,0.0,72.62649232518476,0.2513,1.4767169215958447e-07,1955,4.40277323295342e-08,0.8885166444448915,2680,False
2021,Cambodia,Norway,15.482000000000001,0.0,77.44477457692804,0.1081,1.4615300255120098e-07,1956,9.687853210998416e-08,0.8885167413234236,2430,False
2021,Saudi Arabia,Gambia,9.616,0.0,112.41680532445923,0.1733,1.4543029701806943e-07,1957,6.017206851631621e-08,0.8885168014954922,2582,False
2021,Canada,France,5.152,0.0,59.78260869565217,0.3245,1.447270476517974e-07,1958,3.223861241639571e-08,0.8885168337341046,2796,False
2021,Croatia,Germany,6.827999999999999,0.0,143.6731107205624,0.2567,1.4446287832146178e-07,1959,4.272617344315797e-08,0.8885168764602781,2698,False
2021,France,French Polynesia,23.479000000000003,0.0,175.47595723838322,0.23739999999999997,1.4342522348184966e-07,1960,1.4691971679436237e-07,0.8885170233799949,2278,False
2021,Belgium,Sierra Leone,14.381,0.0,352.2008205270843,0.17619999999999997,1.427381400811802e-07,1961,8.998903050469462e-08,0.8885171133690254,2456,False
2021,Spain,Thailand,4.522,0.0,95.53295002211411,0.36840000000000006,1.4173292725351422e-07,1962,2.8296390789390796e-08,0.8885171416654162,2839,False
2021,Poland,Kuwait,13.135,0.0,72.17358203273696,0.1263,1.4152826985697168e-07,1963,8.219219217572934e-08,0.8885172238576083,2485,False
2021,Argentina,Latvia,9.0,0.0,46.44444444444444,0.179,1.4075856366701902e-07,1964,5.6317451814355854e-08,0.8885172801750602,2600,False
2021,Cambodia,Croatia,9.200000000000001,0.0,51.7391304347826,0.1748,1.404972553572872e-07,1965,5.7568950743563765e-08,0.8885173377440109,2595,False
2021,Cambodia,Iceland,14.161,0.0,61.08325683214463,0.1121,1.386695056448194e-07,1966,8.861238168256592e-08,0.8885174263563925,2462,False
2021,Canada,Saint Lucia,9.525,0.0,96.90288713910759,0.1676,1.3836888798336584e-07,1967,5.9602636503526614e-08,0.888517485959029,2586,False
2021,Canada,Libya,8.498,0.0,26.47681807484114,0.1859,1.3807974235038052e-07,1968,5.3176189502044e-08,0.8885175391352185,2614,False
2021,Israel,United States of America,4.91,0.0,84.5213849287169,0.3207,1.3747356505480953e-07,1969,3.072429871205414e-08,0.8885175698595171,2812,False
2021,Nigeria,Cameroon,10.847000000000001,0.0,47.47856550198211,0.2823,1.3661121654685286e-07,1970,6.787504442559089e-08,0.8885176377345616,2549,False
2021,Bulgaria,Jordan,24.6,0.0,52.96747967479674,0.17550000000000002,1.3417661665135567e-07,1971,1.5393436829257266e-07,0.8885177916689299,2259,False
2021,Morocco,Tunisia,6.973,0.0,96.08489889574072,0.2186,1.3305876502651514e-07,1972,4.363351016683371e-08,0.88851783530244,2686,False
2021,Colombia,Aruba,6.602,0.0,52.71129960617994,0.2457,1.3236413819210589e-07,1973,4.131197965315304e-08,0.8885178766144196,2708,False
2021,China,Kenya,8.759,0.0,38.93138486128554,0.2827,1.3210107243975888e-07,1974,5.480939560466033e-08,0.8885179314238152,2609,False
2021,Indonesia,Italy,6.932,0.0,152.0484708597807,0.21770000000000003,1.315977259079619e-07,1975,4.3376952886346085e-08,0.8885179748007681,2692,False
2021,Japan,Sweden,5.471,0.0,79.32736245658928,0.2748,1.3127204146603954e-07,1976,3.4234753208482316e-08,0.8885180090355214,2772,False
2021,Peru,Panama,4.24,0.0,32.783018867924525,0.3532,1.308637503149594e-07,1977,2.6531777299207646e-08,0.8885180355672987,2864,False
2021,Poland,Maldives,10.401,0.0,197.28872223824632,0.1721,1.293354046768843e-07,1978,6.508420181345724e-08,0.8885181006515005,2558,False
2021,Ghana,Australia,11.15,0.0,78.65470852017937,0.2324,1.288148366974536e-07,1979,6.977106530334086e-08,0.8885181704225658,2535,False
2021,Denmark,Norway,16.778000000000002,0.0,51.85361783287638,0.23069999999999996,1.2771428811157064e-07,1980,1.049882451712514e-07,0.888518275410811,2396,False
2021,Spain,Poland,7.321,0.0,237.5358557574102,0.3834000000000001,1.269622769476918e-07,1981,4.5811118303655465e-08,0.8885183212219293,2665,False
2021,Chile,Argentina,5.471,0.0,267.59276183513066,0.2661,1.266812907566816e-07,1982,3.4234753208482316e-08,0.8885183554566826,2772,False
2021,France,United Arab Emirates,6.997,0.0,267.97198799485494,0.41949999999999993,1.2664498652083792e-07,1983,4.3783690038338654e-08,0.8885183992403726,2684,False
2021,Viet Nam,Lebanon,5.449,0.0,115.61754450357864,0.264,1.2552285155791773e-07,1984,3.409708832626945e-08,0.8885184333374609,2776,False
2021,"Korea, Republic of",Netherlands (Kingdom of the),5.5280000000000005,0.0,255.06512301013024,0.46,1.2515636431671394e-07,1985,3.459143040330658e-08,0.8885184679288913,2771,False
2021,China,Jordan,4.098,0.0,115.9102000976086,0.3483,1.2453714314803914e-07,1986,2.564321305947003e-08,0.8885184935721044,2879,False
2021,Lithuania,Angola,8.158,0.0,156.2883059573425,0.1743,1.2399049944123545e-07,1987,5.104864132239056e-08,0.8885185446207458,2631,False
2021,Uruguay,Lithuania,7.7090000000000005,0.0,42.93682708522506,0.1821,1.226610992033632e-07,1988,4.8239026226318814e-08,0.888518592859772,2653,False
2021,Kenya,Oman,6.916,0.0,58.84904569115095,0.2613,1.2225186591384308e-07,1989,4.327683297200945e-08,0.888518636136605,2693,False
2021,Georgia,Russian Federation,6.489,0.0,229.00292803205426,0.2158,1.2194049694090439e-07,1990,4.060488275815057e-08,0.8885186767414878,2716,False
2021,Germany,United Arab Emirates,3.319,0.0,79.54203073214823,0.4395,1.212826412136957e-07,1991,2.076862473020523e-08,0.8885186975101125,2948,False
2021,Pakistan,Montenegro,8.426,0.0,63.37526703061951,0.1645,1.2106813030113128e-07,1992,5.272564988752916e-08,0.8885187502357623,2616,False
2021,Kenya,United Kingdom,11.0,0.0,47.36363636363637,0.2086,1.2094455341345226e-07,1993,6.883244110643493e-08,0.8885188190682034,2542,False
2021,China,Aruba,7.672000000000001,0.0,114.05109489051094,0.1839,1.2022411156519212e-07,1994,4.800749892441535e-08,0.8885188670757024,2656,False
2021,Colombia,Finland,7.162,0.0,36.02345713487853,0.1898,1.1878991929958767e-07,1995,4.481617665493518e-08,0.888518911891879,2672,False
2021,Italy,Russian Federation,7.7090000000000005,0.0,336.4898170968997,0.2673,1.1861580040081607e-07,1996,4.8239026226318814e-08,0.8885189601309053,2653,False
2021,Spain,Norway,16.677,0.0,91.08352821250824,0.225,1.1808910506191846e-07,1997,1.0435623821200139e-07,0.8885190644871435,2399,False
2021,China,Brunei Darussalam,7.672,0.0,29.066736183524505,0.2253,1.1738528296342506e-07,1998,4.8007498924415344e-08,0.8885191124946424,2657,False
2021,Italy,Seychelles,7.712,0.0,81.95020746887967,0.1822,1.1724505363072243e-07,1999,4.825779871025692e-08,0.8885191607524412,2652,False
2021,"Korea, Republic of",China,2.112,0.0,205.9659090909091,0.6342,1.1664936064648357e-07,2000,1.3215828692435507e-08,0.8885191739682698,3084,False
2021,Netherlands (Kingdom of the),Sierra Leone,7.648000000000001,0.0,203.05962343096232,0.1739,1.1587281185137858e-07,2001,4.78573190529104e-08,0.888519221825589,2658,False
2021,Poland,Saudi Arabia,8.815000000000001,0.0,47.53261486103232,0.28679999999999994,1.1522798722466572e-07,2002,5.5159815304838545e-08,0.8885192769854042,2607,False
2021,Spain,Peru,4.963,0.0,70.32037074350191,0.2648,1.1476619468369361e-07,2003,3.1055945928294234e-08,0.8885193080413502,2809,False
2021,Saudi Arabia,Sudan,7.8309999999999995,0.0,132.67781892478612,0.23870000000000002,1.1406806325602832e-07,2004,4.900244057313563e-08,0.8885193570437907,2648,False
2021,China,Portugal,3.294,0.0,107.1645415907711,0.3941,1.1327828548876983e-07,2005,2.061218736405424e-08,0.8885193776559781,2950,False
2021,Indonesia,"China, Hong Kong SAR",4.5,0.0,42.888888888888886,0.2872,1.1291613574142269e-07,2006,2.8158725907177927e-08,0.888519405814704,2842,False
2021,Pakistan,Jamaica,5.623,0.0,60.64378445669571,0.2296,1.1276603036575998e-07,2007,3.518589239468033e-08,0.8885194410005964,2767,False
2021,China,Seychelles,7.883,0.0,66.47215527083597,0.18080000000000002,1.1192405845485468e-07,2008,4.932783029472969e-08,0.8885194903284267,2645,False
2021,Canada,Netherlands (Kingdom of the),5.7,0.0,32.80701754385965,0.311,1.1151434161378578e-07,2009,3.566771948242538e-08,0.8885195259961461,2761,False
2021,Ireland,Bahrain,14.073,0.0,33.32622752789028,0.11440000000000002,1.1127375020035582e-07,2010,8.806172215371444e-08,0.8885196140578683,2468,False
2021,Russian Federation,Bulgaria,14.904,0.0,91.11647879763822,0.18330000000000002,1.111556296714257e-07,2011,9.32617002045733e-08,0.8885197073195685,2444,False
2021,Italy,Croatia,5.443999999999999,0.0,183.68846436443795,0.3432000000000001,1.1006306609814053e-07,2012,3.406580085303924e-08,0.8885197413853694,2778,False
2021,Italy,Pakistan,3.9530000000000003,0.0,466.48115355426256,0.3204,1.098025190502326e-07,2013,2.47358763357943e-08,0.8885197661212457,2893,False
2021,Sudan,Spain,6.75,0.0,65.77777777777777,0.18609999999999996,1.0971370338247767e-07,2014,4.223808886076689e-08,0.8885198083593346,2705,False
2021,Bulgaria,Denmark,7.222,0.0,41.8166712821933,0.1737,1.0961278080416513e-07,2015,4.5191626333697555e-08,0.888519853550961,2667,False
2021,Ukraine,Finland,7.22,0.0,462.88088642659284,0.1762,1.0928463319639145e-07,2016,4.517911134440547e-08,0.8885198987300723,2668,False
2021,Iran (Islamic Republic of),Bahrain,6.122,0.0,43.44985298921921,0.2037,1.0895936509914521e-07,2017,3.830838222305406e-08,0.8885199370384546,2739,False
2021,Russian Federation,Oman,4.309,0.0,61.49918774657693,0.2878,1.0831168322729412e-07,2018,2.6963544429784375e-08,0.888519964001999,2859,False
2021,United Arab Emirates,Maldives,9.845,0.0,82.68156424581005,0.1767,1.0770783163956372e-07,2019,6.160503479025927e-08,0.8885200256070337,2573,False
2021,Egypt,Oman,3.4410000000000003,0.0,108.6893344957861,0.3581,1.0752246909437547e-07,2020,2.1532039077022056e-08,0.8885200471390727,2932,False
2021,South Africa,Sweden,5.0,0.0,63.6,0.2455,1.0720792350633451e-07,2021,3.12874732301977e-08,0.888520078426546,2803,False
2021,Chile,China,3.443,0.0,742.3758350275922,0.3591,1.0664277380700652e-07,2022,2.1544554066314135e-08,0.8885200999711,2931,False
2021,Canada,Guatemala,6.851999999999999,0.0,105.66258026853474,0.2656,1.0613207979306514e-07,2023,4.2876353314662916e-08,0.8885201428474534,2696,False
2021,Germany,China,2.588,0.0,876.3523956723338,0.4767,1.0589503081774632e-07,2024,1.6194396143950328e-08,0.8885201590418496,3035,False
2021,South Africa,Bahrain,5.097,0.0,75.53462821267412,0.2364,1.0521435533860856e-07,2025,3.189445021086354e-08,0.8885201909362997,2800,False
2021,Ukraine,Georgia,8.416,0.0,206.15494296577947,0.2244,1.044933962069596e-07,2026,5.266307494106876e-08,0.8885202435993746,2617,False
2021,Madagascar,Comoros,5.449,0.0,34.50174343916315,0.2191,1.043280711824222e-07,2027,3.409708832626945e-08,0.888520277696463,2776,False
2021,Bulgaria,Panama,6.564,0.0,45.09445460085314,0.181,1.0380521383562637e-07,2028,4.1074194856603536e-08,0.8885203187706578,2710,False
2021,Namibia,Netherlands (Kingdom of the),5.088,0.0,128.34119496855345,0.2326,1.0324113139361985e-07,2029,3.183813275904917e-08,0.8885203506087906,2801,False
2021,Australia,Iceland,6.941,0.0,42.06886615761418,0.16869999999999996,1.023143611496148e-07,2030,4.3433270338160443e-08,0.888520394042061,2690,False
2021,Egypt,Sweden,5.0,0.0,62.2,0.2324,1.0148983673625719e-07,2031,3.12874732301977e-08,0.8885204253295342,2803,False
2021,South Africa,Morocco,4.214,0.0,243.9487422876127,0.27659999999999996,1.0108051295081447e-07,2032,2.636908243841062e-08,0.8885204516986167,2868,False
2021,Mexico,Honduras,8.541,0.0,221.98805760449596,0.2447,1.0014373346115078e-07,2033,5.344526177182371e-08,0.8885205051438785,2613,False
2021,India,Uruguay,8.258,0.0,56.91450714458707,0.2553,9.979518862021277e-08,2034,5.1674390786994506e-08,0.8885205568182692,2624,False
2021,Syrian Arab Republic,Yemen,19.168,0.0,87.54173622704508,0.1126,9.889366037840964e-08,2035,1.199436573752859e-07,0.8885206767619266,2349,False
2021,Cambodia,Ukraine,6.523000000000001,0.0,45.22458991261689,0.1714,9.768520095423365e-08,2036,4.081763757611592e-08,0.8885207175795642,2715,False
2021,Viet Nam,Kenya,5.373,0.0,25.68397543271915,0.2072,9.730092395888378e-08,2037,3.3621518733170444e-08,0.8885207512010829,2785,False
2021,Netherlands (Kingdom of the),Maldives,13.254000000000001,0.0,69.11121170967255,0.17279999999999998,9.711801280830704e-08,2038,8.293683403860806e-08,0.8885208341379169,2480,False
2021,Russian Federation,Pakistan,4.898,0.0,75.54103715802368,0.2263,9.67860385206456e-08,2039,3.064920877630166e-08,0.8885208647871257,2813,False
2021,South Africa,New Zealand,5.992,0.0,68.09078771695594,0.21580000000000002,9.675506020513252e-08,2040,3.7494907919068917e-08,0.8885209022820336,2744,False
2021,Slovenia,Denmark,4.374,0.0,32.23593964334705,0.2512,9.601490925393229e-08,2041,2.7370281581776943e-08,0.8885209296523152,2855,False
2021,India,Montenegro,6.972,0.0,84.48078026391279,0.1652,9.590511698698896e-08,2042,4.362725267218767e-08,0.8885209732795679,2687,False
2021,Jamaica,Cayman Islands,6.965,0.0,27.279253409906676,0.157,9.557340300868273e-08,2043,4.358345020966539e-08,0.8885210168630181,2688,False
2021,"Korea, Republic of",Saudi Arabia,2.446,0.0,175.38838920686834,0.4474,9.536400279991629e-08,2044,1.5305831904212714e-08,0.88852103216885,3049,False
2021,Spain,Philippines,5.452,0.0,70.98312545854732,0.1989,9.469890956904029e-08,2045,3.411586081020757e-08,0.8885210662847108,2775,False
2021,United Arab Emirates,Sierra Leone,6.289,0.0,110.66942280171729,0.1721,9.445266966564511e-08,2046,3.935338382894266e-08,0.8885211056380946,2731,False
2021,Netherlands (Kingdom of the),United Arab Emirates,2.507,0.0,181.09293976864777,0.43270000000000003,9.414542690533678e-08,2047,1.5687539077621126e-08,0.8885211213256337,3045,False
2021,United States of America,Cabo Verde,6.465,0.0,87.23897911832947,0.1662,9.380762199540342e-08,2048,4.045470288664562e-08,0.8885211617803366,2720,False
2021,Poland,Japan,4.029,0.0,80.41697691734922,0.2662,9.363907192301109e-08,2049,2.5211445928893304e-08,0.8885211869917825,2887,False
2021,South Africa,Uruguay,7.832000000000001,0.0,56.30745658835546,0.3133,9.332234420785958e-08,2050,4.9008698067781676e-08,0.8885212360004806,2647,False
2021,United States of America,Solomon Islands,5.798,0.0,78.64780958951363,0.1837,9.300065399445793e-08,2051,3.628095395773725e-08,0.8885212722814345,2753,False
2021,China,Kuwait,6.021,0.0,109.45025743232021,0.18910000000000002,9.2922078287182e-08,2052,3.767637526380407e-08,0.8885213099578098,2742,False
2021,Sri Lanka,Lebanon,3.731,0.0,33.50308228357009,0.2805,9.144738095207047e-08,2053,2.334671252437352e-08,0.8885213333045223,2904,False
2021,Poland,Latvia,4.25,0.0,78.58823529411765,0.24459999999999998,9.076474664329023e-08,2054,2.6594352245668042e-08,0.8885213598988746,2863,False
2021,Russian Federation,Senegal,4.228,0.0,83.96404919583728,0.24380000000000002,8.999068340112532e-08,2055,2.645668736345517e-08,0.888521386355562,2866,False
2021,Malaysia,Oman,2.373,0.0,59.41845764854614,0.4337,8.987302060213402e-08,2056,1.4849034795051828e-08,0.8885214012045968,3055,False
2021,Belgium,French Polynesia,5.393,0.0,129.42703504542928,0.1898,8.929328986579029e-08,2057,3.3746668626091237e-08,0.8885214349512653,2782,False
2021,France,Iran (Islamic Republic of),5.639,0.0,103.56446178400425,0.21930000000000002,8.774026442123242e-08,2058,3.528601230901696e-08,0.8885214702372777,2765,False
2021,Philippines,United States of America,4.69,0.0,65.0319829424307,0.2134,8.740888977495905e-08,2059,2.934764988992544e-08,0.8885214995849275,2828,False
2021,Guinea,Chile,6.317,0.0,711.7302517017572,0.1587,8.653043230202234e-08,2060,3.952859367903177e-08,0.8885215391135213,2729,False
2021,Latvia,Poland,5.21,0.0,40.30710172744722,0.2446,8.649048787856615e-08,2061,3.2601547105866e-08,0.8885215717150684,2790,False
2021,Kenya,United Arab Emirates,3.5780000000000003,0.0,276.690888764673,0.277,8.621978869490935e-08,2062,2.2389315843529474e-08,0.8885215941043842,2920,False
2021,Bulgaria,Nigeria,5.635,0.0,73.11446317657499,0.1745,8.58676294789477e-08,2063,3.52609823304328e-08,0.8885216293653666,2766,False
2021,Canada,Antigua and Barbuda,6.033,0.0,112.7134095806398,0.1621,8.533929405941852e-08,2064,3.775146519955654e-08,0.8885216671168318,2740,False
2021,Viet Nam,Guatemala,4.503,0.0,101.48789695758383,0.217,8.528222716913777e-08,2065,2.8177498391116045e-08,0.8885216952943302,2841,False
2021,Japan,Ireland,5.38,0.0,47.026022304832715,0.1816,8.469478946667127e-08,2066,3.366532119569272e-08,0.8885217289596514,2784,False
2021,Poland,United Arab Emirates,3.698,0.0,78.96160086533261,0.2723,8.428904376905247e-08,2067,2.3140215201054215e-08,0.8885217520998666,2907,False
2021,Bangladesh,Jordan,5.167,0.0,78.3820398683956,0.1868,8.427658254704973e-08,2068,3.23324748360863e-08,0.8885217844323414,2795,False
2021,Malta,Libya,6.357,0.0,45.93361648576372,0.24189999999999998,8.388961650674669e-08,2069,3.977889346487335e-08,0.8885218242112349,2726,False
2021,Ukraine,France,4.03,0.0,598.5111662531017,0.2402,8.371876336957736e-08,2070,2.5217703423539346e-08,0.8885218494289383,2886,False
2021,Estonia,Gambia,8.794,0.0,884.6941096201955,0.1105,8.361159008728407e-08,2071,5.5028407917271714e-08,0.8885219044573462,2608,False
2021,Australia,Argentina,7.287,0.0,404.6932894195142,0.2396,8.33793963569163e-08,2072,4.5598363485690124e-08,0.8885219500557098,2666,False
2021,Russian Federation,Kenya,4.803,0.0,74.74495107224651,0.20000000000000004,8.280477610794399e-08,2073,3.005474678492791e-08,0.8885219801104566,2816,False
2021,Pakistan,Georgia,5.551,0.0,78.18411097099622,0.1692,8.201070515614896e-08,2074,3.4735352780165486e-08,0.8885220148458094,2770,False
2021,Chile,Australia,4.0,0.0,161.5,0.2336,8.145985341363657e-08,2075,2.5029978584158157e-08,0.8885220398757879,2888,False
2021,Egypt,Gambia,7.552,0.0,91.76377118644068,0.17330000000000004,8.130725164512953e-08,2076,4.7256599566890596e-08,0.8885220871323875,2659,False
2021,Canada,Iceland,4.279,0.0,57.49006777284412,0.2131,7.964612851434388e-08,2077,2.677581959040319e-08,0.888522113908207,2861,False
2021,Morocco,Poland,3.5540000000000003,0.0,117.89532920652785,0.2565,7.953281690303652e-08,2078,2.2239135972024525e-08,0.888522136147343,2922,False
2021,Italy,Ukraine,4.6,0.0,311.7391304347826,0.25360000000000005,7.884732137530932e-08,2079,2.878447537178188e-08,0.8885221649318183,2834,False
2021,Spain,Russian Federation,3.189,0.0,279.711508309815,0.2851,7.87399726237737e-08,2080,1.995515042622009e-08,0.8885221848869688,2966,False
2021,Colombia,Jamaica,2.523,0.0,103.05192231470471,0.3576,7.872697356523047e-08,2081,1.578765899195776e-08,0.8885222006746277,3042,False
2021,Namibia,Australia,4.8,0.0,325.20833333333337,0.188,7.843908303923123e-08,2082,3.0035974300989786e-08,0.888522230710602,2817,False
2021,Yemen,Oman,6.468000000000001,0.0,78.38589981447123,0.1712,7.830267829131421e-08,2083,4.047347537058375e-08,0.8885222711840773,2719,False
2021,Canada,Saint Vincent and the Grenadines,5.315,0.0,75.07055503292568,0.1682,7.806373198047867e-08,2084,3.325858404370015e-08,0.8885223044426613,2786,False
2021,Thailand,Bulgaria,5.127,0.0,72.75209674273455,0.1737,7.776756101628403e-08,2085,3.208217505024472e-08,0.8885223365248364,2798,False
2021,United Kingdom,Grenada,4.0,0.0,100.5,0.2219,7.74657647610104e-08,2086,2.5029978584158157e-08,0.8885223615548149,2888,False
2021,Portugal,Iceland,5.053,0.0,34.43498911537701,0.1748,7.718394959621826e-08,2087,3.161912044643779e-08,0.8885223931739353,2802,False
2021,Nicaragua,United States of America,3.545,0.0,84.6262341325811,0.246,7.612988893475925e-08,2088,2.2182818520210167e-08,0.8885224153567538,2923,False
2021,Lithuania,Ukraine,5.1690000000000005,0.0,32.694911975236984,0.1668,7.534501030061419e-08,2089,3.234498982537838e-08,0.8885224477017436,2794,False
2021,Sri Lanka,Jordan,3.362,0.0,28.55443188578227,0.2541,7.465205393063311e-08,2090,2.103769699998493e-08,0.8885224687394406,2942,False
2021,Egypt,Netherlands (Kingdom of the),2.105,0.0,48.45605700712589,0.4134,7.450046608786655e-08,2091,1.317202622991323e-08,0.8885224819114669,3087,False
2021,Sri Lanka,"China, Hong Kong SAR",1.873,0.0,41.11051788574479,0.4525,7.402766102931506e-08,2092,1.1720287472032056e-08,0.8885224936317544,3123,False
2021,France,Lebanon,3.109,0.0,253.7793502733998,0.3729,7.382203027529362e-08,2093,1.9454550854536928e-08,0.8885225130863053,2976,False
2021,Egypt,Jordan,3.6430000000000002,0.0,53.527312654405705,0.3544,7.316560497088399e-08,2094,2.2796052995522043e-08,0.8885225358823583,2913,False
2021,Philippines,Senegal,6.357,0.0,6.921503854019191,0.1313,7.297728213267889e-08,2095,3.977889346487335e-08,0.8885225756612518,2726,False
2021,France,Qatar,2.834,0.0,88.56739590684545,0.2921,7.225591560358294e-08,2096,1.7733739826876056e-08,0.8885225933949916,3008,False
2021,Nigeria,United Kingdom,5.83,0.0,41.680960548885075,0.2824,7.198239451751609e-08,2097,3.6481193786410514e-08,0.8885226298761854,2750,False
2021,Mexico,Netherlands (Kingdom of the),2.841,0.0,61.24604012671594,0.3397,7.183830031595679e-08,2098,1.777754228939833e-08,0.8885226476537277,3005,False
2021,Bulgaria,Malta,4.48,0.0,33.25892857142857,0.1826,7.148473882035858e-08,2099,2.8033576014257138e-08,0.8885226756873037,2843,False
2021,Chile,Algeria,4.874,0.0,143.20886335658597,0.1679,7.136922695874224e-08,2100,3.049902890479671e-08,0.8885227061863326,2814,False
2021,Nigeria,United Arab Emirates,3.439,0.0,3.4893864495492877,0.25659999999999994,7.108704619554067e-08,2101,2.1519524087729976e-08,0.8885227277058566,2933,False
2021,Germany,Maldives,11.289000000000001,0.0,89.20187793427229,0.17279999999999998,7.107468245076774e-08,2102,7.064085705914037e-08,0.8885227983467137,2531,False
2021,Japan,Mozambique,7.952999999999999,0.0,202.5650697849868,0.1861,7.091480856725802e-08,2103,4.976585491995245e-08,0.8885228481125685,2641,False
2021,South Africa,"Congo, Dem. Rep. of the",11.522,0.0,157.6983162645374,0.1651,7.063449545863994e-08,2104,7.209885331166757e-08,0.8885229202114219,2520,False
2021,Italy,El Salvador,4.317,0.0,163.77113736391013,0.1875,7.05641547894214e-08,2105,2.701360438695269e-08,0.8885229472250262,2858,False
2021,Finland,Russian Federation,4.125,0.0,70.3030303030303,0.26300000000000007,7.036644658881997e-08,2106,2.58121654149131e-08,0.8885229730371916,2877,False
2021,Latvia,Algeria,4.912,0.0,51.50651465798045,0.1638,7.028642577928547e-08,2107,3.0736813701346214e-08,0.8885230037740053,2811,False
2021,Thailand,Seychelles,4.514,0.0,132.9198050509526,0.1777,6.996775043086472e-08,2108,2.824633083222248e-08,0.8885230320203361,2840,False
2021,Cyprus,Netherlands (Kingdom of the),3.018,0.0,59.642147117296226,0.2692,6.978714108738866e-08,2109,1.8885118841747327e-08,0.8885230509054549,2986,False
2021,Norway,United Kingdom,3.34,0.0,190.41916167664672,0.2394,6.966768534846501e-08,2110,2.090003211777206e-08,0.8885230718054871,2945,False
2021,"Korea, Republic of",France,1.776,0.0,180.74324324324323,0.4620000000000001,6.965728409305091e-08,2111,1.1113310491366221e-08,0.8885230829187976,3138,False
2021,United States of America,Montenegro,4.825,0.0,158.96373056994818,0.1652,6.949551276618439e-08,2112,3.019241166714078e-08,0.8885231131112092,2815,False
2021,Poland,Croatia,3.5189999999999997,0.0,106.28019323671498,0.22670000000000004,6.933956113998769e-08,2113,2.2020123659413135e-08,0.8885231351313329,2925,False
2021,Lithuania,Ireland,4.789,0.0,28.607224890373775,0.17710000000000004,6.884281941855444e-08,2114,2.996714185988335e-08,0.8885231650984747,2818,False
2021,Italy,Madagascar,4.524,0.0,79.79664014146773,0.1732,6.841305075329083e-08,2115,2.8308905778682876e-08,0.8885231934073805,2838,False
2021,Panama,Aruba,3.235,0.0,25.347758887171562,0.2407,6.804715386269922e-08,2116,2.024299517993791e-08,0.8885232136503757,2959,False
2021,Germany,Sierra Leone,6.54,0.0,145.56574923547402,0.1739,6.750983599525253e-08,2117,4.0924014985098584e-08,0.8885232545743906,2714,False
2021,Thailand,El Salvador,4.69,0.0,147.33475479744135,0.1781,6.689451520067118e-08,2118,2.934764988992544e-08,0.8885232839220405,2828,False
2021,Germany,Malta,1.9140000000000001,0.0,78.36990595611285,0.4118,6.667588323631735e-08,2119,1.197684475251968e-08,0.8885232958988852,3116,False
2021,Kenya,Netherlands (Kingdom of the),3.622,0.0,95.5273329652126,0.2107,6.660907658500259e-08,2120,2.266464560795521e-08,0.8885233185635308,2914,False
2021,Italy,Antigua and Barbuda,4.74,0.0,51.687763713080166,0.1607,6.654091731872083e-08,2121,2.9660524622227416e-08,0.8885233482240554,2823,False
2021,China,Comoros,4.47,0.0,211.18568232662193,0.1694,6.595540219436303e-08,2122,2.797100106779674e-08,0.8885233761950565,2844,False
2021,Malaysia,Timor-Leste,4.588,0.0,50.7846556233653,0.1641,6.577042390828085e-08,2123,2.8709385436029406e-08,0.8885234049044419,2835,False
2021,Germany,Libya,3.2,0.0,40.9375,0.2324,6.497126575097966e-08,2124,2.0023982867326525e-08,0.8885234249284248,2964,False
2021,Cambodia,Kenya,4.211,0.0,24.222274994063167,0.1748,6.433188166005998e-08,2125,2.6350309954472502e-08,0.8885234512787348,2869,False
2021,New Zealand,United States of America,4.759,0.0,125.02626602227357,0.2831,6.362538664112061e-08,2126,2.977941702050217e-08,0.8885234810581518,2819,False
2021,Japan,Bahrain,2.887,0.0,118.80845167994458,0.2523,6.354335709788019e-08,2127,1.806538704311615e-08,0.8885234991235389,3003,False
2021,Thailand,Bahamas,2.907,0.0,290.33367733058134,0.2512,6.350610126308198e-08,2128,1.819053693603694e-08,0.8885235173140759,3000,False
2021,Iran (Islamic Republic of),Kuwait,6.37,0.0,66.09105180533753,0.1729,6.348106281058903e-08,2129,3.986024089527186e-08,0.8885235571743167,2724,False
2021,United States of America,Brunei Darussalam,4.092,0.0,106.79374389051809,0.1757,6.23446991143537e-08,2130,2.5605668091593793e-08,0.8885235827799849,2880,False
2021,Egypt,Algeria,6.763,0.0,192.22238651486026,0.2393,6.221975926326672e-08,2131,4.23194362911654e-08,0.8885236250994212,2702,False
2021,Belgium,Seychelles,4.659,0.0,257.56600128783003,0.1805,6.206837471050576e-08,2132,2.915366755589821e-08,0.8885236542530888,2831,False
2021,El Salvador,Nicaragua,8.637,0.0,80.12041218015514,0.2435,6.20154202350624e-08,2133,5.40459812578435e-08,0.88852370829907,2612,False
2021,Spain,"China, Hong Kong SAR",2.819,0.0,268.1802057467187,0.36650000000000005,6.163838676687561e-08,2134,1.763987740718546e-08,0.8885237259389475,3009,False
2021,Bulgaria,Bahrain,5.727,0.0,84.86118386589837,0.12109999999999999,6.004839931022193e-08,2135,3.5836671837868444e-08,0.8885237617756193,2759,False
2021,Greece,Australia,2.8000000000000003,0.0,137.14285714285714,0.2456,5.997124406707739e-08,2136,1.752098500891071e-08,0.8885237792966043,3013,False
2021,Malaysia,United Kingdom,1.544,0.0,113.98963730569947,0.4434,5.971126030992254e-08,2137,9.661571733485049e-09,0.8885237889581761,3184,False
2021,Netherlands (Kingdom of the),Lithuania,3.692,0.0,81.79848320693391,0.2348,5.922724898962632e-08,2138,2.310267023317798e-08,0.8885238120608463,2908,False
2021,Sweden,Italy,2.778,0.0,45.71634269258459,0.2524,5.912730635844575e-08,2139,1.738332012669784e-08,0.8885238294441664,3017,False
2021,Portugal,Gambia,3.9570000000000003,0.0,234.52110184483192,0.1714,5.9048534269604835e-08,2140,2.4760906314378458e-08,0.8885238542050727,2892,False
2021,Italy,Cameroon,3.098,0.0,139.12201420271143,0.21809999999999996,5.892411065705514e-08,2141,1.938571841343049e-08,0.8885238735907911,2979,False
2021,Netherlands (Kingdom of the),Trinidad and Tobago,4.272,0.0,99.48501872659176,0.25070000000000003,5.888204712459136e-08,2142,2.6732017127880915e-08,0.8885239003228083,2862,False
2021,Mexico,Pakistan,3.0189999999999997,0.0,91.75223583968203,0.2471,5.861115907614811e-08,2143,1.8891376336393366e-08,0.8885239192141846,2985,False
2021,Belgium,Argentina,2.164,0.0,93.80776340110906,0.3098,5.850484810236132e-08,2144,1.3541218414029564e-08,0.888523932755403,3075,False
2021,Viet Nam,Seychelles,3.769,0.0,129.47731493764923,0.1777,5.8421224756247045e-08,2145,2.3584497320923023e-08,0.8885239563399003,2899,False
2021,Russian Federation,Australia,3.1510000000000002,0.0,157.72770549032052,0.2126,5.840136547729483e-08,2146,1.971736562967059e-08,0.888523976057266,2971,False
2021,Sudan,Bahrain,3.738,0.0,44.4087747458534,0.17829999999999996,5.822614475482561e-08,2147,2.3390514986895797e-08,0.8885239994477809,2902,False
2021,Denmark,France,3.614,0.0,291.92030990592144,0.2498,5.739149033337808e-08,2148,2.2614585650786892e-08,0.8885240220623666,2915,False
2021,Germany,Singapore,1.417,0.0,215.24347212420605,0.4652,5.73848801451866e-08,2149,8.866869913438028e-09,0.8885240309292365,3207,False
2021,Japan,Norway,3.951,0.0,126.29713996456593,0.1663,5.7317441068175413e-08,2150,2.472336134650222e-08,0.8885240556525978,2894,False
2021,Saudi Arabia,Benin,3.0,0.0,138.0,0.2184,5.713919626521829e-08,2151,1.8772483938118618e-08,0.8885240744250817,2987,False
2021,United Kingdom,Italy,2.5200000000000005,0.0,32.93650793650793,0.38159999999999994,5.704115074649373e-08,2152,1.576888650801964e-08,0.8885240901939683,3044,False
2021,Belgium,Mozambique,2.676,0.0,144.99252615844543,0.24340000000000003,5.679291448266081e-08,2153,1.6745055672801807e-08,0.888524106939024,3024,False
2021,Spain,French Polynesia,3.427,0.0,107.67435074409104,0.1898,5.675812550717796e-08,2154,2.14444341519775e-08,0.8885241283834581,2935,False
2021,Mexico,Argentina,2.307,0.0,524.0572171651496,0.2936,5.5757208430187236e-08,2155,1.4436040148413216e-08,0.8885241428194982,3064,False
2021,Mexico,Israel,2.623,0.0,25.543271063667554,0.24260000000000004,5.5605250573835626e-08,2156,1.6413408456561714e-08,0.8885241592329066,3030,False
2021,Poland,Gambia,3.748,0.0,175.82710779082177,0.1695,5.536809186489015e-08,2157,2.3453089933356193e-08,0.8885241826859965,2900,False
2021,Spain,Bahrain,3.2569999999999997,0.0,101.93429536383175,0.2328,5.521713781847983e-08,2158,2.0380660062150778e-08,0.8885242030666566,2955,False
2021,Denmark,Lithuania,4.107,0.0,102.75140004869733,0.2194,5.5148506552716945e-08,2159,2.5699530511284387e-08,0.8885242287661871,2878,False
2021,Mexico,Panama,1.616,0.0,433.78712871287127,0.3906,5.473527719098768e-08,2160,1.0112111347999895e-08,0.8885242388782985,3168,False
2021,South Africa,Georgia,3.725,0.0,98.52348993288591,0.1679,5.4585472577438454e-08,2161,2.3309167556497285e-08,0.888524262187466,2905,False
2021,United States of America,Samoa,5.42,0.0,107.01107011070111,0.2275,5.4126161232703164e-08,2162,3.3915620981534304e-08,0.888524296103087,2781,False
2021,Sudan,Jordan,3.253,0.0,63.01875192130341,0.1887,5.3606724640121e-08,2163,2.035563008356662e-08,0.8885243164587171,2957,False
2021,Netherlands (Kingdom of the),French Polynesia,2.592,0.0,95.2932098765432,0.23690000000000003,5.3588879201485324e-08,2164,1.6219426122534487e-08,0.8885243326781432,3034,False
2021,Bangladesh,Ireland,5.256,0.0,57.8386605783866,0.1162,5.334780308610314e-08,2165,3.288939185958382e-08,0.8885243655675351,2788,False
2021,Estonia,Argentina,3.604,0.0,96.55937846836848,0.16879999999999998,5.309686893490156e-08,2166,2.25520107043265e-08,0.8885243881195458,2916,False
2021,Bangladesh,Oman,3.278,0.0,24.10006101281269,0.185,5.299707042358742e-08,2167,2.0512067449717608e-08,0.8885244086316133,2953,False
2021,Indonesia,United Arab Emirates,2.7760000000000002,0.0,123.19884726224782,0.22059999999999996,5.296060590891522e-08,2168,1.7370805137405762e-08,0.8885244260024184,3018,False
2021,Italy,Oman,1.661,0.0,136.06261288380495,0.3592,5.201932887909967e-08,2169,1.0393698607071675e-08,0.888524436396117,3158,False
2021,Bangladesh,Fiji,5.6739999999999995,0.0,81.60028198801551,0.1687,5.160266865121499e-08,2170,3.550502462162834e-08,0.8885244719011416,2762,False
2021,South Africa,Gambia,3.414,0.0,64.14762741652021,0.1721,5.131036337482226e-08,2171,2.136308672157899e-08,0.8885244932642283,2936,False
2021,Uruguay,Morocco,1.938,0.0,99.07120743034056,0.3016,5.1000371685061344e-08,2172,1.2127024624024627e-08,0.8885245053912529,3111,False
2021,"Korea, Republic of",El Salvador,3.146,0.0,63.25492689129053,0.1853,5.0908586865669105e-08,2173,1.968607815644039e-08,0.888524525077331,2972,False
2021,Syrian Arab Republic,Germany,7.1080000000000005,0.0,62.46482836240855,0.221,5.087635233590085e-08,2174,4.447827194404905e-08,0.888524569555603,2676,False
2021,Ireland,Spain,2.536,0.0,99.36908517350157,0.22830000000000003,5.052355571042353e-08,2175,1.586900642235627e-08,0.8885245854246094,3040,False
2021,United Kingdom,Sierra Leone,3.286,0.0,4.26049908703591,0.1739,4.9956843836757155e-08,2176,2.0562127406885925e-08,0.8885246059867369,2952,False
2021,Sudan,United Kingdom,3.0620000000000003,0.0,54.21293272370999,0.18609999999999996,4.977095655791836e-08,2177,1.9160448606173072e-08,0.8885246251471854,2981,False
2021,Honduras,El Salvador,4.4350000000000005,0.0,61.781285231116115,0.23599999999999996,4.959697865861384e-08,2178,2.775198875518536e-08,0.8885246528991741,2850,False
2021,Australia,Sierra Leone,3.371,0.0,204.98368436665677,0.1689,4.9594693370242065e-08,2179,2.1094014451799286e-08,0.8885246739931886,2941,False
2021,Germany,Oman,1.381,0.0,47.79145546705286,0.4104999999999999,4.950045264937613e-08,2180,8.641600106180603e-09,0.8885246826347887,3211,False
2021,Sudan,Germany,3.0,0.0,21.0,0.1887,4.947393940611018e-08,2181,1.8772483938118618e-08,0.8885247014072726,2987,False
2021,Portugal,Poland,2.075,0.0,128.19277108433735,0.2716,4.9149714213688395e-08,2182,1.2984301390532045e-08,0.888524714391574,3091,False
2021,Italy,Philippines,5.237,0.0,65.11361466488448,0.2013,4.8665851186199636e-08,2183,3.277049946130907e-08,0.8885247471620734,2789,False
2021,Kenya,"Congo, Dem. Rep. of the",3.544,0.0,114.84198645598194,0.1565,4.8391979565984276e-08,2184,2.2176561025564126e-08,0.8885247693386344,2924,False
2021,Egypt,Kuwait,3.2060000000000004,0.0,96.06986899563317,0.18559999999999996,4.809862332674728e-08,2185,2.0061527835202765e-08,0.8885247894001623,2961,False
2021,South Africa,Malta,2.16,0.0,83.33333333333333,0.2534,4.7774464770788213e-08,2186,1.3516188435445406e-08,0.8885248029163507,3077,False
2021,Guatemala,France,2.004,0.0,223.55289421157684,0.2738,4.776867404693678e-08,2187,1.2540019270663237e-08,0.88852481545637,3101,False
2021,Cambodia,Brazil,3.06,0.0,74.50980392156863,0.1782,4.760947239058322e-08,2188,1.9147933616880992e-08,0.8885248346043035,2982,False
2021,Netherlands (Kingdom of the),Grenada,2.446,0.0,100.16353229762878,0.2219,4.736307902485231e-08,2189,1.5305831904212714e-08,0.8885248499101355,3049,False
2021,Spain,Bulgaria,4.383,0.0,84.41706593657312,0.2314,4.691486113756686e-08,2190,2.74265990335913e-08,0.8885248773367345,2854,False
2021,Morocco,India,1.475,0.0,76.61016949152543,0.3611,4.648518821866638e-08,2191,9.22980460290832e-09,0.888524886566539,3196,False
2021,Greece,Germany,2.207,0.0,115.08835523334845,0.42430000000000007,4.6200876386692356e-08,2192,1.3810290683809262e-08,0.8885249003768297,3070,False
2021,China,Suriname,2.967,0.0,71.11560498820357,0.1781,4.613898477007962e-08,2193,1.8565986614799315e-08,0.8885249189428164,2996,False
2021,South Africa,Pakistan,1.552,0.0,39.94845360824742,0.3399,4.607249419814701e-08,2194,9.711631690653365e-09,0.8885249286544481,3182,False
2021,Malaysia,Mauritius,1.768,0.0,4.524886877828054,0.2964,4.5800761901604846e-08,2195,1.1063250534197905e-08,0.8885249397176986,3139,False
2021,Peru,United Arab Emirates,1.963,0.0,131.94090677534385,0.2675,4.5790529936244616e-08,2196,1.2283461990175615e-08,0.8885249520011607,3108,False
2021,Malaysia,Yemen,3.021,0.0,23.171135385633896,0.1706,4.503985512017846e-08,2197,1.890389132568545e-08,0.888524970905052,2984,False
2021,Myanmar,Bahrain,3.0540000000000003,0.0,26.850032743942368,0.16749999999999998,4.470165824108566e-08,2198,1.9110388649004756e-08,0.8885249900154406,2983,False
2021,South Africa,Ireland,3.409,0.0,88.29568788501027,0.1812,4.466668457976555e-08,2199,2.1331799248348787e-08,0.8885250113472398,2937,False
2021,Egypt,United Arab Emirates,2.316,0.0,77.72020725388602,0.4397000000000001,4.442949456142051e-08,2200,1.4492357600227572e-08,0.8885250258395975,3060,False
2021,Finland,Iceland,4.369,0.0,61.79903868162051,0.1744,4.428200687682229e-08,2201,2.7338994108546745e-08,0.8885250531785915,2856,False
2021,China,Denmark,1.933,0.0,242.11070874288671,0.3661,4.425436576789061e-08,2202,1.209573715079443e-08,0.8885250652743287,3112,False
2021,Thailand,Estonia,2.988,0.0,146.92101740294513,0.1696,4.418711354281807e-08,2203,1.8697394002366142e-08,0.8885250839717227,2991,False
2021,Belgium,Lithuania,2.027,0.0,85.84114454859397,0.2545,4.39730452259295e-08,2204,1.2683941647522147e-08,0.8885250966556644,3097,False
2021,Jordan,Kuwait,2.9,0.0,76.55172413793103,0.18300000000000002,4.3717755522677945e-08,2205,1.8146734473514663e-08,0.8885251148023988,3002,False
2021,Spain,Uruguay,1.635,0.0,104.58715596330275,0.3047,4.340715030382678e-08,2206,1.0231003746274646e-08,0.8885251250334025,3162,False
2021,Philippines,China,1.695,0.0,182.3008849557522,0.31450000000000006,4.321312162441183e-08,2207,1.060645342503702e-08,0.8885251356398559,3153,False
2021,Poland,Morocco,3.855,0.0,164.2023346303502,0.2565,4.312565224766268e-08,2208,2.4122641860482423e-08,0.8885251597624978,2897,False
2021,Russian Federation,"Tanzania, United Republic of",2.537,0.0,85.53409538825385,0.1947,4.311559791025423e-08,2209,1.587526391700231e-08,0.8885251756377617,3039,False
2021,Germany,Togo,2.0,0.0,87.0,0.2447,4.271244266394563e-08,2210,1.2514989292079079e-08,0.8885251881527509,3102,False
2021,Sweden,Gambia,2.838,0.0,364.69344608879493,0.172,4.239343962862716e-08,2211,1.7758769805460212e-08,0.8885252059115207,3007,False
2021,Mauritius,France,1.826,0.0,56.95509309967141,0.2647,4.220476335129153e-08,2212,1.1426185223668199e-08,0.888525217337706,3129,False
2021,Viet Nam,Jordan,1.919,0.0,130.79729025534132,0.252,4.2170723810406986e-08,2213,1.2008132225749876e-08,0.8885252293458382,3115,False
2021,China,Costa Rica,2.149,0.0,191.25174499767334,0.2249,4.210250798156316e-08,2214,1.344735599433897e-08,0.8885252427931942,3081,False
2021,Senegal,Cabo Verde,2.9370000000000003,0.0,30.3030303030303,0.1637,4.201066254818306e-08,2215,1.837826177541813e-08,0.888525261171456,2998,False
2021,Bulgaria,Croatia,2.798,0.0,144.38884917798427,0.1733,4.201054817144823e-08,2216,1.750847001961863e-08,0.888525278679926,3014,False
2021,Viet Nam,Honduras,2.547,0.0,73.41970946211228,0.1871,4.160513911171989e-08,2217,1.5937838863462708e-08,0.8885252946177649,3038,False
2021,Mexico,Ukraine,2.164,0.0,353.9741219963031,0.2212,4.157550364934131e-08,2218,1.3541218414029564e-08,0.8885253081589832,3075,False
2021,Madagascar,Sweden,4.0,0.0,49.25,0.1179,4.119747801047502e-08,2219,2.5029978584158157e-08,0.8885253331889618,2888,False
2021,Peru,Belize,2.6310000000000002,0.0,103.76282782212085,0.1788,4.1048625155220034e-08,2220,1.646346841373003e-08,0.8885253496524301,3029,False
2021,United States of America,Fiji,4.987,0.0,209.54481652295968,0.1853,4.102202997637051e-08,2221,3.1206125799799186e-08,0.8885253808585559,2806,False
2021,Canada,Panama,1.476,0.0,86.72086720867209,0.3173,4.0866923076116316e-08,2222,9.23606209755436e-09,0.8885253900946181,3194,False
2021,Bulgaria,Barbados,2.968,0.0,26.954177897574123,0.1562,4.0511635192914406e-08,2223,1.8572244109445353e-08,0.8885254086668621,2995,False
2021,Japan,Seychelles,2.607,0.0,314.15420023014957,0.1768,4.0065279552421456e-08,2224,1.631328854222508e-08,0.8885254249801506,3032,False
2021,Bulgaria,Kuwait,3.645,0.0,50.480109739369,0.1214,3.8653851726472914e-08,2225,2.280856798481412e-08,0.8885254477887187,2912,False
2021,France,Singapore,1.0639999999999998,0.0,265.9774436090226,0.4703000000000001,3.80553366529014e-08,2226,6.657974303386069e-09,0.888525454446693,3286,False
2021,Belgium,Saint Vincent and the Grenadines,2.5,0.0,29.6,0.1731,3.781147906458091e-08,2227,1.564373661509885e-08,0.8885254700904296,3046,False
2021,Italy,Angola,2.031,0.0,27.08025603151157,0.2109,3.74242254913601e-08,2228,1.2708971626106306e-08,0.8885254827994012,3096,False
2021,Viet Nam,Uruguay,1.716,0.0,57.69230769230769,0.2493,3.7352979385175905e-08,2229,1.0737860812603849e-08,0.8885254935372621,3150,False
2021,Netherlands (Kingdom of the),Sri Lanka,0.975,0.0,114.87179487179488,0.4389,3.7308878662227895e-08,2230,6.1010572798885505e-09,0.8885254996383194,3322,False
2021,United States of America,Croatia,1.6340000000000001,0.0,441.24847001223986,0.2621,3.713269825315177e-08,2231,1.0224746251628608e-08,0.8885255098630657,3163,False
2021,Ireland,Japan,2.337,0.0,26.52973898160034,0.1816,3.708286033534621e-08,2232,1.4623764987794404e-08,0.8885255244868306,3058,False
2021,Malaysia,Myanmar,1.7,0.0,282.3529411764706,0.2489,3.679439661554346e-08,2233,1.0637740898267216e-08,0.8885255351245716,3152,False
2021,Mexico,Belgium,1.2069999999999999,0.0,39.768019884009945,0.3536,3.671933630923387e-08,2234,7.552796037769723e-09,0.8885255426773676,3246,False
2021,Honduras,United States of America,1.6280000000000001,0.0,136.97788697788698,0.2581,3.663436411158643e-08,2235,1.0187201283752371e-08,0.8885255528645689,3165,False
2021,Poland,Russian Federation,3.2909999999999995,0.0,274.99240352476454,0.2688,3.659745644732305e-08,2236,2.059341488011612e-08,0.8885255734579838,2951,False
2021,Denmark,Maldives,3.8729999999999998,0.0,91.143816163181,0.17210000000000003,3.635397424241758e-08,2237,2.4235276764111135e-08,0.8885255976932606,2895,False
2021,Oman,United Arab Emirates,0.966,0.0,54.86542443064182,0.4269,3.5992714985227264e-08,2238,6.044739828074194e-09,0.8885256037380004,3327,False
2021,Italy,Trinidad and Tobago,2.153,0.0,160.2415234556433,0.1897,3.5599092197980666e-08,2239,1.3472385972923128e-08,0.8885256172103864,3080,False
2021,Indonesia,Dominican Republic,1.996,0.0,88.17635270541082,0.2027,3.530977999357486e-08,2240,1.248995931349492e-08,0.8885256297003457,3104,False
2021,United States of America,Romania,1.721,0.0,151.65601394538058,0.2343,3.514777944706771e-08,2241,1.0769148285834047e-08,0.8885256404694939,3148,False
2021,Indonesia,Sierra Leone,3.438,0.0,52.646887725421756,0.1169,3.5105299133115974e-08,2242,2.1513266593083937e-08,0.8885256619827605,2934,False
2021,Lithuania,Kuwait,3.277,0.0,72.62740311260299,0.1226,3.5079662409930156e-08,2243,2.050580995507157e-08,0.8885256824885704,2954,False
2021,Comoros,Ireland,3.6,0.0,45.0,0.1115,3.5066760490053726e-08,2244,2.2526980725742343e-08,0.8885257050155512,2917,False
2021,Latvia,Italy,3.6689999999999996,0.0,36.79476696647588,0.1806,3.502349363338224e-08,2245,2.2958747856319068e-08,0.8885257279742991,2909,False
2021,China,Panama,2.105,0.0,93.11163895486936,0.3788,3.483721173719937e-08,2246,1.317202622991323e-08,0.8885257411463253,3087,False
2021,Croatia,Montenegro,3.134,0.0,65.0925335035099,0.22730000000000003,3.470228926815502e-08,2247,1.9610988220687915e-08,0.8885257607573135,2974,False
2021,France,Angola,3.495,0.0,151.64520743919886,0.2601,3.4681333405904106e-08,2248,2.186994378790819e-08,0.8885257826272572,2928,False
2021,Bangladesh,Lebanon,2.209,0.0,71.0728836577637,0.1795,3.461758976434236e-08,2249,1.3822805673101342e-08,0.8885257964500629,3069,False
2021,Lithuania,Jordan,2.123,0.0,41.921808761186995,0.1866,3.4603515469776885e-08,2250,1.3284661133541943e-08,0.8885258097347241,3083,False
2021,Greece,Poland,1.0679999999999998,0.0,102.99625468164795,0.37270000000000003,3.4391094996330515e-08,2251,6.683004281970227e-09,0.8885258164177283,3285,False
2021,Nicaragua,Honduras,1.683,0.0,23.767082590612002,0.2333,3.430418045258953e-08,2252,1.0531363489284545e-08,0.8885258269490918,3154,False
2021,United Arab Emirates,Kuwait,1.8579999999999999,0.0,43.595263724434886,0.25140000000000007,3.4196862141134245e-08,2253,1.1626425052341464e-08,0.8885258385755168,3125,False
2021,China,Argentina,1.145,0.0,36.68122270742358,0.3398,3.3974566100435184e-08,2254,7.1648313697152725e-09,0.8885258457403482,3262,False
2021,Portugal,Timor-Leste,3.564,0.0,155.16273849607182,0.1618,3.396590412710824e-08,2255,2.2301710918484918e-08,0.8885258680420591,2921,False
2021,Cambodia,Morocco,2.1470000000000002,0.0,69.39916162086632,0.1805,3.383400677361365e-08,2256,1.3434841005046892e-08,0.8885258814769001,3082,False
2021,Germany,Bulgaria,3.204,0.0,93.94506866416978,0.1808,3.368988263912024e-08,2257,2.0049012845910685e-08,0.888525901525913,2963,False
2021,"Korea, Republic of",Oman,1.044,0.0,71.83908045977012,0.3664,3.337851677652124e-08,2258,6.532824410465279e-09,0.8885259080587374,3293,False
2021,Bulgaria,France,2.717,0.0,327.93522267206475,0.1808,3.333723735734068e-08,2259,1.700161295328943e-08,0.8885259250603504,3022,False
2021,Italy,Norway,2.19,0.0,124.20091324200914,0.1731,3.306410946968935e-08,2260,1.370391327482659e-08,0.8885259387642637,3073,False
2021,France,Pakistan,1.604,0.0,359.72568578553614,0.3482,3.2894229667951826e-08,2261,1.003702141224742e-08,0.8885259488012851,3172,False
2021,India,Belize,3.221,0.0,143.74417882645142,0.1724,3.258657816526514e-08,2262,2.0155390254893356e-08,0.8885259689566753,2960,False
2021,Lebanon,Benin,1.733,0.0,257.934218118869,0.21479999999999996,3.238462716366814e-08,2263,1.0844238221586521e-08,0.8885259798009135,3145,False
2021,Canada,Ukraine,2.603,0.0,489.0510948905109,0.2332,3.22461566846638e-08,2264,1.6288258563640922e-08,0.888525996089172,3033,False
2021,Peru,Colombia,1.025,0.0,85.85365853658537,0.3593,3.2127273071554655e-08,2265,6.413932012190527e-09,0.8885260025031041,3299,False
2021,Japan,Belgium,1.203,0.0,166.25103906899417,0.34130000000000005,3.190990913669669e-08,2266,7.527766059185566e-09,0.8885260100308702,3247,False
2021,Egypt,Bahrain,2.944,0.0,95.10869565217392,0.23280000000000003,3.1816392605372864e-08,2267,1.8422064237940404e-08,0.8885260284529344,2997,False
2021,Canada,Finland,2.155,0.0,14.385150812064966,0.1825,3.176689873610551e-08,2268,1.3484900962215206e-08,0.8885260419378354,3078,False
2021,Slovenia,Netherlands (Kingdom of the),3.719,0.0,43.29120731379403,0.2513000000000001,3.175155554202656e-08,2269,2.3271622588621046e-08,0.888526065209458,2906,False
2021,United Kingdom,United Arab Emirates,0.8350000000000001,0.0,178.44311377245506,0.4411,3.168671959823877e-08,2270,5.2250080294430155e-09,0.888526070434466,3366,False
2021,Spain,Maldives,3.108,0.0,69.81981981981981,0.1748,3.161214586182514e-08,2271,1.944829335989089e-08,0.8885260898827593,2977,False
2021,Mexico,Nicaragua,1.437,0.0,540.7098121085595,0.2538,3.156157927440357e-08,2272,8.992019806358819e-09,0.8885260988747791,3204,False
2021,Indonesia,Cambodia,1.967,0.0,67.10726995424504,0.1835,3.151259506662073e-08,2273,1.2308491968759774e-08,0.8885261111832711,3105,False
2021,France,"China, Hong Kong SAR",0.9590000000000001,0.0,304.48383733055266,0.3776,3.146194854793079e-08,2274,6.000937365551919e-09,0.8885261171842085,3328,False
2021,Jordan,Australia,1.512,0.0,89.94708994708995,0.2372,3.129417730431513e-08,2275,9.461331904811783e-09,0.8885261266455404,3188,False
2021,Bangladesh,"China, Hong Kong SAR",1.542,0.0,59.01426718547341,0.2311,3.111222017500823e-08,2276,9.64905674419297e-09,0.8885261362945972,3186,False
2021,"Korea, Republic of",Philippines,1.81,0.0,69.61325966850829,0.2667,3.090597260704802e-08,2277,1.1326065309331566e-08,0.8885261476206625,3130,False
2021,Pakistan,Guyana,2.154,0.0,126.74094707520892,0.1636,3.0734154697283126e-08,2278,1.3478643467569166e-08,0.8885261610993059,3079,False
2021,Saudi Arabia,Guinea,2.065,0.0,15.49636803874092,0.1697,3.062407897725711e-08,2279,1.2921726444071647e-08,0.8885261740210324,3092,False
2021,Finland,Italy,4.235,0.0,71.07438016528926,0.1889,3.052139359571425e-08,2280,2.650048982597745e-08,0.8885262005215222,2865,False
2021,Spain,Sierra Leone,1.497,0.0,293.92117568470275,0.2282,2.969744084771834e-08,2281,9.367469485121191e-09,0.8885262098889917,3191,False
2021,United States of America,Seychelles,4.5809999999999995,0.0,208.90635232481992,0.17910000000000004,2.9226179611389292e-08,2282,2.8665582973507125e-08,0.8885262385545747,2836,False
2021,Australia,Maldives,4.724,0.0,328.11176968670617,0.1764,2.9156634559924757e-08,2283,2.9560404707890783e-08,0.8885262681149794,2826,False
2021,Germany,Lithuania,4.218,0.0,169.03745851114272,0.23969999999999997,2.885225298645275e-08,2284,2.6394112416994777e-08,0.8885262945090918,2867,False
2021,"Korea, Republic of",Ireland,1.799,0.0,53.918843802112285,0.1836,2.884237162933234e-08,2285,1.125723286822513e-08,0.8885263057663247,3133,False
2021,United States of America,Slovenia,1.248,0.0,97.75641025641026,0.2606,2.837028019776241e-08,2286,7.809353318257344e-09,0.888526313575678,3234,False
2021,China,Namibia,1.225,0.0,80.0,0.2638,2.8198050666178623e-08,2287,7.665430941398435e-09,0.888526321241109,3243,False
2021,Chile,Russian Federation,1.582,0.0,959.5448798988622,0.2065,2.805558468940001e-08,2288,9.899356530034552e-09,0.8885263311404655,3176,False
2021,Germany,Thailand,1.172,0.0,120.30716723549489,0.3367,2.7943329771175694e-08,2289,7.3337837251583396e-09,0.8885263384742492,3254,False
2021,Spain,Guinea,1.559,0.0,54.52212957023733,0.23250000000000004,2.788209592821787e-08,2290,9.755434153175641e-09,0.8885263482296833,3180,False
2021,Syrian Arab Republic,United Arab Emirates,1.782,0.0,71.8294051627385,0.18590000000000004,2.7805161628349837e-08,2291,1.1150855459242459e-08,0.8885263593805388,3137,False
2021,Italy,Cabo Verde,1.8860000000000001,0.0,69.98939554612937,0.1662,2.7364292630812934e-08,2292,1.1801634902430572e-08,0.8885263711821737,3121,False
2021,Philippines,Israel,1.622,0.0,25.893958076448826,0.1905,2.699401898548676e-08,2293,1.0149656315876133e-08,0.88852638133183,3167,False
2021,Algeria,France,1.261,0.0,21.411578112609043,0.245,2.6944617459757828e-08,2294,7.890700748655859e-09,0.8885263892225308,3233,False
2021,Thailand,Antigua and Barbuda,1.924,0.0,22.34927234927235,0.1598,2.6864177720226333e-08,2295,1.2039419698980072e-08,0.8885264012619505,3113,False
2021,Poland,Tunisia,1.8940000000000001,0.0,69.69376979936642,0.1613,2.6670377658417743e-08,2296,1.1851694859598889e-08,0.8885264131136453,3118,False
2021,Netherlands (Kingdom of the),Saint Vincent and the Grenadines,1.364,0.0,69.64809384164222,0.2219,2.641786414431967e-08,2297,8.535222697197932e-09,0.8885264216488681,3215,False
2021,Guinea,Netherlands (Kingdom of the),1.752,0.0,137.55707762557077,0.1724,2.6334915744136083e-08,2298,1.0963130619861272e-08,0.8885264326119987,3141,False
2021,United Kingdom,India,0.811,0.0,113.44019728729963,0.3722,2.6312393070833323e-08,2299,5.074828157938067e-09,0.8885264376868268,3372,False
2021,Cambodia,Lithuania,2.563,0.0,83.10573546625048,0.1173,2.6243122682308188e-08,2300,1.603795877779934e-08,0.8885264537247856,3037,False
2021,Spain,Mauritius,1.1460000000000001,0.0,358.6387434554973,0.2625,2.611521963554173e-08,2301,7.1710888643613125e-09,0.8885264608958744,3261,False
2021,Sweden,Sierra Leone,1.745,0.0,220.05730659025787,0.1719,2.6114324796052213e-08,2302,1.0919328157338996e-08,0.8885264718152025,3143,False
2021,Myanmar,United States of America,1.629,0.0,59.54573357888275,0.1817,2.584244232195667e-08,2303,1.019345877839841e-08,0.8885264820086612,3164,False
2021,France,Australia,1.1600000000000001,0.0,487.93103448275855,0.3146999999999999,2.57746097442571e-08,2304,7.258693789405866e-09,0.888526489267355,3259,False
2021,Brazil,Fiji,1.725,0.0,136.231884057971,0.1697,2.552337467286614e-08,2305,1.0794178264418205e-08,0.8885265000615332,3146,False
2021,Viet Nam,Tunisia,1.799,0.0,185.10283490828238,0.1619,2.5372857466442574e-08,2306,1.125723286822513e-08,0.8885265113187661,3133,False
2021,Indonesia,Maldives,2.566,0.0,66.64068589243959,0.17240000000000003,2.5269435917349936e-08,2307,1.6056731261737455e-08,0.8885265273754974,3036,False
2021,Uruguay,Ukraine,1.348,0.0,58.6053412462908,0.2141,2.519508961960921e-08,2308,8.4351027828613e-09,0.8885265358106001,3220,False
2021,Japan,Solomon Islands,1.557,0.0,71.93320488118177,0.24740000000000004,2.490811999776185e-08,2309,9.742919163883561e-09,0.8885265455535193,3181,False
2021,Italy,Georgia,1.603,0.0,283.8427947598253,0.2238,2.4814352105200036e-08,2310,1.0030763917601381e-08,0.8885265555842832,3173,False
2021,Canada,Bahrain,1.323,0.0,292.5170068027211,0.215,2.4725941028879797e-08,2311,8.27866541671031e-09,0.8885265638629486,3223,False
2021,Belgium,Israel,0.9480000000000001,0.0,50.63291139240506,0.298,2.4658165293544067e-08,2312,5.9321049244454835e-09,0.8885265697950535,3332,False
2021,Finland,China,1.476,0.0,105.01355013550136,0.1914,2.464333235932691e-08,2313,9.23606209755436e-09,0.8885265790311156,3194,False
2021,Ukraine,Chile,1.375,0.0,223.27272727272728,0.20489999999999997,2.4522215273802125e-08,2314,8.604055138304367e-09,0.8885265876351708,3213,False
2021,Japan,"Korea, Republic of",1.139,0.0,302.01931518876205,0.5006,2.446486056217466e-08,2315,7.127286401839035e-09,0.8885265947624572,3264,False
2021,Italy,"Congo, Dem. Rep. of the",1.748,0.0,53.203661327231124,0.1595,2.4346012262252967e-08,2316,1.0938100641277114e-08,0.8885266057005579,3142,False
2021,Costa Rica,Guatemala,1.061,0.0,70.6880301602262,0.26980000000000004,2.428335757853039e-08,2317,6.639201819447951e-09,0.8885266123397597,3287,False
2021,Italy,Poland,2.312,0.0,272.05882352941177,0.2574,2.406471023493689e-08,2318,1.4467327621643414e-08,0.8885266268070874,3062,False
2021,Cambodia,Lebanon,1.576,0.0,128.80710659898477,0.1751,2.4062698650818157e-08,2319,9.861811562158314e-09,0.888526636668899,3177,False
2021,France,Saudi Arabia,1.164,0.0,453.60824742268045,0.3940000000000001,2.4059412567862706e-08,2320,7.283723767990023e-09,0.8885266439526227,3258,False
2021,Egypt,"Tanzania, United Republic of",1.119,0.0,209.1152815013405,0.24540000000000003,2.3903381783750915e-08,2321,7.0021365089182446e-09,0.8885266509547592,3271,False
2021,Peru,Russian Federation,1.328,0.0,77.56024096385542,0.2062,2.3896907919397495e-08,2322,8.309952889940509e-09,0.8885266592647121,3222,False
2021,Italy,Kuwait,1.607,0.0,194.150591163659,0.18559999999999996,2.3892724277377375e-08,2323,1.0055793896185539e-08,0.888526669320506,3171,False
2021,Portugal,Nigeria,1.24,0.0,40.32258064516129,0.2194,2.3756570255449094e-08,2324,7.759293361089028e-09,0.8885266770797993,3237,False
2021,Ghana,Sierra Leone,1.234,0.0,400.32414910858995,0.22070000000000004,2.3626185474748344e-08,2325,7.721748393212792e-09,0.8885266848015476,3239,False
2021,China,Mauritius,1.078,0.0,115.95547309833023,0.3295,2.3549262930410025e-08,2326,6.745579228430624e-09,0.8885266915471268,3283,False
2021,Oman,Bahrain,0.874,0.0,59.496567505720826,0.3074,2.344459433127724e-08,2327,5.469050320638557e-09,0.8885266970161771,3350,False
2021,Jordan,United States of America,1.029,0.0,88.43537414965986,0.258,2.3113383730772652e-08,2328,6.4389619907746855e-09,0.8885267034551392,3298,False
2021,Morocco,Chile,0.999,0.0,182.18218218218217,0.2627,2.2853174962577567e-08,2329,6.251237151393499e-09,0.8885267097063764,3310,False
2021,Finland,Mozambique,1.5110000000000001,0.0,205.16214427531435,0.1733,2.2800782816271404e-08,2330,9.455074410165745e-09,0.8885267191614508,3189,False
2021,Guyana,Ukraine,1.575,0.0,57.142857142857146,0.1658,2.2799873257076314e-08,2331,9.855554067512274e-09,0.8885267290170048,3178,False
2021,Morocco,Germany,0.5640000000000001,0.0,88.65248226950354,0.457,2.246566097029621e-08,2332,3.5292269803663004e-09,0.8885267325462318,3462,False
2021,Chile,French Polynesia,1.379,0.0,108.77447425670776,0.1867,2.24558412076847e-08,2333,8.629085116888525e-09,0.8885267411753169,3212,False
2021,United Arab Emirates,Saudi Arabia,0.546,0.0,115.38461538461537,0.46980000000000005,2.2345656818447673e-08,2334,3.4165920767375888e-09,0.8885267445919091,3471,False
2021,France,Kuwait,1.81,0.0,242.54143646408838,0.18559999999999996,2.2332034961497977e-08,2335,1.1326065309331566e-08,0.8885267559179744,3130,False
2021,Mexico,India,1.139,0.0,43.02019315188762,0.23640000000000003,2.219779823514335e-08,2336,7.127286401839035e-09,0.8885267630452608,3264,False
2021,Estonia,Algeria,1.543,0.0,49.25469863901491,0.1646,2.217785751294335e-08,2337,9.655314238839009e-09,0.888526772700575,3185,False
2021,Greece,Iceland,1.6139999999999999,0.0,31.59851301115242,0.16800000000000004,2.2125643027655246e-08,2338,1.0099596358707815e-08,0.8885267828001714,3170,False
2021,Indonesia,"Congo, Dem. Rep. of the",2.386,0.0,42.749371332774516,0.1058,2.205112390237953e-08,2339,1.493038222545034e-08,0.8885267977305537,3054,False
2021,Peru,Philippines,1.226,0.0,22.838499184339316,0.2037,2.1814273530701522e-08,2340,7.671688436044475e-09,0.888526805402242,3241,False
2021,Sierra Leone,United Kingdom,1.435,0.0,57.14285714285714,0.1739,2.1786723007111907e-08,2341,8.979504817066739e-09,0.8885268143817469,3205,False
2021,Egypt,Yemen,1.455,0.0,38.487972508591064,0.1712,2.1754967702457057e-08,2342,9.10465470998753e-09,0.8885268234864016,3199,False
2021,Japan,Poland,0.935,0.0,106.951871657754,0.2662,2.170226727366365e-08,2343,5.850757494046969e-09,0.8885268293371591,3337,False
2021,Italy,China,0.525,0.0,186.66666666666666,0.4738,2.1639480224571943e-08,2344,3.285184689170758e-09,0.8885268326223438,3482,False
2021,France,Seychelles,2.811,0.0,293.48986125933834,0.1791,2.155595644469564e-08,2345,1.7589817450017145e-08,0.8885268502121613,3011,False
2021,Poland,Algeria,1.1340000000000001,0.0,47.61904761904761,0.2151,2.129553730382847e-08,2346,7.095998928608838e-09,0.8885268573081602,3266,False
2021,France,Iceland,2.7359999999999998,0.0,27.412280701754387,0.1687,2.080234026622877e-08,2347,1.7120505351564177e-08,0.8885268744286655,3021,False
2021,Iran (Islamic Republic of),Brazil,1.0,0.0,236.0,0.2375,2.0661384616315213e-08,2348,6.257494646039539e-09,0.8885268806861601,3304,False
2021,France,Cabo Verde,1.424,0.0,37.21910112359551,0.1652,2.0545429405272784e-08,2349,8.910672375960303e-09,0.8885268895968326,3206,False
2021,Egypt,Lebanon,0.857,0.0,140.02333722287048,0.3498,2.0479391047440022e-08,2350,5.362672911655885e-09,0.8885268949595054,3357,False
2021,Italy,Belize,1.28,0.0,60.9375,0.1808,2.020143505154209e-08,2351,8.009593146930611e-09,0.8885269029690985,3230,False
2021,Indonesia,Belgium,1.048,0.0,82.06106870229007,0.2191,2.003252415212623e-08,2352,6.557854389049437e-09,0.8885269095269529,3290,False
2021,France,Maldives,1.31,0.0,64.8854961832061,0.1728,1.9759024347519397e-08,2353,8.197317986311796e-09,0.8885269177242708,3226,False
2021,Chile,Pakistan,0.906,0.0,143.4878587196468,0.2499,1.97277028062504e-08,2354,5.669290149311823e-09,0.888526923393561,3343,False
2021,Togo,Sweden,2.0,0.0,25.5,0.2256,1.9701406996665886e-08,2355,1.2514989292079079e-08,0.8885269359085503,3102,False
2021,Togo,Belgium,1.116,0.0,64.51612903225806,0.2441,1.96849150602956e-08,2356,6.983364024980126e-09,0.8885269428919143,3274,False
2021,Cyprus,Gambia,1.295,0.0,64.86486486486487,0.1721,1.945348529738424e-08,2357,8.103455566621202e-09,0.8885269509953698,3229,False
2021,Philippines,Myanmar,1.0,0.0,420.0,0.2242,1.943896421671254e-08,2358,6.257494646039539e-09,0.8885269572528645,3304,False
2021,Guinea,Belgium,1.097,0.0,61.987237921604375,0.2164,1.933243248464923e-08,2359,6.864471626705374e-09,0.8885269641173361,3278,False
2021,Australia,Iran (Islamic Republic of),0.991,0.0,1009.0817356205853,0.2244,1.9073398422135554e-08,2360,6.201177194225183e-09,0.8885269703185134,3313,False
2021,Bangladesh,Myanmar,1.0,0.0,80.0,0.2177,1.8992703778848907e-08,2361,6.257494646039539e-09,0.888526976576008,3304,False
2021,Thailand,Saint Vincent and the Grenadines,1.354,0.0,159.52732644017723,0.1605,1.893685273425071e-08,2362,8.472647750737536e-09,0.8885269850486558,3218,False
2021,Guatemala,Chile,0.9490000000000001,0.0,580.6111696522655,0.2302,1.8884641204633143e-08,2363,5.9383624190915234e-09,0.8885269909870183,3331,False
2021,Sweden,Algeria,1.226,0.0,48.123980424143554,0.176,1.883922603739466e-08,2364,7.671688436044475e-09,0.8885269986587067,3241,False
2021,Philippines,Netherlands (Kingdom of the),1.059,0.0,113.31444759206799,0.2032,1.876330441780526e-08,2365,6.6266868301558716e-09,0.8885270052853935,3288,False
2021,Ghana,Germany,0.81,0.0,24.691358024691358,0.2633,1.8620803353152294e-08,2366,5.068570663292027e-09,0.8885270103539642,3373,False
2021,Portugal,United Arab Emirates,1.187,0.0,229.14911541701767,0.2857,1.8524589883407546e-08,2367,7.427646144848933e-09,0.8885270177816104,3251,False
2021,Netherlands (Kingdom of the),Oman,0.54,0.0,157.4074074074074,0.4115,1.843490996392845e-08,2368,3.3790471088613515e-09,0.8885270211606575,3475,False
2021,Germany,Argentina,0.823,0.0,872.4179829890644,0.3104,1.8424204128863303e-08,2369,5.14991809369054e-09,0.8885270263105756,3369,False
2021,Antigua and Barbuda,Denmark,1.964,0.0,29.531568228105908,0.1066,1.8291039416008712e-08,2370,1.2289719484821655e-08,0.888527038600295,3107,False
2021,Japan,Iceland,1.236,0.0,55.016181229773466,0.1687,1.8202958984291365e-08,2371,7.73426338250487e-09,0.8885270463345584,3238,False
2021,Bulgaria,Belgium,1.228,0.0,71.66123778501628,0.18080000000000002,1.8184299690257662e-08,2372,7.684203425336554e-09,0.8885270540187618,3240,False
2021,United Kingdom,Kuwait,1.193,0.0,347.02430846605193,0.18419999999999997,1.8083516430189855e-08,2373,7.46519111272517e-09,0.8885270614839529,3250,False
2021,Malaysia,Saudi Arabia,0.47800000000000004,0.0,60.6694560669456,0.4325,1.802270009249911e-08,2374,2.9910824408069e-09,0.8885270644750354,3507,False
2021,Netherlands (Kingdom of the),Guyana,0.9,0.0,111.11111111111111,0.2293,1.7992068417381217e-08,2375,5.631745181435586e-09,0.8885270701067806,3344,False
2021,Suriname,Gambia,1.316,0.0,73.70820668693008,0.1562,1.7939870266693375e-08,2376,8.234862954188034e-09,0.8885270783416435,3225,False
2021,Togo,Netherlands (Kingdom of the),0.849,0.0,194.3462897526502,0.2415,1.7847309549009044e-08,2377,5.312612954487569e-09,0.8885270836542564,3358,False
2021,"Korea, Republic of",Timor-Leste,1.245,0.0,45.783132530120476,0.1641,1.783863911456413e-08,2378,7.790580834319228e-09,0.8885270914448372,3235,False
2021,Russian Federation,Angola,1.043,0.0,122.7229146692234,0.1959,1.7812620938842312e-08,2379,6.526566915819239e-09,0.8885270979714042,3294,False
2021,Morocco,Cabo Verde,1.222,0.0,26.18657937806874,0.1652,1.763246192041051e-08,2380,7.646658457460317e-09,0.8885271056180626,3245,False
2021,Greece,Ukraine,0.6940000000000001,0.0,208.9337175792507,0.3269,1.748770289998263e-08,2381,4.3427012843514405e-09,0.8885271099607639,3408,False
2021,Italy,Lithuania,2.101,0.0,104.23607805806759,0.18230000000000002,1.712412090608419e-08,2382,1.3146996251329072e-08,0.8885271231077602,3089,False
2021,Croatia,Netherlands (Kingdom of the),1.591,0.0,49.02576995600251,0.2567,1.7121761434951398e-08,2383,9.955673981848906e-09,0.8885271330634341,3175,False
2021,India,Ecuador,0.798,0.0,220.55137844611528,0.24509999999999998,1.7015870379090476e-08,2384,4.993480727539552e-09,0.8885271380569149,3378,False
2021,Nigeria,Gambia,1.118,0.0,186.04651162790697,0.1733,1.6872409981084552e-08,2385,6.9958790142722054e-09,0.8885271450527938,3272,False
2021,United Arab Emirates,India,0.46,0.0,47.826086956521735,0.4183,1.6777111833512853e-08,2386,2.8784475371781882e-09,0.8885271479312414,3517,False
2021,Greece,Singapore,0.665,0.0,166.9172932330827,0.4222,1.674138481627852e-08,2387,4.1612339396162935e-09,0.8885271520924753,3420,False
2021,Kenya,Sweden,1.0,0.0,42.0,0.1917,1.6735942993765457e-08,2388,6.257494646039539e-09,0.88852715834997,3304,False
2021,Trinidad and Tobago,Jamaica,0.74,0.0,144.59459459459458,0.2558,1.64891366768466e-08,2389,4.630546038069259e-09,0.888527162980516,3393,False
2021,Russian Federation,Sri Lanka,0.803,0.0,66.0024906600249,0.23009999999999997,1.6119972184991902e-08,2390,5.02476820076975e-09,0.8885271680052842,3374,False
2021,Japan,Saudi Arabia,0.545,0.0,438.5321100917431,0.3332,1.57263800864905e-08,2391,3.4103345820915492e-09,0.8885271714156188,3472,False
2021,Philippines,Thailand,0.767,0.0,357.23598435462844,0.2613,1.5465815942131055e-08,2392,4.799498393512327e-09,0.8885271762151171,3385,False
2021,Sudan,France,0.937,0.0,26.680896478121664,0.1887,1.543942422264164e-08,2393,5.863272483339048e-09,0.8885271820783897,3335,False
2021,France,Yemen,1.033,0.0,97.77347531461763,0.1706,1.5370264802496103e-08,2394,6.463991969358844e-09,0.8885271885423817,3297,False
2021,South Africa,Iran (Islamic Republic of),0.838,0.0,107.39856801909308,0.2092,1.5283886096885243e-08,2395,5.243780513381134e-09,0.8885271937861622,3365,False
2021,Viet Nam,Finland,0.936,0.0,260.6837606837607,0.1855,1.5096994517938526e-08,2396,5.857014988693009e-09,0.8885271996431772,3336,False
2021,Togo,Gambia,0.979,0.0,101.12359550561798,0.175,1.4940773704282794e-08,2397,6.126087258472709e-09,0.8885272057692645,3318,False
2021,Belgium,Namibia,0.705,0.0,52.4822695035461,0.2418,1.4873353104863465e-08,2398,4.411533725457875e-09,0.8885272101807982,3403,False
2021,Georgia,Ukraine,0.756,0.0,23.80952380952381,0.2244,1.4810706907736928e-08,2399,4.730665952405892e-09,0.8885272149114641,3388,False
2021,Denmark,Gambia,0.983,0.0,108.85045778229909,0.1715,1.469977899763393e-08,2400,6.151117237056867e-09,0.8885272210625814,3317,False
2021,France,Argentina,1.121,0.0,776.9848349687779,0.3093000000000001,1.4464105907267578e-08,2401,7.014651498210324e-09,0.888527228077233,3270,False
2021,Nigeria,Ireland,0.924,0.0,62.77056277056277,0.178,1.435226671699869e-08,2402,5.781925052940535e-09,0.888527233859158,3339,False
2021,Egypt,Kenya,0.7060000000000001,0.0,188.38526912181302,0.25059999999999993,1.4025279999512698e-08,2403,4.417791220103915e-09,0.8885272382769492,3402,False
2021,Indonesia,Suriname,1.0,0.0,143.0,0.1598,1.3925403823493275e-08,2404,6.257494646039539e-09,0.8885272445344439,3304,False
2021,Mexico,Ireland,0.859,0.0,86.14668218859138,0.1855,1.3897784732767971e-08,2405,5.375187900947964e-09,0.8885272499096317,3356,False
2021,Lebanon,United Arab Emirates,0.433,0.0,224.01847575057738,0.3651,1.3737910734000558e-08,2406,2.7094951817351204e-09,0.8885272526191269,3535,False
2021,China,French Polynesia,0.972,0.0,157.40740740740742,0.1998,1.3522567010065655e-08,2407,6.082284795950432e-09,0.8885272587014117,3324,False
2021,Italy,Viet Nam,1.106,0.0,145.56962025316454,0.29979999999999996,1.3355645559348884e-08,2408,6.920789078519731e-09,0.8885272656222007,3275,False
2021,Ireland,Poland,0.843,0.0,79.47805456702254,0.1816,1.3353494480200326e-08,2409,5.275067986611331e-09,0.8885272708972687,3361,False
2021,Syrian Arab Republic,Lebanon,0.972,0.0,72.0164609053498,0.2519,1.3322689008561982e-08,2410,6.082284795950432e-09,0.8885272769795535,3324,False
2021,Panama,Yemen,1.306,0.0,44.4104134762634,0.1167,1.3308372539327088e-08,2411,8.172288007727638e-09,0.8885272851518414,3227,False
2021,Viet Nam,Sri Lanka,0.362,0.0,46.96132596685083,0.4215,1.3296221733584767e-08,2412,2.2652130618663133e-09,0.8885272874170544,3583,False
2021,Italy,"Tanzania, United Republic of",0.62,0.0,19.35483870967742,0.2454,1.3280251515039359e-08,2413,3.879646680544514e-09,0.8885272912967012,3438,False
2021,United Kingdom,Malta,0.38,0.0,136.84210526315792,0.41290000000000004,1.3158342741931581e-08,2414,2.377847965495025e-09,0.8885272936745491,3572,False
2021,United Kingdom,Bermuda,1.055,0.0,82.46445497630332,0.15790000000000004,1.309555281975288e-08,2415,6.6016568515717134e-09,0.888527300276206,3289,False
2021,Netherlands (Kingdom of the),New Zealand,1.201,0.0,194.00499583680266,0.2492,1.2837316801906315e-08,2416,7.515251069893487e-09,0.888527307791457,3248,False
2021,China,Sao Tome and Principe,0.884,0.0,352.94117647058823,0.1652,1.2675783529569236e-08,2417,5.531625267098952e-09,0.8885273133230823,3348,False
2021,Indonesia,Saint Lucia,0.899,0.0,114.57174638487207,0.1616,1.2665073674680762e-08,2418,5.625487686789546e-09,0.8885273189485701,3345,False
2021,New Zealand,French Polynesia,0.77,0.0,87.01298701298701,0.2691,1.265739580205874e-08,2419,4.818270877450445e-09,0.888527323766841,3384,False
2021,Russian Federation,Mauritania,0.8160000000000001,0.0,71.07843137254902,0.17639999999999997,1.2557102833331614e-08,2420,5.106115631168265e-09,0.8885273288729566,3370,False
2021,Greece,France,0.5630000000000001,0.0,314.38721136767316,0.3809,1.2389696258749495e-08,2421,3.522969485720261e-09,0.8885273323959261,3464,False
2021,Poland,New Zealand,0.672,0.0,92.26190476190476,0.20809999999999998,1.2191600499514929e-08,2422,4.205036402138571e-09,0.8885273366009625,3416,False
2021,Lithuania,Viet Nam,0.786,0.0,69.97455470737913,0.1778,1.2191113722912094e-08,2423,4.918390791787078e-09,0.8885273415193533,3380,False
2021,Kenya,New Zealand,0.664,0.0,118.97590361445782,0.2071,1.198253989172233e-08,2424,4.1549764449702544e-09,0.8885273456743298,3421,False
2021,Bulgaria,Pakistan,0.765,0.0,75.81699346405229,0.1775,1.1843705376234744e-08,2425,4.786983404220248e-09,0.8885273504613131,3386,False
2021,Ghana,Belgium,0.451,0.0,46.56319290465632,0.3,1.1796695676411258e-08,2426,2.8221300853638324e-09,0.8885273532834432,3522,False
2021,Cyprus,Morocco,0.635,0.0,105.51181102362204,0.2126,1.1765599626866647e-08,2427,3.9735091002351075e-09,0.8885273572569523,3433,False
2021,Ecuador,Spain,0.5,0.0,66.0,0.2677,1.1668693638655991e-08,2428,3.1287473230197697e-09,0.8885273603856997,3492,False
2021,China,Barbados,1.1700000000000002,0.0,1135.8974358974358,0.17109999999999997,1.1604913495575003e-08,2429,7.321268735866262e-09,0.8885273677069684,3256,False
2021,Malta,Netherlands (Kingdom of the),1.024,0.0,69.3359375,0.4149,1.1573818958208025e-08,2430,6.407674517544488e-09,0.8885273741146429,3300,False
2021,Saudi Arabia,Kuwait,1.1680000000000001,0.0,284.2465753424657,0.22409999999999997,1.1503669643470011e-08,2431,7.308753746574183e-09,0.8885273814233966,3257,False
2021,Gabon,Benin,0.7000000000000001,0.0,81.42857142857142,0.18649999999999997,1.1384333718745716e-08,2432,4.380246252227678e-09,0.8885273858036429,3405,False
2021,France,Georgia,1.459,0.0,320.7676490747087,0.17179999999999998,1.1112713965973818e-08,2433,9.129684688571688e-09,0.8885273949333276,3197,False
2021,Canada,Sweden,0.553,0.0,184.44846292947557,0.2305,1.1090420776230352e-08,2434,3.4603945392598655e-09,0.8885273983937221,3467,False
2021,United Kingdom,Singapore,0.556,0.0,84.53237410071942,0.4615,1.1032211990981307e-08,2435,3.479167023197984e-09,0.8885274018728891,3465,False
2021,Panama,Grenada,0.73,0.0,39.726027397260275,0.1726,1.09963571023533e-08,2436,4.567971091608864e-09,0.8885274064408603,3396,False
2021,United Arab Emirates,Cameroon,0.468,0.0,188.03418803418802,0.2693,1.0961321221808989e-08,2437,2.9285074943465045e-09,0.8885274093693678,3511,False
2021,France,Peru,0.39,0.0,871.7948717948717,0.3256,1.0901955354749693e-08,2438,2.4404229119554203e-09,0.8885274118097907,3561,False
2021,Netherlands (Kingdom of the),Libya,0.648,0.0,54.01234567901234,0.1923,1.0870547839692616e-08,2439,4.054856530633622e-09,0.8885274158646472,3428,False
2021,Philippines,Chile,0.621,0.0,178.743961352657,0.201,1.0863527146106598e-08,2440,3.885904175190554e-09,0.8885274197505514,3437,False
2021,Latvia,Saudi Arabia,0.679,0.0,47.1281296023564,0.1822,1.0794442552081946e-08,2441,4.248838864660847e-09,0.8885274239993902,3414,False
2021,Bulgaria,Iceland,1.083,0.0,34.16435826408126,0.1112,1.051614121772156e-08,2442,6.7768667016608204e-09,0.888527430776257,3280,False
2021,Syrian Arab Republic,Sweden,0.6960000000000001,0.0,48.85057471264367,0.1727,1.04878317871806e-08,2443,4.3552162736435196e-09,0.8885274351314733,3407,False
2021,Cambodia,"Korea, Republic of",0.533,0.0,776.7354596622889,0.2285,1.0481622608012084e-08,2444,3.3352446463390744e-09,0.8885274384667179,3478,False
2021,Indonesia,Montenegro,1.075,0.0,110.69767441860465,0.1116,1.0461382636161578e-08,2445,6.726806744492504e-09,0.8885274451935247,3284,False
2021,Sweden,Lithuania,0.7180000000000001,0.0,34.81894150417827,0.1843,1.042017540418409e-08,2446,4.492881155856389e-09,0.8885274496864058,3398,False
2021,Sudan,Yemen,0.684,0.0,100.87719298245614,0.1743,1.0392408753051483e-08,2447,4.280126337891045e-09,0.8885274539665322,3413,False
2021,Pakistan,Honduras,0.633,0.0,94.7867298578199,0.1868,1.0307186814421587e-08,2448,3.960994110943028e-09,0.8885274579275263,3435,False
2021,Viet Nam,Guyana,0.715,0.0,162.23776223776224,0.165,1.0272962627696647e-08,2449,4.47410867191827e-09,0.8885274624016349,3399,False
2021,Lithuania,Saudi Arabia,0.645,0.0,46.51162790697674,0.1823,1.0258870555898983e-08,2450,4.036084046695503e-09,0.888527466437719,3431,False
2021,Denmark,Sierra Leone,0.6910000000000001,0.0,613.6034732272069,0.1719,1.0257872040134281e-08,2451,4.323928800413322e-09,0.8885274707616477,3409,False
2021,Russian Federation,Malta,0.653,0.0,62.78713629402756,0.2278,1.0150306406531319e-08,2452,4.086144003863819e-09,0.8885274748477917,3427,False
2021,Belgium,Cameroon,0.41600000000000004,0.0,377.40384615384613,0.2813,1.0139764894601888e-08,2453,2.6031177727524487e-09,0.8885274774509094,3547,False
2021,Mexico,Seychelles,0.666,0.0,144.14414414414415,0.1726,1.0011956041328216e-08,2454,4.1674914342623335e-09,0.8885274816184009,3419,False
2021,Dominican Republic,Panama,0.321,0.0,24.922118380062305,0.3577,1.0006129808422487e-08,2455,2.0086557813786923e-09,0.8885274836270567,3609,False
2021,Italy,Gambia,0.662,0.0,81.57099697885197,0.1733,1.0003466098834163e-08,2456,4.142461455678175e-09,0.8885274877695182,3422,False
2021,Thailand,Romania,0.51,0.0,213.72549019607843,0.2252,9.986026033637463e-09,2457,3.191322269480165e-09,0.8885274909608405,3488,False
2021,India,Timor-Leste,0.708,0.0,162.42937853107347,0.1618,9.974932584370406e-09,2458,4.430306209395993e-09,0.8885274953911467,3401,False
2021,Germany,Pakistan,0.332,0.0,72.28915662650601,0.3405,9.843936880995496e-09,2459,2.0774882224851272e-09,0.8885274974686349,3599,False
2021,Senegal,Morocco,0.41200000000000003,0.0,87.37864077669902,0.273,9.79736135715638e-09,2460,2.5780877941682905e-09,0.8885275000467227,3551,False
2021,"Tanzania, United Republic of",Comoros,0.497,0.0,30.18108651911469,0.222,9.624771157920437e-09,2461,3.109974839081651e-09,0.8885275031566975,3494,False
2021,Saudi Arabia,Oman,0.793,0.0,66.83480453972257,0.3727,9.584680972223894e-09,2462,4.962193254309355e-09,0.8885275081188907,3379,False
2021,China,Saint Vincent and the Grenadines,1.1320000000000001,0.0,93.63957597173143,0.1664,9.56776886621556e-09,2463,7.083483939316759e-09,0.8885275152023746,3268,False
2021,Netherlands (Kingdom of the),Mozambique,0.48000000000000004,0.0,199.99999999999997,0.2439,9.522472751185727e-09,2464,3.003597430098979e-09,0.8885275182059721,3504,False
2021,Guatemala,Costa Rica,0.8009999999999999,0.0,225.96754057428217,0.2698,9.434002316258305e-09,2465,5.0122532114776704e-09,0.8885275232182253,3375,False
2021,Canada,El Salvador,1.042,0.0,88.29174664107485,0.1853,9.344922606703955e-09,2466,6.5203094211732e-09,0.8885275297385347,3295,False
2021,Guatemala,Trinidad and Tobago,0.586,0.0,1061.433447098976,0.1861,9.337958365117331e-09,2467,3.6668918625791698e-09,0.8885275334054266,3451,False
2021,Malaysia,New Zealand,0.9770000000000001,0.0,199.59058341862843,0.27899999999999997,9.305932790057996e-09,2468,6.1135722691806304e-09,0.8885275395189989,3321,False
2021,Pakistan,Dominican Republic,0.419,0.0,315.035799522673,0.2531,9.199684779231697e-09,2469,2.621890256690567e-09,0.8885275421408891,3545,False
2021,India,Slovenia,0.41200000000000003,0.0,140.7766990291262,0.2564,9.192696856955841e-09,2470,2.5780877941682905e-09,0.8885275447189769,3551,False
2021,Italy,Sri Lanka,0.28700000000000003,0.0,139.37282229965155,0.368,9.181381563227935e-09,2471,1.7959009634133479e-09,0.8885275465148779,3636,False
2021,"Korea, Republic of",Maldives,0.607,0.0,23.064250411861615,0.1728,9.15436490113904e-09,2472,3.7982992501460005e-09,0.8885275503131771,3443,False
2021,Germany,Georgia,0.619,0.0,255.25040387722132,0.1718,9.123433433402785e-09,2473,3.873389185898475e-09,0.8885275541865663,3439,False
2021,United Kingdom,Qatar,0.386,0.0,264.24870466321244,0.271,9.081064756971345e-09,2474,2.415392933371262e-09,0.8885275566019591,3566,False
2021,Iran (Islamic Republic of),New Zealand,0.508,0.0,334.6456692913386,0.205,9.034641639686024e-09,2475,3.178807280188086e-09,0.8885275597807665,3491,False
2021,Iran (Islamic Republic of),Belgium,0.468,0.0,128.2051282051282,0.2193,8.93589164420536e-09,2476,2.9285074943465045e-09,0.888527562709274,3511,False
2021,Slovenia,Russian Federation,0.7120000000000001,0.0,275.2808988764045,0.211,8.727354197112392e-09,2477,4.455336187980152e-09,0.8885275671646102,3400,False
2021,Chile,"Korea, Republic of",0.294,0.0,534.0136054421769,0.3412,8.658498496562779e-09,2478,1.8397034259356244e-09,0.8885275690043136,3631,False
2021,Japan,Pakistan,0.362,0.0,49.72375690607735,0.2724,8.59242976234265e-09,2479,2.2652130618663133e-09,0.8885275712695266,3583,False
2021,Viet Nam,Guinea,0.589,0.0,8.488964346349746,0.1665,8.560877518764143e-09,2480,3.6856643465172884e-09,0.888527574955191,3450,False
2021,Mexico,United Arab Emirates,0.873,0.0,254.29553264604812,0.23690000000000003,8.547521128173726e-09,2481,5.462792825992518e-09,0.8885275804179837,3351,False
2021,Italy,Saint Lucia,0.585,0.0,111.11111111111111,0.1668,8.502100628450399e-09,2482,3.6606343679331302e-09,0.8885275840786181,3452,False
2021,Lebanon,Cameroon,0.47900000000000004,0.0,198.32985386221293,0.204,8.461861676359753e-09,2483,2.9973399354529394e-09,0.888527587075958,3505,False
2021,Germany,Viet Nam,0.23700000000000002,0.0,113.92405063291139,0.4069,8.38098056562557e-09,2484,1.4830262311113709e-09,0.8885275885589843,3671,False
2021,China,Norway,0.5670000000000001,0.0,245.14991181657845,0.17870000000000003,8.290079654340675e-09,2485,3.547999464304419e-09,0.8885275921069837,3460,False
2021,Latvia,India,0.52,0.0,98.07692307692308,0.1822,8.255358942918637e-09,2486,3.2538972159405604e-09,0.888527595360881,3485,False
2021,Peru,Malta,0.374,0.0,96.2566844919786,0.2527,8.229030465762083e-09,2487,2.3403029976187877e-09,0.888527597701184,3577,False
2021,Australia,Finland,0.512,0.0,257.8125,0.1844,8.202373043315976e-09,2488,3.203837258772244e-09,0.8885276009050213,3486,False
2021,Belgium,Kuwait,0.5750000000000001,0.0,464.34782608695645,0.1842,8.114965174261164e-09,2489,3.5980594214727353e-09,0.8885276045030807,3456,False
2021,Brazil,Kuwait,0.732,0.0,87.43169398907104,0.1265,8.074434974350318e-09,2490,4.580486080900943e-09,0.8885276090835668,3395,False
2021,Germany,Angola,0.439,0.0,82.00455580865604,0.2106,8.055259560422683e-09,2491,2.7470401496113576e-09,0.8885276118306069,3528,False
2021,Lithuania,Norway,0.86,0.0,66.27906976744187,0.21790000000000004,8.001346278090647e-09,2492,5.3814453955940035e-09,0.8885276172120523,3354,False
2021,Portugal,Kuwait,0.521,0.0,124.76007677543186,0.1756,7.96778195325907e-09,2493,3.2601547105866e-09,0.888527620472207,3484,False
2021,Greece,Thailand,0.306,0.0,205.88235294117646,0.2992,7.951150631321238e-09,2494,1.914793361688099e-09,0.8885276223870003,3625,False
2021,Netherlands (Kingdom of the),Kuwait,0.494,0.0,89.06882591093118,0.1842,7.865337127443316e-09,2495,3.0912023551435325e-09,0.8885276254782027,3495,False
2021,Iraq,Saudi Arabia,0.275,0.0,65.45454545454545,0.3257,7.795535338043975e-09,2496,1.7208110276608734e-09,0.8885276271990138,3641,False
2021,Belize,Saint Vincent and the Grenadines,0.545,0.0,25.68807339449541,0.1628,7.741845091821857e-09,2497,3.4103345820915492e-09,0.8885276306093484,3472,False
2021,Belgium,United Arab Emirates,0.20800000000000002,0.0,447.1153846153846,0.44719999999999993,7.725328595473995e-09,2498,1.3015588863762243e-09,0.8885276319109072,3705,False
2021,Russian Federation,Mozambique,0.461,0.0,106.29067245119306,0.1916,7.693230346384785e-09,2499,2.8847050318242278e-09,0.8885276347956123,3515,False
2021,Peru,Australia,0.375,0.0,386.6666666666667,0.2356,7.652149737069088e-09,2500,2.3465604922648273e-09,0.8885276371421728,3576,False
2021,Spain,Mozambique,0.35000000000000003,0.0,199.99999999999997,0.2516,7.651580131629969e-09,2501,2.190123126113839e-09,0.8885276393322958,3587,False
2021,Japan,Ghana,0.382,0.0,75.91623036649214,0.2297,7.64330283963543e-09,2502,2.390362954787104e-09,0.8885276417226587,3569,False
2021,Malaysia,Sierra Leone,0.499,0.0,196.3927855711423,0.1745,7.573007075364915e-09,2503,3.12248982837373e-09,0.8885276448451486,3493,False
2021,Bulgaria,Trinidad and Tobago,0.861,0.0,61.556329849012776,0.1694,7.53980093067553e-09,2504,5.3877028902400434e-09,0.8885276502328514,3353,False
2021,United Arab Emirates,Pakistan,0.219,0.0,54.794520547945204,0.3948,7.519610333166929e-09,2505,1.370391327482659e-09,0.8885276516032428,3690,False
2021,Netherlands (Kingdom of the),Brunei Darussalam,0.49,0.0,55.10204081632653,0.17570000000000002,7.506541567397985e-09,2506,3.0661723765593743e-09,0.8885276546694152,3500,False
2021,Algeria,Mauritania,0.509,0.0,33.39882121807466,0.169,7.503792449771547e-09,2507,3.1850647748341255e-09,0.88852765785448,3489,False
2021,Egypt,Seychelles,0.464,0.0,53.87931034482758,0.1822,7.370522554601483e-09,2508,2.9034775157623464e-09,0.8885276607579575,3514,False
2021,India,Lithuania,0.461,0.0,121.47505422993491,0.1823,7.317791381698747e-09,2509,2.8847050318242278e-09,0.8885276636426626,3515,False
2021,Bulgaria,Jamaica,0.484,0.0,123.96694214876034,0.1715,7.2281491138685174e-09,2510,3.0286274086831367e-09,0.88852766667129,3502,False
2021,Spain,Cameroon,0.292,0.0,154.1095890410959,0.2814,7.141589039079204e-09,2511,1.8271884366435454e-09,0.8885276684984784,3633,False
2021,United Kingdom,Seychelles,0.49100000000000005,0.0,297.3523421588594,0.17909999999999998,7.1244748652138224e-09,2512,3.072429871205414e-09,0.8885276715709083,3499,False
2021,Finland,Algeria,0.47000000000000003,0.0,48.93617021276595,0.1723,7.060996824892748e-09,2513,2.9410224836385836e-09,0.8885276745119308,3510,False
2021,Brazil,Myanmar,0.441,0.0,324.26303854875283,0.1831,7.00442389909916e-09,2514,2.7595551389034366e-09,0.888527677271486,3525,False
2021,Australia,Spain,0.265,0.0,116.98113207547169,0.3015,6.946439359227026e-09,2515,1.6582360812004779e-09,0.8885276789297221,3648,False
2021,Bulgaria,Ghana,0.456,0.0,32.89473684210526,0.1745,6.939708013773906e-09,2516,2.85341755859403e-09,0.8885276817831397,3518,False
2021,Croatia,Georgia,0.47200000000000003,0.0,281.77966101694915,0.1692,6.934085869153762e-09,2517,2.9535374729306627e-09,0.8885276847366772,3509,False
2021,Nigeria,Bahrain,0.41400000000000003,0.0,96.6183574879227,0.1901,6.8543126548483365e-09,2518,2.5906027834603696e-09,0.8885276873272799,3549,False
2021,Bangladesh,Denmark,0.444,0.0,135.13513513513513,0.1767,6.829170090815259e-09,2519,2.7783276228415552e-09,0.8885276901056075,3523,False
2021,Peru,Denmark,0.31,0.0,106.45161290322581,0.2512,6.775357938603452e-09,2520,1.939823340272257e-09,0.8885276920454308,3620,False
2021,Costa Rica,Saint Vincent and the Grenadines,0.454,0.0,26.431718061674008,0.1694,6.708059768087312e-09,2521,2.840902569301951e-09,0.8885276948863334,3519,False
2021,South Africa,Denmark,0.309,0.0,168.28478964401296,0.24849999999999997,6.673334246702452e-09,2522,1.9335658456262175e-09,0.8885276968198993,3621,False
2021,South Africa,Belgium,0.273,0.0,146.5201465201465,0.32499999999999996,6.605761352175844e-09,2523,1.7082960383687944e-09,0.8885276985281954,3642,False
2021,Mexico,Kenya,0.385,0.0,459.7402597402597,0.19829999999999998,6.604050050492201e-09,2524,2.4091354387252226e-09,0.8885277009373308,3567,False
2021,Lithuania,Kenya,0.611,0.0,80.19639934533552,0.12389999999999998,6.600281665447124e-09,2525,3.823329228730159e-09,0.88852770476066,3440,False
2021,South Africa,Guatemala,0.367,0.0,752.0435967302452,0.209,6.598653447064304e-09,2526,2.296500535096511e-09,0.8885277070571606,3581,False
2021,Poland,Bahrain,0.308,0.0,71.42857142857143,0.24460000000000004,6.558814186449394e-09,2527,1.927308350980178e-09,0.8885277089844689,3623,False
2021,Latvia,France,0.4,0.0,305.0,0.1879,6.520542177555352e-09,2528,2.5029978584158157e-09,0.8885277114874667,3555,False
2021,Venezuela (Bolivarian Rep. of),Bahrain,0.658,0.0,42.5531914893617,0.1124,6.4534196331384755e-09,2529,4.117431477094017e-09,0.8885277156048982,3425,False
2021,Spain,Lithuania,0.539,0.0,107.60667903525045,0.1864,6.424573286405599e-09,2530,3.372789614215312e-09,0.8885277189776878,3476,False
2021,Germany,Israel,0.244,0.0,40.98360655737705,0.3002,6.37510822503804e-09,2531,1.5268286936336476e-09,0.8885277205045164,3667,False
2021,Germany,Cabo Verde,0.44,0.0,70.45454545454545,0.1662,6.372850381900816e-09,2532,2.753297644257397e-09,0.888527723257814,3526,False
2021,Italy,Cambodia,0.41500000000000004,0.0,197.59036144578312,0.1766,6.37125753356355e-09,2533,2.596860278106409e-09,0.8885277258546743,3548,False
2021,Peru,Norway,0.438,0.0,105.0228310502283,0.1664,6.3474628277991804e-09,2534,2.740782654965318e-09,0.8885277285954569,3530,False
2021,Lithuania,Libya,0.439,0.0,47.83599088838269,0.1647,6.303536630952947e-09,2535,2.7470401496113576e-09,0.8885277313424971,3528,False
2021,Egypt,Ireland,0.395,0.0,78.48101265822784,0.1827,6.286510294216234e-09,2536,2.471710385185618e-09,0.8885277338142075,3559,False
2021,Greece,Malta,0.228,0.0,74.56140350877193,0.3137,6.219366653794336e-09,2537,1.426708779297015e-09,0.8885277352409162,3684,False
2021,United Kingdom,Denmark,0.647,0.0,85.00772797527047,0.23490000000000003,6.183558000720825e-09,2538,4.048599035987582e-09,0.8885277392895152,3430,False
2021,Argentina,Finland,0.388,0.0,18.04123711340206,0.1819,6.15453306742736e-09,2539,2.4279079226633412e-09,0.8885277417174231,3562,False
2021,Spain,Seychelles,0.388,0.0,242.2680412371134,0.18220000000000003,6.139599763815612e-09,2540,2.4279079226633412e-09,0.888527744145331,3562,False
2021,Barbados,Saint Kitts and Nevis,0.307,0.0,143.32247557003257,0.2298,6.133868180836504e-09,2541,1.9210508563341384e-09,0.8885277460663819,3624,False
2021,United States of America,Timor-Leste,0.428,0.0,42.05607476635514,0.1641,6.123484187994023e-09,2542,2.6782077085049227e-09,0.8885277487445895,3541,False
2021,Mexico,Denmark,0.304,0.0,42.76315789473684,0.2311,6.119263345982793e-09,2543,1.9022783723960198e-09,0.8885277506468678,3626,False
2021,Greece,Tunisia,0.40800000000000003,0.0,61.27450980392157,0.1721,6.119076355446042e-09,2544,2.5530578155841324e-09,0.8885277531999256,3554,False
2021,Poland,Montenegro,0.55,0.0,83.63636363636363,0.1617,6.090249303165202e-09,2545,3.441622055321747e-09,0.8885277566415477,3469,False
2021,Canada,Belize,0.49,0.0,142.85714285714286,0.1768,6.035497871801966e-09,2546,3.0661723765593743e-09,0.8885277597077201,3500,False
2021,Lebanon,Kuwait,0.379,0.0,240.10554089709763,0.1833,6.033260809585345e-09,2547,2.3715904708489854e-09,0.8885277620793106,3573,False
2021,Mexico,Romania,0.312,0.0,650.6410256410256,0.22059999999999996,5.929294572267533e-09,2548,1.952338329564336e-09,0.8885277640316489,3618,False
2021,Saudi Arabia,Kenya,0.268,0.0,145.52238805970148,0.2527,5.885212026942606e-09,2549,1.6770085651385967e-09,0.8885277657086574,3645,False
2021,"Korea, Republic of",Kuwait,0.365,0.0,227.39726027397262,0.1856,5.884068732775391e-09,2550,2.283985545804432e-09,0.888527767992643,3582,False
2021,Bangladesh,Solomon Islands,0.387,0.0,64.59948320413436,0.1711,5.769280860958397e-09,2551,2.4216504280173017e-09,0.8885277704142934,3564,False
2021,Japan,Argentina,0.266,0.0,146.61654135338344,0.24850000000000003,5.743931268242708e-09,2552,1.6644935758465174e-09,0.888527772078787,3647,False
2021,Antigua and Barbuda,Saint Vincent and the Grenadines,0.383,0.0,73.10704960835508,0.1717,5.728631889460774e-09,2553,2.3966204494331435e-09,0.8885277744754074,3568,False
2021,Netherlands (Kingdom of the),Morocco,0.14400000000000002,0.0,83.33333333333333,0.4549,5.6805259959961174e-09,2554,9.010792290296937e-10,0.8885277753764866,3795,False
2021,Australia,Chile,0.35,0.0,882.8571428571429,0.2336,5.668779305088866e-09,2555,2.1901231261138384e-09,0.8885277775666097,3588,False
2021,Belize,Grenada,0.398,0.0,173.36683417085428,0.1625,5.624312948672683e-09,2556,2.4904828691237366e-09,0.8885277800570925,3557,False
2021,United Arab Emirates,Nigeria,0.25,0.0,160.0,0.2566,5.571693693980459e-09,2557,1.5643736615098848e-09,0.8885277816214662,3661,False
2021,Guatemala,Philippines,0.327,0.0,272.17125382263,0.19600000000000004,5.560549380110014e-09,2558,2.0462007492549295e-09,0.8885277836676669,3605,False
2021,France,Comoros,0.382,0.0,73.29842931937172,0.167,5.5572149480832575e-09,2559,2.390362954787104e-09,0.8885277860580298,3569,False
2021,Greece,New Zealand,0.29,0.0,100.0,0.2202,5.5554623679246e-09,2560,1.8146734473514663e-09,0.8885277878727033,3635,False
2021,"Korea, Republic of",Fiji,0.34099999999999997,0.0,149.5601173020528,0.2447,5.382410841132232e-09,2561,2.1338056742994826e-09,0.8885277900065089,3594,False
2021,Slovenia,Montenegro,0.655,0.0,134.35114503816794,0.21939999999999998,5.371721591679465e-09,2562,4.098658993155898e-09,0.8885277941051679,3426,False
2021,Colombia,Belgium,0.169,0.0,71.00591715976331,0.3643,5.34567173537789e-09,2563,1.0575165951806822e-09,0.8885277951626845,3750,False
2021,Saudi Arabia,Germany,0.167,0.0,119.76047904191616,0.3672,5.319365376889576e-09,2564,1.0450016058886031e-09,0.8885277962076862,3755,False
2021,"Korea, Republic of",Norway,0.34900000000000003,0.0,160.45845272206302,0.1711,5.192265182041081e-09,2565,2.1838656314677993e-09,0.8885277983915518,3589,False
2021,El Salvador,Gambia,0.493,0.0,81.13590263691684,0.1203,5.1687395098534296e-09,2566,3.084944860497493e-09,0.8885278014764967,3497,False
2021,Italy,Namibia,0.394,0.0,164.9746192893401,0.20130000000000003,5.112794868963423e-09,2567,2.4654528905395784e-09,0.8885278039419495,3560,False
2021,China,Saint Lucia,0.34400000000000003,0.0,61.04651162790697,0.1653,4.953125872998733e-09,2568,2.1525781582376016e-09,0.8885278060945276,3591,False
2021,Greece,Sierra Leone,0.33,0.0,127.27272727272727,0.1719,4.93470867925105e-09,2569,2.064973233193048e-09,0.8885278081595008,3604,False
2021,"Korea, Republic of",Guatemala,0.181,0.0,66.29834254143647,0.3123,4.910384009763343e-09,2570,1.1326065309331566e-09,0.8885278092921074,3728,False
2021,Sri Lanka,Seychelles,0.24,0.0,708.3333333333334,0.2375,4.900478087618469e-09,2571,1.5017987150494893e-09,0.8885278107939061,3669,False
2021,Finland,Sri Lanka,0.309,0.0,139.15857605177993,0.1813,4.871294625064497e-09,2572,1.9335658456262175e-09,0.8885278127274719,3621,False
2021,Poland,Georgia,0.338,0.0,313.60946745562126,0.166,4.864674767247406e-09,2573,2.1150331903613644e-09,0.8885278148425051,3595,False
2021,Mexico,Thailand,0.222,0.0,738.7387387387387,0.2535,4.8339754832374745e-09,2574,1.3891638114207776e-09,0.8885278162316689,3687,False
2021,Belgium,Bahrain,0.41300000000000003,0.0,116.22276029055689,0.2364,4.81435550652314e-09,2575,2.58434528881433e-09,0.8885278188160142,3550,False
2021,Chile,Croatia,0.21,0.0,409.5238095238095,0.2639,4.7878535855894194e-09,2576,1.3140738756683032e-09,0.888527820130088,3702,False
2021,Denmark,Morocco,0.151,0.0,52.980132450331126,0.3639,4.769241577654984e-09,2577,9.448816915519704e-10,0.8885278210749697,3784,False
2021,Sweden,Russian Federation,0.231,0.0,125.54112554112554,0.237,4.756413467190356e-09,2578,1.4454812632351337e-09,0.888527822520451,3681,False
2021,Brazil,China,0.15,0.0,393.33333333333337,0.3667,4.744395148524052e-09,2579,9.386241969059308e-10,0.8885278234590752,3788,False
2021,Chile,India,0.215,0.0,134.88372093023256,0.2526,4.716032171219155e-09,2580,1.3453613488985009e-09,0.8885278248044366,3694,False
2021,Jamaica,Bermuda,0.342,0.0,61.40350877192982,0.1579,4.70377007121195e-09,2581,2.1400631689455226e-09,0.8885278269444997,3592,False
2021,Dominican Republic,Netherlands (Kingdom of the),0.15,0.0,60.0,0.3549,4.619690842186575e-09,2582,9.386241969059308e-10,0.8885278278831239,3788,False
2021,Malta,United Arab Emirates,0.128,0.0,226.5625,0.4148,4.5882540224940925e-09,2583,8.00959314693061e-10,0.8885278286840832,3827,False
2021,Russian Federation,Montenegro,0.438,0.0,86.7579908675799,0.1617,4.431585322140866e-09,2584,2.740782654965318e-09,0.8885278314248658,3530,False
2021,Pakistan,Saint Vincent and the Grenadines,0.317,0.0,211.3564668769716,0.1605,4.418627397229092e-09,2585,1.9836258027945338e-09,0.8885278334084916,3614,False
2021,Italy,Cayman Islands,0.322,0.0,49.68944099378882,0.1555,4.361515115820126e-09,2586,2.014913276024732e-09,0.8885278354234049,3607,False
2021,Peru,Honduras,0.262,0.0,106.87022900763358,0.191,4.35135683627146e-09,2587,1.6394635972623593e-09,0.8885278370628684,3650,False
2021,Viet Nam,Bulgaria,0.28700000000000003,0.0,146.34146341463412,0.174,4.340646532856949e-09,2588,1.7959009634133479e-09,0.8885278388587694,3636,False
2021,Indonesia,French Polynesia,0.263,0.0,235.74144486692015,0.1876,4.2802239343571986e-09,2589,1.6457210919083988e-09,0.8885278405044905,3649,False
2021,Chile,Romania,0.213,0.0,816.9014084507043,0.2324,4.245038015850968e-09,2590,1.3328463596064218e-09,0.8885278418373369,3698,False
2021,Germany,New Zealand,0.396,0.0,363.6363636363636,0.2304,4.2318907825851716e-09,2591,2.4779678798316575e-09,0.8885278443153047,3558,False
2021,Italy,"Korea, Republic of",0.109,0.0,357.79816513761466,0.4499,4.221874338361827e-09,2592,6.820669164183097e-10,0.8885278449973717,3859,False
2021,Netherlands (Kingdom of the),Cabo Verde,0.291,0.0,44.67353951890035,0.1662,4.211827001386026e-09,2593,1.8209309419975058e-09,0.8885278468183027,3634,False
2021,United Kingdom,Ghana,0.169,0.0,147.92899408284023,0.2871,4.20696669665261e-09,2594,1.0575165951806822e-09,0.8885278478758193,3750,False
2021,Lebanon,Australia,0.2,0.0,870.0,0.2428,4.158977090566645e-09,2595,1.2514989292079078e-09,0.8885278491273182,3709,False
2021,Ukraine,French Polynesia,0.321,0.0,121.49532710280374,0.17439999999999994,4.127416971501754e-09,2596,2.0086557813786923e-09,0.888527851135974,3609,False
2021,United Kingdom,Saint Vincent and the Grenadines,0.214,0.0,116.82242990654206,0.2219,4.124859535822117e-09,2597,1.3391038542524613e-09,0.8885278524750778,3696,False
2021,Saudi Arabia,Ireland,0.26,0.0,69.23076923076923,0.1819,4.115099110839359e-09,2598,1.6269486079702802e-09,0.8885278541020264,3653,False
2021,"Korea, Republic of",Morocco,0.114,0.0,263.1578947368421,0.4183,4.114164906966241e-09,2599,7.133543896485075e-10,0.8885278548153808,3851,False
2021,Greece,Philippines,0.234,0.0,192.3076923076923,0.2011,4.083606419337714e-09,2600,1.4642537471732523e-09,0.8885278562796345,3676,False
2021,Australia,Seychelles,0.268,0.0,55.97014925373134,0.175,4.082270109828192e-09,2601,1.6770085651385967e-09,0.888527857956643,3645,False
2021,Lithuania,China,0.25,0.0,56.0,0.1864,4.055061514473439e-09,2602,1.5643736615098848e-09,0.8885278595210166,3661,False
2021,China,Grenada,0.278,0.0,79.13669064748201,0.1659,4.013246576584545e-09,2603,1.739583511598992e-09,0.8885278612606001,3639,False
2021,Indonesia,Bahrain,0.233,0.0,158.79828326180257,0.1982,4.009889119851832e-09,2604,1.4579962525272127e-09,0.8885278627185964,3677,False
2021,Sweden,Morocco,0.125,0.0,56.0,0.3696,4.004108520625926e-09,2605,7.821868307549424e-10,0.8885278635007833,3834,False
2021,Morocco,France,0.10400000000000001,0.0,230.76923076923075,0.4398,3.9451557644547785e-09,2606,6.507794431881122e-10,0.8885278641515627,3877,False
2021,Chile,New Zealand,0.16,0.0,562.5,0.2855,3.929547106956093e-09,2607,1.0011991433663264e-09,0.8885278651527618,3770,False
2021,Poland,Kenya,0.233,0.0,72.96137339055794,0.1934,3.9188880929374055e-09,2608,1.4579962525272127e-09,0.8885278666107581,3677,False
2021,China,Iceland,0.256,0.0,78.125,0.1748,3.892774792949853e-09,2609,1.601918629386122e-09,0.8885278682126767,3657,False
2021,Nigeria,Yemen,0.271,0.0,14.760147601476014,0.1636,3.862107572328081e-09,2610,1.6957810490767153e-09,0.8885278699084578,3644,False
2021,Senegal,Germany,0.192,0.0,218.75,0.23179999999999998,3.856679803137119e-09,2611,1.2014389720395915e-09,0.8885278711098967,3719,False
2021,Saudi Arabia,United Arab Emirates,0.095,0.0,115.78947368421052,0.46979999999999994,3.854084920717449e-09,2612,5.944619913737562e-10,0.8885278717043588,3909,False
2021,Costa Rica,Honduras,0.18,0.0,61.111111111111114,0.24520000000000003,3.834293722041954e-09,2613,1.1263490362871171e-09,0.8885278728307078,3731,False
2021,Cyprus,Lebanon,0.17500000000000002,0.0,34.285714285714285,0.2521,3.8339416482901765e-09,2614,1.0950615630569194e-09,0.8885278739257694,3738,False
2021,Bulgaria,Poland,0.29900000000000004,0.0,193.97993311036785,0.1743,3.804978375690695e-09,2615,1.8709908991658225e-09,0.8885278757967603,3629,False
2021,Saudi Arabia,Bahrain,0.28300000000000003,0.0,74.20494699646642,0.30799999999999994,3.785279257520426e-09,2616,1.7708709848291897e-09,0.8885278775676313,3638,False
2021,Sri Lanka,Belgium,0.10200000000000001,0.0,78.4313725490196,0.4251,3.749624103418707e-09,2617,6.382644538960331e-10,0.8885278782058957,3886,False
2021,"Korea, Republic of",Guinea,0.249,0.0,4.016064257028113,0.1696,3.678235160610971e-09,2618,1.5581161668638453e-09,0.8885278797640119,3666,False
2021,China,Montenegro,0.258,0.0,131.7829457364341,0.17,3.6383180652151305e-09,2619,1.6144336186782011e-09,0.8885278813784455,3655,False
2021,Viet Nam,Montenegro,0.262,0.0,148.85496183206106,0.1571,3.576316755382422e-09,2620,1.6394635972623593e-09,0.8885278830179091,3650,False
2021,Argentina,Saint Kitts and Nevis,0.25,0.0,152.0,0.1638,3.557195088615447e-09,2621,1.5643736615098848e-09,0.8885278845822827,3661,False
2021,Lebanon,"Congo, Dem. Rep. of the",0.511,0.0,90.01956947162427,0.1595,3.554345232949276e-09,2622,3.1975797641262046e-09,0.8885278877798625,3487,False
2021,Bangladesh,Netherlands (Kingdom of the),0.212,0.0,169.81132075471697,0.1922,3.535815077186875e-09,2623,1.3265888649603823e-09,0.8885278891064513,3699,False
2021,Bulgaria,Lithuania,0.333,0.0,93.09309309309309,0.12090000000000001,3.5044829210288477e-09,2624,2.0837457171311667e-09,0.888527891190197,3597,False
2021,Philippines,Indonesia,0.151,0.0,298.0132450331126,0.266,3.4706616360984227e-09,2625,9.448816915519704e-10,0.8885278921350788,3784,False
2021,Latvia,Jordan,0.321,0.0,56.074766355140184,0.124,3.4667559171496615e-09,2626,2.0086557813786923e-09,0.8885278941437346,3609,False
2021,Bulgaria,Thailand,0.229,0.0,61.135371179039296,0.1737,3.4597630470924384e-09,2627,1.4329662739430546e-09,0.8885278955767009,3682,False
2021,Syrian Arab Republic,Kuwait,0.5700000000000001,0.0,147.36842105263156,0.11589999999999998,3.441156276754962e-09,2628,3.5667719482425376e-09,0.8885278991434729,3459,False
2021,"Korea, Republic of",Gambia,0.229,0.0,541.4847161572052,0.1733,3.4216841087373452e-09,2629,1.4329662739430546e-09,0.8885279005764392,3682,False
2021,Poland,Egypt,0.159,0.0,220.125786163522,0.2748,3.418048556871527e-09,2630,9.949416487202866e-10,0.8885279015713808,3774,False
2021,Argentina,Jamaica,0.166,0.0,42.16867469879518,0.2332,3.3625886845010106e-09,2631,1.0387441112425636e-09,0.8885279026101249,3758,False
2021,India,Honduras,0.21,0.0,133.33333333333334,0.1839,3.3532806211487645e-09,2632,1.3140738756683032e-09,0.8885279039241988,3702,False
2021,Argentina,Singapore,0.116,0.0,146.55172413793102,0.3335,3.3452698634499852e-09,2633,7.258693789405866e-10,0.8885279046500681,3847,False
2021,Slovenia,Malta,0.14,0.0,35.71428571428571,0.274,3.3287218433587114e-09,2634,8.760492504455356e-10,0.8885279055261174,3805,False
2021,Greece,Georgia,0.214,0.0,144.85981308411215,0.22699999999999998,3.307862726325025e-09,2635,1.3391038542524613e-09,0.8885279068652212,3696,False
2021,Cyprus,Germany,0.134,0.0,82.08955223880596,0.2734,3.1753861210436164e-09,2636,8.385042825692983e-10,0.8885279077037255,3817,False
2021,Japan,Antigua and Barbuda,0.225,0.0,204.44444444444443,0.1598,3.118923455995056e-09,2637,1.4079362953588964e-09,0.8885279091116618,3685,False
2021,Mexico,Bahrain,0.182,0.0,357.14285714285717,0.1983,3.1186887920665374e-09,2638,1.1388640255791962e-09,0.8885279102505258,3726,False
2021,Viet Nam,Slovenia,0.138,0.0,123.18840579710144,0.2551,3.0496712200577706e-09,2639,8.635342611534565e-10,0.88852791111406,3809,False
2021,Philippines,Norway,0.32,0.0,137.5,0.10839999999999998,3.016677900107596e-09,2640,2.0023982867326528e-09,0.8885279131164583,3612,False
2021,United States of America,Maldives,0.2,0.0,115.0,0.17279999999999998,3.0011206903058674e-09,2641,1.2514989292079078e-09,0.8885279143679572,3709,False
2021,Ghana,Denmark,0.156,0.0,70.51282051282051,0.2189,2.963569952447171e-09,2642,9.76169164782168e-10,0.8885279153441263,3778,False
2021,Latvia,Mauritania,0.20800000000000002,0.0,67.3076923076923,0.1636,2.958125877487872e-09,2643,1.3015588863762243e-09,0.8885279166456852,3705,False
2021,Philippines,India,0.225,0.0,186.66666666666666,0.21269999999999997,2.957731837919606e-09,2644,1.4079362953588964e-09,0.8885279180536215,3685,False
2021,Mexico,Jamaica,0.1,0.0,80.0,0.3421,2.957679739048543e-09,2645,6.257494646039539e-10,0.888527918679371,3889,False
2021,Belgium,Mauritius,0.13,0.0,276.9230769230769,0.2625,2.9466287675547163e-09,2646,8.134743039851401e-10,0.8885279194928453,3824,False
2021,Portugal,Benin,0.155,0.0,219.3548387096774,0.21949999999999997,2.9445385595775167e-09,2647,9.699116701361285e-10,0.888527920462757,3779,False
2021,Iraq,Germany,0.14100000000000001,0.0,170.2127659574468,0.24110000000000004,2.942901851947833e-09,2648,8.823067450915751e-10,0.8885279213450638,3802,False
2021,Estonia,Norway,0.17,0.0,17.64705882352941,0.2161,2.939638819232681e-09,2649,1.0637740898267217e-09,0.8885279224088378,3746,False
2021,Slovenia,France,0.135,0.0,214.8148148148148,0.2513,2.933561496449785e-09,2650,8.447617772153379e-10,0.8885279232535996,3815,False
2021,Romania,Iceland,0.3,0.0,46.66666666666667,0.1117,2.918435859527864e-09,2651,1.8772483938118616e-09,0.888527925130848,3627,False
2021,United Kingdom,New Zealand,0.136,0.0,551.470588235294,0.2492,2.912787817883985e-09,2652,8.510192718613774e-10,0.8885279259818673,3814,False
2021,Peru,Bahrain,0.174,0.0,229.8850574712644,0.2436,2.910022713006491e-09,2653,1.0888040684108797e-09,0.8885279270706713,3742,False
2021,Russian Federation,Singapore,0.116,0.0,198.2758620689655,0.289,2.8961722153616032e-09,2654,7.258693789405866e-10,0.8885279277965407,3847,False
2021,Pakistan,French Polynesia,0.181,0.0,110.49723756906077,0.1802,2.8310626828890473e-09,2655,1.1326065309331566e-09,0.8885279289291472,3728,False
2021,Senegal,Belgium,0.11800000000000001,0.0,84.7457627118644,0.2771,2.8310518294379806e-09,2656,7.383843682326657e-10,0.8885279296675316,3846,False
2021,Poland,French Polynesia,0.181,0.0,287.292817679558,0.17909999999999998,2.8047385299342712e-09,2657,1.1326065309331566e-09,0.8885279308001381,3728,False
2021,Germany,Peru,0.197,0.0,304.56852791878174,0.31399999999999995,2.803040860522132e-09,2658,1.2327264452697892e-09,0.8885279320328646,3713,False
2021,Belgium,Russian Federation,0.10400000000000001,0.0,105.76923076923076,0.3083,2.7718534499718134e-09,2659,6.507794431881122e-10,0.888527932683644,3877,False
2021,Gabon,Antigua and Barbuda,0.2,0.0,40.0,0.15669999999999998,2.725212850234685e-09,2660,1.2514989292079078e-09,0.888527933935143,3709,False
2021,Nicaragua,Guatemala,0.123,0.0,65.04065040650407,0.2538,2.704782428019428e-09,2661,7.696718414628633e-10,0.8885279347048148,3839,False
2021,Costa Rica,United States of America,0.1,0.0,250.0,0.3132,2.699457427424197e-09,2662,6.257494646039539e-10,0.8885279353305643,3889,False
2021,China,Belize,0.25,0.0,152.0,0.1768,2.6625299906694295e-09,2663,1.5643736615098848e-09,0.8885279368949379,3661,False
2021,"Korea, Republic of",Iceland,0.17500000000000002,0.0,62.857142857142854,0.1748,2.656983068485924e-09,2664,1.0950615630569194e-09,0.8885279379899995,3738,False
2021,Lithuania,Egypt,0.166,0.0,66.26506024096385,0.1834,2.6433489938831632e-09,2665,1.0387441112425636e-09,0.8885279390287436,3758,False
2021,France,Dominican Republic,0.09,0.0,400.0,0.3411,2.635739576828312e-09,2666,5.631745181435586e-10,0.8885279395919181,3919,False
2021,Ireland,Iceland,0.18,0.0,27.77777777777778,0.168,2.6286757469358227e-09,2667,1.1263490362871171e-09,0.8885279407182671,3731,False
2021,Russian Federation,Mauritius,0.15,0.0,300.0,0.202,2.6179495896571407e-09,2668,9.386241969059308e-10,0.8885279416568913,3788,False
2021,Indonesia,Iceland,0.19,0.0,36.8421052631579,0.158,2.609889635705465e-09,2669,1.1889239827475125e-09,0.8885279428458153,3720,False
2021,Japan,Sri Lanka,0.076,0.0,592.1052631578948,0.4013,2.6039580071207243e-09,2670,4.755695930990049e-10,0.8885279433213848,3953,False
2021,El Salvador,Honduras,0.126,0.0,79.36507936507937,0.236,2.5762612595240057e-09,2671,7.88444325400982e-10,0.8885279441098292,3832,False
2021,Morocco,Kuwait,0.161,0.0,74.53416149068323,0.184,2.5712470442291472e-09,2672,1.007456638012366e-09,0.8885279451172858,3768,False
2021,Sri Lanka,Finland,0.162,0.0,172.8395061728395,0.1813,2.5447988120428772e-09,2673,1.0137141326584055e-09,0.888527946131,3764,False
2021,Saudi Arabia,"Korea, Republic of",0.066,0.0,166.66666666666666,0.4474,2.5356417369719036e-09,2674,4.129946466386096e-10,0.8885279465439946,3978,False
2021,Nigeria,Norway,0.17,0.0,129.41176470588235,0.1719,2.534751766561377e-09,2675,1.0637740898267217e-09,0.8885279476077687,3746,False
2021,Jamaica,Belize,0.13,0.0,69.23076923076923,0.2241,2.5251047753197998e-09,2676,8.134743039851401e-10,0.8885279484212429,3824,False
2021,France,Saint Lucia,0.171,0.0,210.52631578947367,0.1694,2.508962408568204e-09,2677,1.0700315844727613e-09,0.8885279494912746,3744,False
2021,Pakistan,Guinea,0.168,0.0,35.714285714285715,0.1696,2.4754517280317562e-09,2678,1.0512591005346427e-09,0.8885279505425336,3753,False
2021,Yemen,United Arab Emirates,0.3,0.0,63.333333333333336,0.2167,2.4712077786925317e-09,2679,1.8772483938118616e-09,0.888527952419782,3627,False
2021,Netherlands (Kingdom of the),Georgia,0.17,0.0,258.8235294117647,0.1718,2.4683300749468614e-09,2680,1.0637740898267217e-09,0.8885279534835561,3746,False
2021,Netherlands (Kingdom of the),Saudi Arabia,0.08,0.0,500.0,0.39139999999999997,2.361416100455479e-09,2681,5.005995716831632e-10,0.8885279539841556,3942,False
2021,Philippines,Uruguay,0.133,0.0,112.78195488721803,0.2037,2.3467623786336934e-09,2682,8.322467879232587e-10,0.8885279548164025,3819,False
2021,Georgia,France,0.158,0.0,291.1392405063291,0.1718,2.3464788187457515e-09,2683,9.886841540742471e-10,0.8885279558050866,3776,False
2021,Japan,Morocco,0.068,0.0,279.4117647058823,0.4023,2.345370916950899e-09,2684,4.255096359306887e-10,0.8885279562305962,3975,False
2021,Norway,Iceland,0.125,0.0,40.0,0.2144,2.3234044745488526e-09,2685,7.821868307549424e-10,0.8885279570127831,3834,False
2021,Malaysia,Ireland,0.148,0.0,128.3783783783784,0.1812,2.2926659741660382e-09,2686,9.261092076138517e-10,0.8885279579388923,3792,False
2021,Croatia,Ireland,0.313,0.0,70.28753993610223,0.1594,2.27685979521634e-09,2687,1.9585958242103756e-09,0.8885279598974881,3617,False
2021,Thailand,Montenegro,0.23600000000000002,0.0,360.1694915254237,0.1112,2.2704889827708674e-09,2688,1.4767687364653313e-09,0.8885279613742568,3673,False
2021,Indonesia,"Korea, Republic of",0.10700000000000001,0.0,140.18691588785043,0.2817,2.2413843848626474e-09,2689,6.695519271262308e-10,0.8885279620438088,3865,False
2021,Japan,Denmark,0.095,0.0,284.2105263157895,0.272,2.2245668298839218e-09,2690,5.944619913737562e-10,0.8885279626382708,3909,False
2021,Peru,France,0.08,0.0,937.5,0.3256,2.2113404176684576e-09,2691,5.005995716831632e-10,0.8885279631388704,3942,False
2021,Belgium,Saudi Arabia,0.065,0.0,200.0,0.3961,2.2090211980729904e-09,2692,4.0673715199257005e-10,0.8885279635456076,3983,False
2021,Italy,Bahamas,0.081,0.0,148.14814814814815,0.3093,2.158215342698816e-09,2693,5.068570663292027e-10,0.8885279640524647,3940,False
2021,Italy,Brunei Darussalam,0.14200000000000002,0.0,49.29577464788732,0.175,2.1560668475719815e-09,2694,8.885642397376146e-10,0.8885279649410289,3800,False
2021,New Zealand,Norway,0.153,0.0,78.43137254901961,0.1611,2.138525247297306e-09,2695,9.573966808440494e-10,0.8885279658984256,3782,False
2021,Lithuania,Lebanon,0.135,0.0,81.48148148148148,0.1824,2.134424616966681e-09,2696,8.447617772153379e-10,0.8885279667431875,3815,False
2021,Greece,Iran (Islamic Republic of),0.108,0.0,592.5925925925926,0.2297,2.126397460694763e-09,2697,6.758094217722702e-10,0.8885279674189969,3863,False
2021,Senegal,Ukraine,0.13,0.0,846.1538461538461,0.1902,2.112884860792218e-09,2698,8.134743039851401e-10,0.8885279682324712,3824,False
2021,United Arab Emirates,Singapore,0.052000000000000005,0.0,115.38461538461537,0.474,2.10975549981899e-09,2699,3.253897215940561e-10,0.8885279685578609,4028,False
2021,Latvia,Morocco,0.133,0.0,45.11278195488722,0.1817,2.095882359326901e-09,2700,8.322467879232587e-10,0.8885279693901077,3819,False
2021,Greece,Norway,0.189,0.0,264.55026455026456,0.1686,2.089419338055433e-09,2701,1.182666488101473e-09,0.8885279705727742,3721,False
2021,Philippines,Cyprus,0.17500000000000002,0.0,148.57142857142856,0.1364,2.0700705336606135e-09,2702,1.0950615630569194e-09,0.8885279716678358,3738,False
2021,Australia,Romania,0.111,0.0,1171.1711711711712,0.21659999999999996,2.0394751061869596e-09,2703,6.945819057103888e-10,0.8885279723624178,3853,False
2021,Lithuania,Algeria,0.139,0.0,50.35971223021582,0.1676,2.0209230225842825e-09,2704,8.69791755799496e-10,0.8885279732322096,3807,False
2021,Jordan,Cyprus,0.12,0.0,58.333333333333336,0.1943,2.0200101502522255e-09,2705,7.508993575247446e-10,0.8885279739831089,3845,False
2021,Thailand,Honduras,0.124,0.0,120.96774193548387,0.1868,2.0050329446279654e-09,2706,7.759293361089029e-10,0.8885279747590382,3838,False
2021,Spain,Georgia,0.132,0.0,121.2121212121212,0.1751,2.0016818060849054e-09,2707,8.259892932772192e-10,0.8885279755850275,3822,False
2021,Bulgaria,Yemen,0.196,0.0,61.224489795918366,0.11660000000000001,1.986296828728822e-09,2708,1.2264689506237497e-09,0.8885279768114964,3715,False
2021,Belgium,Cabo Verde,0.138,0.0,43.47826086956521,0.1652,1.977796215883826e-09,2709,8.635342611534565e-10,0.8885279776750307,3809,False
2021,United Kingdom,Barbados,0.14300000000000002,0.0,132.86713286713285,0.2299,1.969918092442184e-09,2710,8.948217343836542e-10,0.8885279785698524,3797,False
2021,Japan,Chile,0.10400000000000001,0.0,1201.923076923077,0.32919999999999994,1.961385067970495e-09,2711,6.507794431881122e-10,0.8885279792206319,3877,False
2021,Ecuador,Netherlands (Kingdom of the),0.07,0.0,114.28571428571428,0.3248,1.9559484152711987e-09,2712,4.380246252227678e-10,0.8885279796586565,3969,False
2021,United Arab Emirates,Mauritius,0.069,0.0,420.28985507246375,0.3307,1.951698958331482e-09,2713,4.3176713057672825e-10,0.8885279800904237,3971,False
2021,France,Sri Lanka,0.054,0.0,129.62962962962962,0.4216,1.949609374518026e-09,2714,3.379047108861351e-10,0.8885279804283284,4022,False
2021,China,Mauritania,0.128,0.0,39.0625,0.1755,1.94789968897427e-09,2715,8.00959314693061e-10,0.8885279812292877,3827,False
2021,China,Guyana,0.128,0.0,390.625,0.1754,1.9343652192595055e-09,2716,8.00959314693061e-10,0.888527982030247,3827,False
2021,United Kingdom,Nicaragua,0.1,0.0,130.0,0.2199,1.8994533496563064e-09,2717,6.257494646039539e-10,0.8885279826559964,3889,False
2021,Viet Nam,Georgia,0.133,0.0,157.89473684210526,0.1644,1.89244650626539e-09,2718,8.322467879232587e-10,0.8885279834882432,3819,False
2021,United Kingdom,Gambia,0.125,0.0,184.0,0.1733,1.8731036460808422e-09,2719,7.821868307549424e-10,0.8885279842704301,3834,False
2021,Spain,Barbados,0.096,0.0,281.25,0.2232,1.8449726795891092e-09,2720,6.007194860197958e-10,0.8885279848711496,3905,False
2021,Ghana,New Zealand,0.10300000000000001,0.0,77.66990291262135,0.2058,1.8332715691387474e-09,2721,6.445219485420726e-10,0.8885279855156716,3882,False
2021,Germany,Cameroon,0.15200000000000002,0.0,256.578947368421,0.21779999999999997,1.8208784709179097e-09,2722,9.5113918619801e-10,0.8885279864668107,3783,False
2021,Syrian Arab Republic,Bahrain,0.189,0.0,95.23809523809524,0.1151,1.7912779508545063e-09,2723,1.182666488101473e-09,0.8885279876494773,3721,False
2021,France,Saint Vincent and the Grenadines,0.123,0.0,1154.4715447154472,0.1713,1.7894471057295244e-09,2724,7.696718414628633e-10,0.8885279884191492,3839,False
2021,Panama,Guatemala,0.064,0.0,78.125,0.3244,1.7848390765575163e-09,2725,4.004796573465305e-10,0.8885279888196288,3990,False
2021,Colombia,Guatemala,0.065,0.0,553.8461538461538,0.3217,1.7825395433620758e-09,2726,4.0673715199257005e-10,0.888527989226366,3983,False
2021,Yemen,Kuwait,0.258,0.0,108.52713178294573,0.1708,1.7709824703121054e-09,2727,1.6144336186782011e-09,0.8885279908407996,3655,False
2021,Morocco,Netherlands (Kingdom of the),0.047,0.0,85.1063829787234,0.4549,1.7494293677901584e-09,2728,2.9410224836385835e-10,0.8885279911349019,4050,False
2021,Chile,Philippines,0.1,0.0,330.0,0.201,1.7298848082619843e-09,2729,6.257494646039539e-10,0.8885279917606513,3889,False
2021,United Arab Emirates,Madagascar,0.162,0.0,104.93827160493827,0.1792,1.7148328088185527e-09,2730,1.0137141326584055e-09,0.8885279927743654,3764,False
2021,Poland,Mozambique,0.109,0.0,100.91743119266054,0.1812,1.7083614408171284e-09,2731,6.820669164183097e-10,0.8885279934564324,3859,False
2021,Mexico,Cyprus,0.095,0.0,94.73684210526315,0.2077,1.7045546949778506e-09,2732,5.944619913737562e-10,0.8885279940508944,3909,False
2021,France,Jordan,0.069,0.0,289.85507246376807,0.288,1.7037481511448335e-09,2733,4.3176713057672825e-10,0.8885279944826616,3971,False
2021,Saudi Arabia,Senegal,0.099,0.0,151.5151515151515,0.1992,1.7026041186649262e-09,2734,6.194919699579144e-10,0.8885279951021536,3897,False
2021,Egypt,Denmark,0.074,0.0,40.54054054054054,0.2654,1.6931595019262528e-09,2735,4.630546038069259e-10,0.8885279955652082,3960,False
2021,Peru,El Salvador,0.10400000000000001,0.0,269.2307692307692,0.18750000000000003,1.6807604018443952e-09,2736,6.507794431881122e-10,0.8885279962159877,3877,False
2021,Panama,Barbados,0.107,0.0,93.45794392523365,0.18159999999999998,1.6806543093133393e-09,2737,6.695519271262307e-10,0.8885279968855396,3867,False
2021,Guatemala,Nicaragua,0.079,0.0,341.7721518987342,0.2538,1.6769022056091958e-09,2738,4.943420770371236e-10,0.8885279973798818,3945,False
2021,Japan,Myanmar,0.107,0.0,878.5046728971963,0.1827,1.6667140609447534e-09,2739,6.695519271262307e-10,0.8885279980494337,3867,False
2021,Poland,Cyprus,0.093,0.0,86.02150537634408,0.2069,1.6621250101314349e-09,2740,5.819470020816772e-10,0.8885279986313808,3914,False
2021,Indonesia,Guinea,0.171,0.0,40.93567251461988,0.11149999999999999,1.6565126892163484e-09,2741,1.0700315844727613e-09,0.8885279997014124,3744,False
2021,Germany,Bahrain,0.08800000000000001,0.0,329.5454545454545,0.2364,1.6319316795555248e-09,2742,5.506595288514795e-10,0.8885280002520719,3924,False
2021,Greece,Lithuania,0.1,0.0,100.0,0.18750000000000003,1.620471955419584e-09,2743,6.257494646039539e-10,0.8885280008778214,3889,False
2021,Nigeria,Sierra Leone,0.105,0.0,333.33333333333337,0.1745,1.5775687078976063e-09,2744,6.570369378341516e-10,0.8885280015348583,3875,False
2021,Peru,Kuwait,0.14300000000000002,0.0,146.85314685314682,0.1266,1.5680400410854465e-09,2745,8.948217343836542e-10,0.8885280024296801,3797,False
2021,Ukraine,Montenegro,0.109,0.0,385.3211009174312,0.16479999999999997,1.5457106877093913e-09,2746,6.820669164183097e-10,0.8885280031117471,3859,False
2021,France,Bahrain,0.104,0.0,432.69230769230774,0.2328,1.5329088162970405e-09,2747,6.507794431881121e-10,0.8885280037625265,3881,False
2021,South Africa,Maldives,0.1,0.0,190.0,0.1748,1.5082410373026958e-09,2748,6.257494646039539e-10,0.888528004388276,3889,False
2021,"Korea, Republic of",Pakistan,0.057,0.0,0.0,0.3045,1.4913134265768153e-09,2749,3.5667719482425376e-10,0.8885280047449532,4009,False
2021,Uruguay,Cameroon,0.08600000000000001,0.0,127.90697674418604,0.2004,1.4862825503540452e-09,2750,5.381445395594004e-10,0.8885280052830977,3929,False
2021,Senegal,Madagascar,0.146,0.0,349.3150684931507,0.1178,1.4843834752404776e-09,2751,9.135942183217727e-10,0.8885280061966919,3794,False
2021,Pakistan,Antigua and Barbuda,0.107,0.0,84.11214953271028,0.1598,1.479152910738106e-09,2752,6.695519271262307e-10,0.8885280068662439,3867,False
2021,Mexico,Kuwait,0.108,0.0,296.2962962962963,0.1575,1.4659437809522928e-09,2753,6.758094217722702e-10,0.8885280075420533,3863,False
2021,Belgium,Benin,0.061,0.0,131.14754098360655,0.2798,1.4647317857826218e-09,2754,3.817071734084119e-10,0.8885280079237605,3998,False
2021,Guinea,Sierra Leone,0.165,0.0,709.090909090909,0.1728,1.448306174747716e-09,2755,1.032486616596524e-09,0.8885280089562472,3761,False
2021,South Africa,Argentina,0.055,0.0,945.4545454545455,0.3117,1.4468080640290337e-09,2756,3.4416220553217464e-10,0.8885280093004094,4017,False
2021,Bulgaria,Montenegro,0.139,0.0,143.88489208633092,0.1623,1.4103380827434128e-09,2757,8.69791755799496e-10,0.8885280101702012,3807,False
2021,Peru,Ireland,0.088,0.0,102.27272727272728,0.1828,1.388297553817482e-09,2758,5.506595288514794e-10,0.8885280107208607,3926,False
2021,Portugal,Norway,0.09,0.0,111.11111111111111,0.17729999999999999,1.377260492497359e-09,2759,5.631745181435586e-10,0.8885280112840352,3919,False
2021,Lebanon,Iran (Islamic Republic of),0.07,0.0,642.8571428571428,0.22969999999999996,1.3699643568968403e-09,2760,4.380246252227678e-10,0.8885280117220599,3969,False
2021,France,Sao Tome and Principe,0.14600000000000002,0.0,191.7808219178082,0.1652,1.3688822754443007e-09,2761,9.135942183217729e-10,0.8885280126356541,3793,False
2021,United Kingdom,Kenya,0.161,0.0,242.2360248447205,0.20859999999999998,1.343977391127231e-09,2762,1.007456638012366e-09,0.8885280136431107,3768,False
2021,Portugal,Russian Federation,0.069,0.0,202.89855072463766,0.2249,1.3325714844668504e-09,2763,4.3176713057672825e-10,0.8885280140748779,3971,False
2021,Estonia,Mauritania,0.092,0.0,65.21739130434783,0.1636,1.300481520790666e-09,2764,5.756895074356376e-10,0.8885280146505674,3916,False
2021,Iran (Islamic Republic of),India,0.063,0.0,95.23809523809524,0.2362,1.2785397003955507e-09,2765,3.94222162700491e-10,0.8885280150447896,3994,False
2021,Malaysia,"Korea, Republic of",0.03,0.0,166.66666666666669,0.5049,1.2766796147627766e-09,2766,1.8772483938118616e-10,0.8885280152325145,4121,False
2021,Guinea,United Arab Emirates,0.099,0.0,212.12121212121212,0.17009999999999997,1.259366396440088e-09,2767,6.194919699579144e-10,0.8885280158520065,3897,False
2021,Morocco,Saudi Arabia,0.038,0.0,131.57894736842107,0.3868,1.2486592197489986e-09,2768,2.3778479654950247e-10,0.8885280160897913,4088,False
2021,Latvia,Kenya,0.116,0.0,77.58620689655172,0.1237,1.2423657252701007e-09,2769,7.258693789405866e-10,0.8885280168156606,3847,False
2021,Philippines,France,0.07200000000000001,0.0,819.4444444444443,0.201,1.2295428497484336e-09,2770,4.5053961451484685e-10,0.8885280172662002,3964,False
2021,Spain,Madagascar,0.083,0.0,325.3012048192771,0.1723,1.2283504879752287e-09,2771,5.193720556212818e-10,0.8885280177855723,3936,False
2021,Guatemala,Honduras,0.055,0.0,72.72727272727273,0.2577,1.215425748481069e-09,2772,3.4416220553217464e-10,0.8885280181297346,4017,False
2021,United Kingdom,Bahrain,0.113,0.0,292.0353982300885,0.2364,1.204718720437787e-09,2773,7.07096895002468e-10,0.8885280188368315,3852,False
2021,Japan,Slovenia,0.054,0.0,851.8518518518518,0.2637,1.2034166465777134e-09,2774,3.379047108861351e-10,0.8885280191747362,4022,False
2021,"Korea, Republic of",Finland,0.083,0.0,168.67469879518072,0.18849999999999997,1.1922324042905148e-09,2775,5.193720556212818e-10,0.8885280196941083,3936,False
2021,Mexico,Finland,0.075,0.0,973.3333333333334,0.1854,1.1786864168858103e-09,2776,4.693120984529654e-10,0.8885280201634205,3955,False
2021,United Kingdom,Russian Federation,0.046,0.0,130.43478260869566,0.296,1.1621682304425448e-09,2777,2.878447537178188e-10,0.8885280204512652,4054,False
2021,Poland,Romania,0.06,0.0,133.33333333333334,0.2245,1.155607204545479e-09,2778,3.754496787623723e-10,0.8885280208267149,4001,False
2021,New Zealand,Finland,0.10300000000000001,0.0,184.4660194174757,0.1748,1.1451549229515123e-09,2779,6.445219485420726e-10,0.8885280214712369,3882,False
2021,Lithuania,Senegal,0.07200000000000001,0.0,69.44444444444444,0.1806,1.1200108903899224e-09,2780,4.5053961451484685e-10,0.8885280219217765,3964,False
2021,Belize,United Arab Emirates,0.075,0.0,106.66666666666667,0.1724,1.1135799756725818e-09,2781,4.693120984529654e-10,0.8885280223910886,3955,False
2021,Syrian Arab Republic,Belgium,0.058,0.0,137.9310344827586,0.221,1.0989367611469825e-09,2782,3.629346894702933e-10,0.8885280227540233,4006,False
2021,New Zealand,Bahrain,0.062,0.0,596.7741935483871,0.2074,1.094472756767948e-09,2783,3.8796466805445144e-10,0.888528023141988,3995,False
2021,Panama,United States of America,0.03,0.0,200.0,0.4329,1.0939580055039812e-09,2784,1.8772483938118616e-10,0.8885280233297128,4121,False
2021,"Tanzania, United Republic of","Congo, Dem. Rep. of the",0.079,0.0,25.31645569620253,0.1565,1.0670949155349654e-09,2785,4.943420770371236e-10,0.8885280238240549,3945,False
2021,Japan,Angola,0.061,0.0,98.36065573770492,0.2011,1.053370889675951e-09,2786,3.817071734084119e-10,0.8885280242057622,3998,False
2021,Senegal,Ghana,0.044,0.0,500.00000000000006,0.2787,1.0385845930371358e-09,2787,2.753297644257397e-10,0.8885280244810919,4060,False
2021,Malaysia,United Arab Emirates,0.027,0.0,74.07407407407408,0.4547,1.0325424883699417e-09,2788,1.6895235544306755e-10,0.8885280246500443,4137,False
2021,Netherlands (Kingdom of the),Senegal,0.047,0.0,297.8723404255319,0.2575,1.030328138638884e-09,2789,2.9410224836385835e-10,0.8885280249441466,4050,False
2021,Cambodia,Montenegro,0.106,0.0,311.3207547169811,0.1117,1.0199442354404748e-09,2790,6.632944324801911e-10,0.888528025607441,3873,False
2021,Japan,Kuwait,0.15700000000000003,0.0,388.53503184713367,0.17809999999999998,1.0107418175678578e-09,2791,9.824266594282078e-10,0.8885280265898677,3777,False
2021,Netherlands (Kingdom of the),Croatia,0.051000000000000004,0.0,196.078431372549,0.2567,9.923368730422613e-10,2792,3.1913222694801655e-10,0.888528026909,4032,False
2021,Brazil,Madagascar,0.096,0.0,31.25,0.1184,9.831564734636494e-10,2793,6.007194860197958e-10,0.8885280275097195,3905,False
2021,Liberia,Ghana,0.052000000000000005,0.0,134.6153846153846,0.2207,9.819836751249126e-10,2794,3.253897215940561e-10,0.8885280278351092,4028,False
2021,Italy,Iran (Islamic Republic of),0.055,0.0,563.6363636363636,0.2092,9.778802107714723e-10,2795,3.4416220553217464e-10,0.8885280281792715,4017,False
2021,Libya,Bahrain,0.065,0.0,400.0,0.1732,9.624066902264807e-10,2796,4.0673715199257005e-10,0.8885280285860087,3983,False
2021,Jamaica,Saint Vincent and the Grenadines,0.049,0.0,102.0408163265306,0.226,9.469752345429851e-10,2797,3.066172376559374e-10,0.8885280288926259,4041,False
2021,Malaysia,Kuwait,0.059000000000000004,0.0,440.6779661016949,0.1874,9.429863663108463e-10,2798,3.6919218411633283e-10,0.8885280292618182,4004,False
2021,Estonia,Ireland,0.064,0.0,78.125,0.1694,9.320337224686907e-10,2799,4.004796573465305e-10,0.8885280296622978,3990,False
2021,France,Grenada,0.064,0.0,875.0,0.171,9.272170389729883e-10,2800,4.004796573465305e-10,0.8885280300627775,3990,False
2021,Netherlands (Kingdom of the),Indonesia,0.049,0.0,183.6734693877551,0.2204,9.221402315860645e-10,2801,3.066172376559374e-10,0.8885280303693948,4041,False
2021,Japan,"Tanzania, United Republic of",0.056,0.0,53.57142857142857,0.1918,9.216852473662378e-10,2802,3.504197001782142e-10,0.8885280307198145,4013,False
2021,France,Guatemala,0.04,0.0,775.0,0.2738,9.207518512363177e-10,2803,2.502997858415816e-10,0.8885280309701142,4074,False
2021,Senegal,Kuwait,0.084,0.0,71.42857142857143,0.127,9.20687639187067e-10,2804,5.256295502673213e-10,0.8885280314957438,3934,False
2021,United Kingdom,Maldives,0.062,0.0,387.0967741935484,0.1728,9.153911978370866e-10,2805,3.8796466805445144e-10,0.8885280318837084,3995,False
2021,Estonia,"Korea, Republic of",0.06,0.0,33.333333333333336,0.1739,8.96772963148296e-10,2806,3.754496787623723e-10,0.8885280322591581,4001,False
2021,Mozambique,Netherlands (Kingdom of the),0.042,0.0,71.42857142857143,0.2439,8.734260813117116e-10,2807,2.6281477513366067e-10,0.8885280325219729,4066,False
2021,United Kingdom,Norway,0.087,0.0,103.44827586206897,0.23940000000000003,8.625048629811027e-10,2808,5.444020342054398e-10,0.888528033066375,3928,False
2021,"Korea, Republic of",Solomon Islands,0.041,0.0,73.17073170731707,0.2458,8.587339354172491e-10,2809,2.5655728048762113e-10,0.8885280333229323,4070,False
2021,Germany,Guinea,0.056,0.0,71.42857142857143,0.1724,8.28190892208687e-10,2810,3.504197001782142e-10,0.888528033673352,4013,False
2021,Ireland,Malta,0.101,0.0,178.21782178217822,0.18359999999999999,8.183066935952365e-10,2811,6.320069592499935e-10,0.888528034305359,3888,False
2021,France,Kenya,0.052000000000000005,0.0,326.9230769230769,0.20929999999999999,7.955125057204616e-10,2812,3.253897215940561e-10,0.8885280346307487,4028,False
2021,Ecuador,Honduras,0.049,0.0,489.7959183673469,0.191,7.946798035400608e-10,2813,3.066172376559374e-10,0.888528034937366,4041,False
2021,Kenya,Bahrain,0.066,0.0,303.030303030303,0.19639999999999996,7.751763131805862e-10,2814,4.129946466386096e-10,0.8885280353503606,3978,False
2021,Belgium,Angola,0.034,0.0,529.4117647058823,0.2694,7.700414131582538e-10,2815,2.1275481796534436e-10,0.8885280355631154,4101,False
2021,"Korea, Republic of",Tunisia,0.053,0.0,207.54716981132077,0.1689,7.652236437902534e-10,2816,3.3164721624009557e-10,0.8885280358947627,4025,False
2021,United Kingdom,"China, Hong Kong SAR",0.021,0.0,285.7142857142857,0.4368000000000001,7.600626932804331e-10,2817,1.3140738756683033e-10,0.8885280360261701,4188,False
2021,Madagascar,Bahrain,0.052000000000000005,0.0,115.38461538461537,0.1691,7.526575000409098e-10,2818,3.253897215940561e-10,0.8885280363515599,4028,False
2021,Netherlands (Kingdom of the),Lebanon,0.066,0.0,166.66666666666666,0.30429999999999996,7.509712564962853e-10,2819,4.129946466386096e-10,0.8885280367645545,3978,False
2021,Germany,Kuwait,0.098,0.0,244.89795918367346,0.1842,7.386056769097154e-10,2820,6.132344753118748e-10,0.888528037377789,3901,False
2021,Oman,Kuwait,0.036000000000000004,0.0,55.55555555555555,0.2399,7.335909905611159e-10,2821,2.2526980725742343e-10,0.8885280376030588,4095,False
2021,South Africa,Norway,0.05,0.0,140.0,0.17069999999999996,7.296571322953412e-10,2822,3.1287473230197696e-10,0.8885280379159335,4039,False
2021,Iran (Islamic Republic of),Netherlands (Kingdom of the),0.039,0.0,179.48717948717947,0.2193,7.264395168043833e-10,2823,2.44042291195542e-10,0.8885280381599758,4084,False
2021,Bangladesh,Norway,0.078,0.0,205.12820512820514,0.10799999999999998,7.245844287759252e-10,2824,4.88084582391084e-10,0.8885280386480604,3948,False
2021,Greece,Denmark,0.033,0.0,212.12121212121212,0.2583,7.201013050366518e-10,2825,2.064973233193048e-10,0.8885280388545578,4103,False
2021,Philippines,Argentina,0.042,0.0,1142.857142857143,0.20369999999999996,7.152699953775001e-10,2826,2.6281477513366067e-10,0.8885280391173725,4066,False
2021,Netherlands (Kingdom of the),Cameroon,0.043000000000000003,0.0,186.04651162790697,0.2136,7.111303387184812e-10,2827,2.690722697797002e-10,0.8885280393864449,4063,False
2021,Kuwait,Oman,0.035,0.0,199.99999999999997,0.2399,7.107620512576589e-10,2828,2.190123126113839e-10,0.8885280396054572,4098,False
2021,Romania,Lithuania,0.05,0.0,120.0,0.1662,7.106802884664504e-10,2829,3.1287473230197696e-10,0.888528039918332,4039,False
2021,China,Finland,0.07100000000000001,0.0,450.70422535211264,0.19139999999999996,7.076999507576504e-10,2830,4.442821198688073e-10,0.8885280403626141,3967,False
2021,Indonesia,Mauritius,0.04,0.0,575.0,0.2043,6.895610623037164e-10,2831,2.502997858415816e-10,0.8885280406129139,4074,False
2021,France,Antigua and Barbuda,0.049,0.0,122.44897959183673,0.16289999999999996,6.823232275159232e-10,2832,3.066172376559374e-10,0.8885280409195312,4041,False
2021,Yemen,Bahrain,0.089,0.0,78.65168539325843,0.17080000000000004,6.791253727309223e-10,2833,5.569170234975189e-10,0.8885280414764483,3922,False
2021,Germany,Lebanon,0.047,0.0,148.93617021276594,0.2754,6.75900588972445e-10,2834,2.9410224836385835e-10,0.8885280417705506,4050,False
2021,Guatemala,Ukraine,0.039,0.0,1025.6410256410256,0.2031,6.624157358085066e-10,2835,2.44042291195542e-10,0.8885280420145929,4084,False
2021,Guatemala,Romania,0.038,0.0,500.0,0.2056,6.592669216839062e-10,2836,2.3778479654950247e-10,0.8885280422523777,4088,False
2021,China,Honduras,0.04,0.0,225.0,0.1895,6.437113507552631e-10,2837,2.502997858415816e-10,0.8885280425026775,4074,False
2021,Lebanon,Guinea,0.097,0.0,144.3298969072165,0.1697,6.369989926748007e-10,2838,6.069769806658353e-10,0.8885280431096545,3902,False
2021,Netherlands (Kingdom of the),Russian Federation,0.041,0.0,146.34146341463415,0.31210000000000004,6.268386138945425e-10,2839,2.5655728048762113e-10,0.8885280433662118,4070,False
2021,Greece,Finland,0.039,0.0,179.48717948717947,0.188,6.227570869093664e-10,2840,2.44042291195542e-10,0.8885280436102542,4084,False
2021,South Africa,Namibia,0.029,0.0,275.8620689655172,0.255,6.213166891887724e-10,2841,1.8146734473514665e-10,0.8885280437917216,4124,False
2021,United Kingdom,Thailand,0.02,0.0,250.0,0.3751,6.204691596523829e-10,2842,1.251498929207908e-10,0.8885280439168715,4191,False
2021,Norway,Netherlands (Kingdom of the),0.028,0.0,35.714285714285715,0.2627,6.199204737373051e-10,2843,1.752098500891071e-10,0.8885280440920813,4130,False
2021,United Kingdom,"Tanzania, United Republic of",0.048,0.0,208.33333333333334,0.20150000000000004,6.106868227531368e-10,2844,3.003597430098979e-10,0.888528044392441,4048,False
2021,"Korea, Republic of",Kenya,0.034,0.0,88.23529411764706,0.2085,6.007833621073725e-10,2845,2.1275481796534436e-10,0.8885280446051959,4101,False
2021,Latvia,"Korea, Republic of",0.038,0.0,52.631578947368425,0.1844,5.961305739786442e-10,2846,2.3778479654950247e-10,0.8885280448429806,4088,False
2021,Israel,France,0.031,0.0,129.03225806451613,0.2961,5.952149694628232e-10,2847,1.9398233402722572e-10,0.888528045036963,4114,False
2021,Kenya,Germany,0.033,0.0,30.3030303030303,0.2103,5.88225775793288e-10,2848,2.064973233193048e-10,0.8885280452434604,4103,False
2021,Greece,Croatia,0.029,0.0,137.9310344827586,0.2384,5.823309254591042e-10,2849,1.8146734473514665e-10,0.8885280454249278,4124,False
2021,Bulgaria,Senegal,0.039,0.0,76.92307692307692,0.1745,5.791168229629519e-10,2850,2.44042291195542e-10,0.8885280456689701,4084,False
2021,United Kingdom,Senegal,0.026000000000000002,0.0,153.84615384615384,0.2627,5.727695687360774e-10,2851,1.6269486079702804e-10,0.888528045831665,4149,False
2021,Netherlands (Kingdom of the),Chile,0.054000000000000006,0.0,1018.5185185185184,0.3236,5.67128044267749e-10,2852,3.3790471088613515e-10,0.8885280461695697,4021,False
2021,Portugal,"China, Hong Kong SAR",0.023,0.0,260.8695652173913,0.2941,5.631851658219991e-10,2853,1.439223768589094e-10,0.8885280463134921,4172,False
2021,India,Barbados,0.04,0.0,300.0,0.1645,5.580256360039002e-10,2854,2.502997858415816e-10,0.8885280465637919,4074,False
2021,United Arab Emirates,Norway,0.038,0.0,52.631578947368425,0.1687,5.453754220726532e-10,2855,2.3778479654950247e-10,0.8885280468015767,4088,False
2021,Netherlands (Kingdom of the),Bulgaria,0.069,0.0,159.42028985507244,0.18079999999999996,5.374014139968008e-10,2856,4.3176713057672825e-10,0.8885280472333439,3971,False
2021,Cambodia,Cameroon,0.035,0.0,199.99999999999997,0.1701,5.039625882406327e-10,2857,2.190123126113839e-10,0.8885280474523563,4098,False
2021,Peru,Argentina,0.023,0.0,782.6086956521739,0.2628,4.984616933819754e-10,2858,1.439223768589094e-10,0.8885280475962787,4172,False
2021,Germany,"Korea, Republic of",0.037000000000000005,0.0,324.32432432432427,0.4522999999999999,4.975849953781858e-10,2859,2.31527301903463e-10,0.888528047827806,4093,False
2021,Estonia,Denmark,0.027,0.0,74.07407407407408,0.2177,4.943578177218744e-10,2860,1.6895235544306755e-10,0.8885280479967584,4137,False
2021,Romania,Chile,0.027,0.0,3666.6666666666665,0.2324,4.932989477034042e-10,2861,1.6895235544306755e-10,0.8885280481657108,4137,False
2021,China,"Tanzania, United Republic of",0.023,0.0,347.82608695652175,0.2563,4.900223747515899e-10,2862,1.439223768589094e-10,0.8885280483096333,4172,False
2021,United Arab Emirates,Senegal,0.027,0.0,111.11111111111111,0.2097,4.758708756943479e-10,2863,1.6895235544306755e-10,0.8885280484785857,4137,False
2021,Iran (Islamic Republic of),Italy,0.027,0.0,148.14814814814815,0.2092,4.744166218884336e-10,2864,1.6895235544306755e-10,0.8885280486475381,4137,False
2021,Spain,Honduras,0.029,0.0,137.9310344827586,0.1901,4.643502891349653e-10,2865,1.8146734473514665e-10,0.8885280488290055,4124,False
2021,Haiti,Bahamas,0.024,0.0,458.3333333333333,0.2304,4.595977623411136e-10,2866,1.5017987150494894e-10,0.8885280489791854,4166,False
2021,Germany,Kenya,0.026000000000000002,0.0,115.38461538461537,0.2103,4.5884171176877386e-10,2867,1.6269486079702804e-10,0.8885280491418802,4149,False
2021,Ghana,Finland,0.049,0.0,142.85714285714286,0.18590000000000004,4.5430322316771607e-10,2868,3.066172376559374e-10,0.8885280494484975,4041,False
2021,Netherlands (Kingdom of the),Seychelles,0.059,0.0,186.4406779661017,0.1805,4.4850939247300974e-10,2869,3.691921841163328e-10,0.8885280498176897,4005,False
2021,United Kingdom,Antigua and Barbuda,0.031,0.0,193.5483870967742,0.1704,4.4550945187007967e-10,2870,1.9398233402722572e-10,0.8885280500116721,4114,False
2021,Colombia,Norway,0.031,0.0,96.7741935483871,0.1697,4.444609489979684e-10,2871,1.9398233402722572e-10,0.8885280502056545,4114,False
2021,Peru,Indonesia,0.025,0.0,600.0,0.21040000000000003,4.3681511014075727e-10,2872,1.5643736615098848e-10,0.8885280503620919,4158,False
2021,Croatia,Bulgaria,0.051000000000000004,0.0,294.11764705882354,0.17329999999999998,4.347059973225065e-10,2873,3.1913222694801655e-10,0.8885280506812242,4032,False
2021,Lebanon,Angola,0.025,0.0,320.0,0.208,4.340499996637878e-10,2874,1.5643736615098848e-10,0.8885280508376616,4158,False
2021,Portugal,Ukraine,0.022,0.0,136.36363636363637,0.2362,4.3273013424144684e-10,2875,1.3766488221286984e-10,0.8885280509753265,4178,False
2021,Suriname,Saint Lucia,0.029,0.0,172.41379310344826,0.1716,4.1889815981578656e-10,2876,1.8146734473514665e-10,0.8885280511567939,4124,False
2021,Malta,Yemen,0.029,0.0,206.8965517241379,0.1708,4.16683621412772e-10,2877,1.8146734473514665e-10,0.8885280513382613,4124,False
2021,Indonesia,New Zealand,0.02,0.0,350.0,0.24880000000000002,4.1080087944358007e-10,2878,1.251498929207908e-10,0.8885280514634112,4191,False
2021,Cameroon,France,0.018000000000000002,0.0,111.1111111111111,0.2741,4.0670106002585257e-10,2879,1.1263490362871171e-10,0.8885280515760461,4206,False
2021,Netherlands (Kingdom of the),Jordan,0.019,0.0,105.26315789473685,0.2581,4.0553096392406286e-10,2880,1.1889239827475124e-10,0.8885280516949385,4201,False
2021,Netherlands (Kingdom of the),Japan,0.012,0.0,0.0,0.4204,4.04435245710874e-10,2881,7.508993575247447e-11,0.8885280517700285,4248,False
2021,Myanmar,Denmark,0.028,0.0,178.57142857142856,0.1718,4.043629854824984e-10,2882,1.752098500891071e-10,0.8885280519452383,4130,False
2021,Spain,Croatia,0.026,0.0,269.2307692307692,0.2519,3.996477247803767e-10,2883,1.6269486079702801e-10,0.8885280521079332,4157,False
2021,United Arab Emirates,Romania,0.02,0.0,100.0,0.2369,3.9293771413005197e-10,2884,1.251498929207908e-10,0.8885280522330831,4191,False
2021,Latvia,Angola,0.027,0.0,111.11111111111111,0.172,3.903185055766706e-10,2885,1.6895235544306755e-10,0.8885280524020355,4137,False
2021,Kuwait,Seychelles,0.027,0.0,259.25925925925924,0.1723,3.8994636280880354e-10,2886,1.6895235544306755e-10,0.8885280525709879,4137,False
2021,Spain,El Salvador,0.025,0.0,920.0,0.18750000000000003,3.869874347738072e-10,2887,1.5643736615098848e-10,0.8885280527274253,4158,False
2021,United Arab Emirates,Guinea,0.027,0.0,111.11111111111111,0.1701,3.8600684766623064e-10,2888,1.6895235544306755e-10,0.8885280528963777,4137,False
2021,Senegal,United Arab Emirates,0.022,0.0,363.6363636363637,0.20969999999999997,3.8259296563216073e-10,2889,1.3766488221286984e-10,0.8885280530340426,4178,False
2021,Cameroon,Netherlands (Kingdom of the),0.021,0.0,47.61904761904761,0.21359999999999998,3.732927247941708e-10,2890,1.3140738756683033e-10,0.88852805316545,4188,False
2021,United Arab Emirates,"Congo, Dem. Rep. of the",0.027,0.0,222.22222222222223,0.16400000000000003,3.714124995116793e-10,2891,1.6895235544306755e-10,0.8885280533344024,4137,False
2021,United Kingdom,Trinidad and Tobago,0.018000000000000002,0.0,277.77777777777777,0.2507,3.7085393720731934e-10,2892,1.1263490362871171e-10,0.8885280534470373,4206,False
2021,Japan,Nicaragua,0.024,0.0,291.6666666666667,0.17879999999999996,3.5775441291482037e-10,2893,1.5017987150494894e-10,0.8885280535972172,4166,False
2021,Germany,Montenegro,0.041,0.0,170.73170731707316,0.167,3.5572406264568345e-10,2894,2.5655728048762113e-10,0.8885280538537745,4070,False
2021,Denmark,Singapore,0.012,0.0,166.66666666666666,0.36389999999999995,3.4902239637305563e-10,2895,7.508993575247447e-11,0.8885280539288645,4248,False
2021,Gabon,Sao Tome and Principe,0.025,0.0,200.0,0.16639999999999996,3.4800030992111734e-10,2896,1.5643736615098848e-10,0.8885280540853019,4158,False
2021,India,Saint Lucia,0.026000000000000002,0.0,576.9230769230769,0.1603,3.468150830445149e-10,2897,1.6269486079702804e-10,0.8885280542479967,4149,False
2021,Mexico,Russian Federation,0.019,0.0,578.9473684210526,0.22259999999999996,3.467416358524728e-10,2898,1.1889239827475124e-10,0.8885280543668892,4201,False
2021,United Arab Emirates,Mozambique,0.016,0.0,125.0,0.2529,3.3101508003482287e-10,2899,1.0011991433663263e-10,0.8885280544670091,4220,False
2021,Sierra Leone,Finland,0.033,0.0,121.2121212121212,0.1178,3.2895225568890445e-10,2900,2.064973233193048e-10,0.8885280546735065,4103,False
2021,France,Cambodia,0.022,0.0,500.00000000000006,0.1805,3.2849816839873355e-10,2901,1.3766488221286984e-10,0.8885280548111714,4178,False
2021,Poland,Trinidad and Tobago,0.022,0.0,454.54545454545456,0.1796,3.2713221426816817e-10,2902,1.3766488221286984e-10,0.8885280549488362,4178,False
2021,Mexico,Egypt,0.017,0.0,0.0,0.2323,3.250594501466519e-10,2903,1.0637740898267218e-10,0.8885280550552137,4214,False
2021,Cameroon,Finland,0.022,0.0,818.1818181818182,0.17820000000000003,3.22423252189079e-10,2904,1.3766488221286984e-10,0.8885280551928786,4178,False
2021,Bangladesh,Belgium,0.02,0.0,200.0,0.1922,3.1821602858822527e-10,2905,1.251498929207908e-10,0.8885280553180285,4191,False
2021,Bulgaria,French Polynesia,0.057,0.0,140.35087719298244,0.12149999999999998,3.0722363535953484e-10,2906,3.5667719482425376e-10,0.8885280556747057,4009,False
2021,Malaysia,Indonesia,0.025,0.0,640.0,0.3053,3.0408368328677813e-10,2907,1.5643736615098848e-10,0.8885280558311431,4158,False
2021,Netherlands (Kingdom of the),Ghana,0.014,0.0,785.7142857142857,0.2698,3.023738463850606e-10,2908,8.760492504455356e-11,0.8885280559187481,4236,False
2021,Iran (Islamic Republic of),Norway,0.035,0.0,171.42857142857144,0.107,2.9918654873860893e-10,2909,2.190123126113839e-10,0.8885280561377604,4098,False
2021,Greece,"Congo, Dem. Rep. of the",0.022,0.0,45.45454545454546,0.1595,2.926950185705305e-10,2910,1.3766488221286984e-10,0.8885280562754253,4178,False
2021,France,Montenegro,0.021,0.0,142.85714285714286,0.167,2.9134873056671727e-10,2911,1.3140738756683033e-10,0.8885280564068327,4188,False
2021,United Kingdom,Egypt,0.009000000000000001,0.0,111.1111111111111,0.4109,2.869085401457138e-10,2912,5.631745181435586e-11,0.8885280564631503,4285,False
2021,Jordan,United Arab Emirates,0.012,0.0,83.33333333333333,0.2932,2.8163928201059593e-10,2913,7.508993575247447e-11,0.8885280565382402,4248,False
2021,Colombia,Nicaragua,0.015,0.0,400.0,0.2236,2.71788205748861e-10,2914,9.386241969059308e-11,0.8885280566321027,4230,False
2021,Saudi Arabia,Morocco,0.009000000000000001,0.0,111.1111111111111,0.3868,2.7008085502156754e-10,2915,5.631745181435586e-11,0.8885280566884202,4285,False
2021,Canada,Nicaragua,0.018000000000000002,0.0,55.55555555555555,0.1788,2.655657922836381e-10,2916,1.1263490362871171e-10,0.8885280568010551,4206,False
2021,United Kingdom,Mozambique,0.016,0.0,62.5,0.2021,2.6482470659310275e-10,2917,1.0011991433663263e-10,0.888528056901175,4220,False
2021,Kenya,Angola,0.016,0.0,250.0,0.2014,2.630087880158062e-10,2918,1.0011991433663263e-10,0.8885280570012949,4220,False
2021,Iran (Islamic Republic of),Georgia,0.027,0.0,185.1851851851852,0.1146,2.597108886599475e-10,2919,1.6895235544306755e-10,0.8885280571702473,4137,False
2021,Mexico,Morocco,0.015000000000000001,0.0,733.3333333333333,0.2856,2.591106895129999e-10,2920,9.386241969059309e-11,0.8885280572641098,4228,False
2021,Dominican Republic,Costa Rica,0.011,0.0,454.54545454545456,0.2903,2.51793620219666e-10,2921,6.883244110643492e-11,0.8885280573329423,4265,False
2021,Malaysia,China,0.006,0.0,1333.3333333333333,0.5784,2.468074646016858e-10,2922,3.7544967876237236e-11,0.8885280573704872,4310,False
2021,Japan,Madagascar,0.018000000000000002,0.0,1166.6666666666665,0.1691,2.4609118478099626e-10,2923,1.1263490362871171e-10,0.8885280574831221,4206,False
2021,Philippines,Estonia,0.026000000000000002,0.0,76.92307692307692,0.1121,2.4475567732674906e-10,2924,1.6269486079702804e-10,0.888528057645817,4149,False
2021,Saudi Arabia,Egypt,0.007,0.0,142.85714285714286,0.4549,2.3808599557149645e-10,2925,4.380246252227678e-11,0.8885280576896195,4297,False
2021,Finland,Chile,0.016,0.0,2375.0,0.1826,2.2922368907275021e-10,2926,1.0011991433663263e-10,0.8885280577897394,4220,False
2021,Indonesia,Finland,0.016,0.0,812.5,0.1771,2.2890465022040345e-10,2927,1.0011991433663263e-10,0.8885280578898593,4220,False
2021,Germany,"China, Hong Kong SAR",0.007,0.0,428.57142857142856,0.4384,2.282578735809014e-10,2928,4.380246252227678e-11,0.8885280579336619,4297,False
2021,United Kingdom,Mauritius,0.011,0.0,363.6363636363637,0.2622,2.2779906803086615e-10,2929,6.883244110643492e-11,0.8885280580024943,4265,False
2021,Thailand,Nicaragua,0.017,0.0,1117.6470588235293,0.1649,2.260677081582229e-10,2930,1.0637740898267218e-10,0.8885280581088718,4214,False
2021,Netherlands (Kingdom of the),Bahrain,0.012,0.0,416.6666666666667,0.2364,2.2570368160508056e-10,2931,7.508993575247447e-11,0.8885280581839617,4248,False
2021,Japan,French Polynesia,0.012,0.0,500.0,0.235,2.2402526455895694e-10,2932,7.508993575247447e-11,0.8885280582590517,4248,False
2021,Malaysia,Solomon Islands,0.012,0.0,250.0,0.22950000000000004,2.1978341123664435e-10,2933,7.508993575247447e-11,0.8885280583341416,4248,False
2021,Lithuania,Mozambique,0.015,0.0,133.33333333333334,0.17050000000000004,2.0825445602280466e-10,2934,9.386241969059308e-11,0.8885280584280041,4230,False
2021,Sweden,Croatia,0.01,0.0,600.0,0.2581,2.009422170758011e-10,2935,6.25749464603954e-11,0.888528058490579,4272,False
2021,Finland,Croatia,0.015,0.0,66.66666666666667,0.1642,2.008025625075038e-10,2936,9.386241969059308e-11,0.8885280585844415,4230,False
2021,Croatia,Morocco,0.01,0.0,400.0,0.2567,2.0058532192103047e-10,2937,6.25749464603954e-11,0.8885280586470164,4272,False
2021,Nigeria,Netherlands (Kingdom of the),0.022,0.0,363.6363636363637,0.22199999999999998,1.9287335279501262e-10,2938,1.3766488221286984e-10,0.8885280587846813,4178,False
2021,Portugal,Montenegro,0.014,0.0,142.85714285714286,0.1652,1.8733548915122218e-10,2939,8.760492504455356e-11,0.8885280588722863,4236,False
2021,Canada,Denmark,0.01,0.0,0.0,0.2321,1.826885184597883e-10,2940,6.25749464603954e-11,0.8885280589348612,4272,False
2021,Lithuania,Russian Federation,0.01,0.0,0.0,0.23059999999999997,1.8150785160201283e-10,2941,6.25749464603954e-11,0.8885280589974361,4272,False
2021,Qatar,Oman,0.007,0.0,571.4285714285714,0.3441,1.7869158951854418e-10,2942,4.380246252227678e-11,0.8885280590412387,4297,False
2021,South Africa,Kuwait,0.012,0.0,333.3333333333333,0.1842,1.76133442580016e-10,2943,7.508993575247447e-11,0.8885280591163286,4248,False
2021,Saudi Arabia,Indonesia,0.01,0.0,400.0,0.2176,1.70032590767496e-10,2944,6.25749464603954e-11,0.8885280591789035,4272,False
2021,Morocco,Mauritania,0.009000000000000001,0.0,111.1111111111111,0.23689999999999997,1.6541405003776976e-10,2945,5.631745181435586e-11,0.888528059235221,4285,False
2021,China,Tunisia,0.012,0.0,250.0,0.17,1.6280252684195878e-10,2946,7.508993575247447e-11,0.888528059310311,4248,False
2021,Bangladesh,Cambodia,0.011,0.0,90.90909090909092,0.1816,1.585596368743677e-10,2947,6.883244110643492e-11,0.8885280593791435,4265,False
2021,United Arab Emirates,Netherlands (Kingdom of the),0.005,0.0,200.0,0.43270000000000003,1.5082104777931438e-10,2948,3.12874732301977e-11,0.888528059410431,4322,False
2021,Finland,Mauritius,0.015,0.0,866.6666666666667,0.1215,1.4642517925668507e-10,2949,9.386241969059308e-11,0.8885280595042935,4230,False
2021,Jordan,Netherlands (Kingdom of the),0.007,0.0,142.85714285714286,0.2581,1.350846239986881e-10,2950,4.380246252227678e-11,0.888528059548096,4297,False
2021,Netherlands (Kingdom of the),Montenegro,0.01,0.0,100.0,0.167,1.3120912317821606e-10,2951,6.25749464603954e-11,0.8885280596106709,4272,False
2021,Norway,Germany,0.007,0.0,0.0,0.2471,1.2966345802502848e-10,2952,4.380246252227678e-11,0.8885280596544735,4297,False
2021,Belgium,Madagascar,0.009000000000000001,0.0,111.1111111111111,0.1722,1.2023765055510324e-10,2953,5.631745181435586e-11,0.888528059710791,4285,False
2021,Malaysia,Bahrain,0.007,0.0,285.7142857142857,0.2293,1.1969943377005724e-10,2954,4.380246252227678e-11,0.8885280597545935,4297,False
2021,Bulgaria,Ukraine,0.007,0.0,142.85714285714286,0.2259,1.1823175730842172e-10,2955,4.380246252227678e-11,0.888528059798396,4297,False
2021,United Arab Emirates,Egypt,0.004,0.0,0.0,0.4397,1.1536427052530358e-10,2956,2.5029978584158157e-11,0.888528059823426,4342,False
2021,"Korea, Republic of",Chile,0.005,0.0,2000.0,0.3412,1.1503048697137368e-10,2957,3.12874732301977e-11,0.8885280598547135,4322,False
2021,Guatemala,Panama,0.005,0.0,400.0,0.3244,1.126604829349994e-10,2958,3.12874732301977e-11,0.888528059886001,4322,False
2021,Netherlands (Kingdom of the),Egypt,0.004,0.0,0.0,0.4134,1.0846392866763816e-10,2959,2.5029978584158157e-11,0.888528059911031,4342,False
2021,Sweden,France,0.006,0.0,1000.0,0.2477,1.0635034956792987e-10,2960,3.7544967876237236e-11,0.888528059948576,4310,False
2021,Netherlands (Kingdom of the),Ukraine,0.006,0.0,333.3333333333333,0.2389,1.0383545413178812e-10,2961,3.7544967876237236e-11,0.8885280599861209,4310,False
2021,"Korea, Republic of",Romania,0.005,0.0,2000.0,0.3015,1.0164622456585334e-10,2962,3.12874732301977e-11,0.8885280600174085,4322,False
2021,Ghana,Thailand,0.006,0.0,1000.0,0.2332,1.0012475381203568e-10,2963,3.7544967876237236e-11,0.8885280600549534,4310,False
2021,Belgium,Guinea,0.006,0.0,166.66666666666666,0.2164,9.434216015280077e-11,2964,3.7544967876237236e-11,0.8885280600924984,4310,False
2021,Japan,Trinidad and Tobago,0.007,0.0,857.1428571428571,0.1795,9.272639545764501e-11,2965,4.380246252227678e-11,0.8885280601363009,4297,False
2021,Indonesia,Sao Tome and Principe,0.01,0.0,800.0,0.10839999999999998,8.408461269325853e-11,2966,6.25749464603954e-11,0.8885280601988759,4272,False
2021,Iraq,Netherlands (Kingdom of the),0.005,0.0,200.0,0.24109999999999998,8.403733445711279e-11,2967,3.12874732301977e-11,0.8885280602301634,4322,False
2021,Haiti,Costa Rica,0.005,0.0,400.0,0.2304,8.001533683176283e-11,2968,3.12874732301977e-11,0.8885280602614509,4322,False
2021,United Kingdom,Lebanon,0.004,0.0,750.0,0.3044,7.877894749583203e-11,2969,2.5029978584158157e-11,0.8885280602864809,4342,False
2021,Malaysia,France,0.003,0.0,1000.0,0.4386,7.53254151320049e-11,2970,1.8772483938118618e-11,0.8885280603052534,4364,False
2021,Croatia,Chile,0.004,0.0,1250.0,0.2639,6.766949408090295e-11,2971,2.5029978584158157e-11,0.8885280603302834,4342,False
2021,Belgium,Thailand,0.003,0.0,666.6666666666666,0.3767,6.509310124111694e-11,2972,1.8772483938118618e-11,0.888528060349056,4364,False
2021,China,Cambodia,0.004,0.0,250.0,0.2466,6.440711730357279e-11,2973,2.5029978584158157e-11,0.8885280603740859,4342,False
2021,Belgium,Bulgaria,0.005,0.0,200.0,0.1808,6.301928689276644e-11,2974,3.12874732301977e-11,0.8885280604053735,4322,False
2021,Sweden,Egypt,0.004,0.0,0.0,0.2324,6.097488394378111e-11,2975,2.5029978584158157e-11,0.8885280604304034,4342,False
2021,United Arab Emirates,Gambia,0.005,0.0,400.0,0.1733,6.018514701798827e-11,2976,3.12874732301977e-11,0.888528060461691,4322,False
2021,Egypt,United States of America,0.003,0.0,0.0,0.3423,5.987292820985734e-11,2977,1.8772483938118618e-11,0.8885280604804635,4364,False
2021,Canada,Romania,0.004,0.0,1750.0,0.2301,5.845487859760852e-11,2978,2.5029978584158157e-11,0.8885280605054935,4342,False
2021,Iran (Islamic Republic of),France,0.004,0.0,250.0,0.2193,5.7276888988943686e-11,2979,2.5029978584158157e-11,0.8885280605305235,4342,False
2021,Denmark,Kenya,0.004,0.0,1500.0,0.1972,5.033156934622014e-11,2980,2.5029978584158157e-11,0.8885280605555534,4342,False
2021,Kenya,Kuwait,0.004,0.0,500.0,0.185,4.8098267632580695e-11,2981,2.5029978584158157e-11,0.8885280605805834,4342,False
2021,Cameroon,Kuwait,0.004,0.0,250.0,0.1808,4.722143880164622e-11,2982,2.5029978584158157e-11,0.8885280606056134,4342,False
2021,United States of America,Estonia,0.004,0.0,500.0,0.1723,4.4796386557262994e-11,2983,2.5029978584158157e-11,0.8885280606306434,4342,False
2021,Venezuela (Bolivarian Rep. of),Guatemala,0.004,0.0,1750.0,0.1752,4.4508017080838826e-11,2984,2.5029978584158157e-11,0.8885280606556734,4342,False
2021,Peru,Uruguay,0.003,0.0,333.3333333333333,0.2515,4.3724766369434426e-11,2985,1.8772483938118618e-11,0.8885280606744459,4364,False
2021,Belgium,Montenegro,0.004,0.0,250.0,0.167,4.361714756567987e-11,2986,2.5029978584158157e-11,0.8885280606994759,4342,False
2021,Papua New Guinea,Bermuda,0.005,0.0,400.0,0.1063,3.691679819972391e-11,2987,3.12874732301977e-11,0.8885280607307634,4322,False
2021,Egypt,Belgium,0.002,0.0,1000.0,0.419,3.597964995475382e-11,2988,1.2514989292079079e-11,0.8885280607432784,4382,False
2021,China,Georgia,0.003,0.0,0.0,0.17350000000000002,3.0347511085043087e-11,2989,1.8772483938118618e-11,0.8885280607620509,4364,False
2021,Tunisia,France,0.003,0.0,333.3333333333333,0.1721,2.992060553550563e-11,2990,1.8772483938118618e-11,0.8885280607808235,4364,False
2021,Romania,Montenegro,0.003,0.0,333.3333333333333,0.1643,2.856452928229852e-11,2991,1.8772483938118618e-11,0.888528060799596,4364,False
2021,Togo,Norway,0.003,0.0,666.6666666666666,0.1645,2.842531232854722e-11,2992,1.8772483938118618e-11,0.8885280608183685,4364,False
2021,Egypt,Romania,0.002,0.0,0.0,0.3099,2.7102863646267592e-11,2993,1.2514989292079079e-11,0.8885280608308835,4382,False
2021,Portugal,Cameroon,0.002,0.0,0.0,0.2601,2.274751479314037e-11,2994,1.2514989292079079e-11,0.8885280608433985,4382,False
2021,United Kingdom,Croatia,0.002,0.0,500.0,0.2621,2.2714515218917838e-11,2995,1.2514989292079079e-11,0.8885280608559135,4382,False
2021,Croatia,Bahrain,0.002,0.0,1000.0,0.24879999999999997,2.1364527228502987e-11,2996,1.2514989292079079e-11,0.8885280608684285,4382,False
2021,Spain,Kenya,0.002,0.0,2000.0,0.248,2.0902374537588416e-11,2997,1.2514989292079079e-11,0.8885280608809435,4382,False
2021,Belgium,Ukraine,0.002,0.0,500.0,0.2389,2.0703920968330685e-11,2998,1.2514989292079079e-11,0.8885280608934585,4382,False
2021,Poland,Cameroon,0.002,0.0,500.0,0.2288,1.9828619160963e-11,2999,1.2514989292079079e-11,0.8885280609059735,4382,False
2021,Bulgaria,Georgia,0.002,0.0,500.0,0.2223,1.9265306116617457e-11,3000,1.2514989292079079e-11,0.8885280609184885,4382,False
2021,Kenya,Ghana,0.002,0.0,500.0,0.207,1.793935387377334e-11,3001,1.2514989292079079e-11,0.8885280609310034,4382,False
2021,Finland,Singapore,0.002,0.0,0.0,0.1881,1.6450624885004625e-11,3002,1.2514989292079079e-11,0.8885280609435184,4382,False
2021,Portugal,Finland,0.002,0.0,0.0,0.1835,1.6048323585318178e-11,3003,1.2514989292079079e-11,0.8885280609560334,4382,False
2021,Turkiye,Russian Federation,34.265,0.0,278.7684225886473,0.0,0.0,3004,2.1441305404654482e-07,0.8885282753690875,2142,False
2021,Zambia,Botswana,8.687,0.0,221.48037297110628,0.0,0.0,3005,5.435885599014547e-08,0.8885283297279435,2611,False
2021,Viet Nam,Hungary,54.338,0.0,72.04902646398469,0.0,0.0,3006,3.4001974407649647e-07,0.8885286697476875,1987,False
2021,Turkiye,Sri Lanka,0.151,0.0,205.29801324503313,0.0,0.0,3007,9.448816915519704e-10,0.8885286706925692,3784,False
2021,Zambia,Angola,56.302,0.0,41.82799900536393,0.0,0.0,3008,3.523094635613181e-07,0.8885290230020328,1977,False
2021,Zimbabwe,Rwanda,0.01,0.0,1000.0,0.0,0.0,3009,6.25749464603954e-11,0.8885290230646078,4272,False
2021,Spain,Belarus,0.08600000000000001,0.0,290.6976744186046,0.0,0.0,3010,5.381445395594004e-10,0.8885290236027523,3929,False
2021,Ukraine,Burkina Faso,2.192,0.0,152.82846715328466,0.0,0.0,3011,1.3716428264118671e-08,0.8885290373191805,3072,False
2021,Ukraine,Ethiopia,1349.519,1.0,157.11153381315862,0.0,0.0,3012,8.444607917228632e-06,0.8885374819270978,988,False
2021,Zambia,Malawi,0.154,0.0,441.5584415584416,0.0,0.0,3013,9.63654175490089e-10,0.888537482890752,3781,False
2021,Zimbabwe,Nepal,0.001,0.0,1000.0,0.0,0.0,3014,6.257494646039539e-12,0.8885374828970095,4414,False
2021,Turkiye,Rwanda,0.001,0.0,0.0,0.0,0.0,3015,6.257494646039539e-12,0.8885374829032671,4414,False
2021,Turkmenistan,Pakistan,8.003,0.0,23.74109708859178,0.0,0.0,3016,5.007872965225443e-08,0.8885375329819967,2637,False
2021,Zambia,France,0.294,0.0,557.8231292517007,0.0,0.0,3017,1.8397034259356244e-09,0.8885375348217001,3631,False
2021,Spain,Austria,0.6000000000000001,0.0,193.33333333333331,0.0,0.0,3018,3.754496787623724e-09,0.8885375385761969,3444,False
2021,Uganda,United Arab Emirates,3.34,0.0,82.33532934131736,0.0,0.0,3019,2.090003211777206e-08,0.888537559476229,2945,False
2021,Zambia,Kenya,31.483,0.0,159.51465870469778,0.0,0.0,3020,1.970047039412628e-07,0.888537756480933,2161,False
2021,Zambia,Burkina Faso,0.272,0.0,338.235294117647,0.0,0.0,3021,1.7020385437227548e-09,0.8885377581829715,3643,False
2021,Viet Nam,Kiribati,4626.517,5.0,48.2248309041121,0.0,0.0,3022,2.8950405357310908e-05,0.8885667085883289,709,False
2021,Zambia,Germany,105.12,0.0,69.37785388127854,0.0,0.0,3023,6.577878371916764e-07,0.8885673663761661,1776,False
2021,Turkmenistan,United Arab Emirates,2.977,0.0,20.154517971111858,0.0,0.0,3024,1.8628561561259708e-08,0.8885673850047277,2994,False
2021,Spain,Andorra,0.26,0.0,173.07692307692307,0.0,0.0,3025,1.6269486079702802e-09,0.8885673866316762,3653,False
2021,Zambia,Burundi,12.620000000000001,0.0,76.46592709984152,0.0,0.0,3026,7.8969582433019e-08,0.8885674656012587,2494,False
2021,Turkiye,Portugal,150.0,0.0,25.48,0.0,0.0,3027,9.386241969059309e-07,0.8885684042254556,1656,False
2021,South Sudan,United Arab Emirates,83.694,0.0,42.72707720983583,0.0,0.0,3028,5.237147569056332e-07,0.8885689279402125,1854,False
2021,Turkiye,North Macedonia,1.047,0.0,122.25405921680994,0.0,0.0,3029,6.551596894403397e-09,0.8885689344918094,3291,False
2021,Turkiye,Norway,29.827,0.0,55.21842625808831,0.0,0.0,3030,1.8664229280742136e-07,0.8885691211341022,2175,False
2021,Viet Nam,Eswatini,0.075,0.0,80.0,0.0,0.0,3031,4.693120984529654e-10,0.8885691216034144,3955,False
2021,Ukraine,Azerbaijan,1.627,0.0,609.7111247695144,0.0,0.0,3032,1.018094378910633e-08,0.8885691317843581,3166,False
2021,Zimbabwe,United States of America,2.184,0.0,86.53846153846153,0.0,0.0,3033,1.3666368306950355e-08,0.8885691454507264,3074,False
2021,Turkiye,Oman,27.418,0.0,83.48530162666862,0.0,0.0,3034,1.7156798820511207e-07,0.8885693170187146,2215,False
2021,Turkiye,Pakistan,37.074000000000005,0.0,115.66057075039109,0.0,0.0,3035,2.319903565072699e-07,0.888569549009071,2116,False
2021,Uganda,Belgium,0.023,0.0,173.91304347826087,0.0,0.0,3036,1.439223768589094e-10,0.8885695491529935,4172,False
2021,Turkiye,Philippines,1531.3799999999999,2.0,37.47208400266427,0.0,0.0,3037,9.582602151052028e-06,0.8885791317551445,946,False
2021,South Sudan,Uganda,0.001,0.0,0.0,0.0,0.0,3038,6.257494646039539e-12,0.888579131761402,4414,False
2021,Viet Nam,Ethiopia,20.453,0.0,35.153767173519775,0.0,0.0,3039,1.279845379954467e-07,0.88857925974594,2332,False
2021,Zimbabwe,United Arab Emirates,0.011,0.0,363.6363636363637,0.0,0.0,3040,6.883244110643492e-11,0.8885792598147725,4265,False
2021,Turkiye,Poland,7.1850000000000005,0.0,249.54766875434936,0.0,0.0,3041,4.496009903179409e-08,0.8885793047748715,2669,False
2021,Zambia,Ethiopia,0.024,0.0,458.3333333333333,0.0,0.0,3042,1.5017987150494894e-10,0.8885793049250513,4166,False
2021,Sri Lanka,Botswana,5.434,0.0,104.158998895841,0.0,0.0,3043,3.400322590657886e-08,0.8885793389282772,2780,False
2021,Turkiye,Qatar,5.203,0.0,62.27176628867961,0.0,0.0,3044,3.255774464334372e-08,0.8885793714860218,2791,False
2021,South Africa,Zimbabwe,4815.813000000001,5.0,76.04718040339189,0.0,0.0,3045,3.0134924063827616e-05,0.8886095064100856,698,False
2021,South Africa,Zambia,8.168000000000001,0.0,280.72967678746323,0.0,0.0,3046,5.111121626885096e-08,0.8886095575213019,2630,False
2021,Uganda,Burundi,34.499,0.0,114.17722252818922,0.0,0.0,3047,2.1587730779371807e-07,0.8886097733986097,2139,False
2021,Ukraine,Belarus,81.908,0.0,220.18606241148606,0.0,0.0,3048,5.125388714678066e-07,0.8886102859374811,1860,False
2021,Uganda,Angola,0.009000000000000001,0.0,222.2222222222222,0.0,0.0,3049,5.631745181435586e-11,0.8886102859937987,4285,False
2021,Zambia,Eswatini,2.311,0.0,340.1125054089139,0.0,0.0,3050,1.4461070126997374e-08,0.8886103004548688,3063,False
2021,Zambia,"Congo, Dem. Rep. of the",4.085,0.0,217.8702570379437,0.0,0.0,3051,2.556186562907152e-08,0.8886103260167344,2881,False
2021,Zimbabwe,"Tanzania, United Republic of",41.249,0.0,340.12945768382264,0.0,0.0,3052,2.5811539665448495e-07,0.888610584132131,2087,False
2021,Sri Lanka,"China, Macao SAR",1.55,0.0,50.96774193548387,0.0,0.0,3053,9.699116701361287e-09,0.8886105938312477,3183,False
2021,Zambia,Cameroon,0.006,0.0,666.6666666666666,0.0,0.0,3054,3.7544967876237236e-11,0.8886105938687927,4310,False
2021,Viet Nam,Greenland,26.344,0.0,69.76920740965684,0.0,0.0,3055,1.6484743895526562e-07,0.8886107587162316,2238,False
2021,South Africa,Uganda,4.737,0.0,244.24741397508973,0.0,0.0,3056,2.9641752138289298e-08,0.8886107883579838,2824,False
2021,Turkiye,Romania,62.944,0.0,27.61184544992374,0.0,0.0,3057,3.9387174300031276e-07,0.8886111822297268,1938,False
2021,Turkmenistan,Afghanistan,14.172,0.0,38.31498729889923,0.0,0.0,3058,8.868121412367235e-08,0.8886112709109409,2460,False
2021,Turkiye,United Kingdom,2567.0969999999998,3.0,31.734289744407793,0.0,0.0,3059,1.606359573336416e-05,0.8886273345066743,825,False
2021,Yemen,Qatar,0.001,0.0,0.0,0.1704,0.0,3060,6.257494646039539e-12,0.8886273345129319,4414,False
2021,Viet Nam,"Moldova, Republic of",14.327,0.0,87.31765198576115,0.0,0.0,3061,8.965112579380848e-08,0.8886274241640576,2457,False
2021,Spain,Mongolia,0.007,0.0,428.57142857142856,0.0,0.0,3062,4.380246252227678e-11,0.8886274242078601,4297,False
2021,Zimbabwe,Botswana,0.132,0.0,401.5151515151515,0.0,0.0,3063,8.259892932772192e-10,0.8886274250338494,3822,False
2021,Spain,"Moldova, Republic of",0.078,0.0,833.3333333333334,0.0,0.0,3064,4.88084582391084e-10,0.888627425521934,3948,False
2021,Turkiye,Seychelles,14.435,0.0,59.02320748181503,0.0,0.0,3065,9.032693521558075e-08,0.8886275158488692,2455,False
2021,Turkiye,Sweden,207.0,0.0,53.80193236714976,0.0,0.0,3066,1.2953013917301845e-06,0.8886288111502609,1558,False
2021,Viet Nam,Niger,5.124,0.0,27.127244340359095,0.0,0.0,3067,3.20634025663066e-08,0.8886288432136635,2799,False
2021,Spain,Mali,6.6690000000000005,0.0,98.215624531414,0.0,0.0,3068,4.173123179443769e-08,0.8886288849448953,2707,False
2021,Turkiye,"Switzerland, Liechtenstein",8.018,0.0,105.7620354203043,0.0,0.0,3069,5.017259207194503e-08,0.8886289351174874,2636,False
2021,Turkiye,Senegal,0.434,0.0,73.73271889400922,0.0,0.0,3070,2.71575267638116e-09,0.88862893783324,3534,False
2021,Zimbabwe,Mozambique,27.894000000000002,0.0,327.23883272388326,0.0,0.0,3071,1.745465556566269e-07,0.8886291123797957,2208,False
2021,Zimbabwe,Angola,1.862,0.0,82.16970998925886,0.0,0.0,3072,1.1651455030925622e-08,0.8886291240312507,3124,False
2021,Spain,Slovakia,3.3840000000000003,0.0,142.13947990543733,0.0,0.0,3073,2.1175361882197803e-08,0.8886291452066126,2940,False
2021,Spain,State of Palestine,26.367,0.0,77.36943907156673,0.0,0.0,3074,1.6499136133212454e-07,0.888629310197974,2236,False
2021,Uganda,Kenya,42.788000000000004,0.0,87.68813686080209,0.0,0.0,3075,2.6774568091473984e-07,0.8886295779436549,2076,False
2021,Uganda,United States of America,58.605000000000004,0.0,61.308762051019535,0.0,0.0,3076,3.667204737311472e-07,0.8886299446641287,1961,False
2021,Turkiye,Sierra Leone,149.79700000000003,0.0,69.4139401990694,0.0,0.0,3077,9.37353925492785e-07,0.8886308820180542,1658,False
2021,Zimbabwe,Malawi,0.1,0.0,460.0,0.0,0.0,3078,6.257494646039539e-10,0.8886308826438036,3889,False
2021,Viet Nam,North Macedonia,0.012,0.0,333.3333333333333,0.0,0.0,3079,7.508993575247447e-11,0.8886308827188936,4248,False
2021,Zimbabwe,France,0.001,0.0,3000.0,0.0,0.0,3080,6.257494646039539e-12,0.8886308827251511,4414,False
2021,Ukraine,Cote d'Ivoire,0.013000000000000001,0.0,307.6923076923077,0.0,0.0,3081,8.134743039851402e-11,0.8886308828064986,4243,False
2021,Zimbabwe,Kenya,4.159,0.0,354.8930031257514,0.0,0.0,3082,2.602492023287844e-08,0.8886309088314188,2874,False
2021,Spain,Serbia,4.079,0.0,408.67859769551364,0.0,0.0,3083,2.552432066119528e-08,0.8886309343557395,2883,False
2021,Viet Nam,Lao People's Dem. Rep.,14864.233,15.0,20.436305055228885,0.0,0.0,3084,9.301285841498423e-05,0.8887239472141545,485,False
2021,Turkiye,State of Palestine,1003.0260000000001,1.0,64.01628671639618,0.0,0.0,3085,6.276429824838455e-06,0.8887302236439794,1083,False
2021,Spain,Paraguay,1.967,0.0,119.47127605490594,0.0,0.0,3086,1.2308491968759774e-08,0.8887302359524714,3105,False
2021,Uganda,Madagascar,10.36,0.0,59.36293436293437,0.0,0.0,3087,6.482764453296962e-08,0.888730300780116,2562,False
2021,Ukraine,Czechia,0.669,0.0,297.4588938714499,0.0,0.0,3088,4.186263918200452e-09,0.8887303049663798,3418,False
2021,Turkiye,Sudan,1546.913,2.0,198.60716148871978,0.0,0.0,3089,9.679799815388963e-06,0.8887399847661952,944,False
2021,Turkiye,Spain,319.167,0.0,75.33673594074575,0.0,0.0,3090,1.9971857936925013e-06,0.888741981951989,1429,False
2021,Spain,North Macedonia,0.187,0.0,187.1657754010695,0.0,0.0,3091,1.1701514988093939e-09,0.8887419831221405,3723,False
2021,Viet Nam,Luxembourg,0.34700000000000003,0.0,201.72910662824205,0.0,0.0,3092,2.1713506421757203e-09,0.8887419852934911,3590,False
2021,Viet Nam,Mali,41.507,0.0,23.562290697954563,0.0,0.0,3093,2.597298302731631e-07,0.8887422450233214,2085,False
2021,Zimbabwe,Ghana,0.005,0.0,600.0,0.0,0.0,3094,3.12874732301977e-11,0.888742245054609,4322,False
2021,Turkiye,Singapore,1.679,0.0,94.69922572960095,0.0,0.0,3095,1.0506333510700387e-08,0.8887422555609424,3155,False
2021,Spain,Luxembourg,4.631,0.0,28.07169077952926,0.0,0.0,3096,2.8978457705809106e-08,0.8887422845394002,2833,False
2021,Viet Nam,Palau,75.57000000000001,0.0,57.25817123197035,0.0,0.0,3097,4.72878870401208e-07,0.8887427574182706,1888,False
2021,Ukraine,Austria,28.673,0.0,145.95612597216896,0.0,0.0,3098,1.794211439858917e-07,0.8887429368394145,2196,False
2021,Zambia,Rwanda,0.969,0.0,63.98348813209495,0.0,0.0,3099,6.063512312012313e-09,0.8887429429029269,3326,False
2021,Turkiye,Ukraine,13.031,0.0,187.1690583992019,0.0,0.0,3100,8.154141273254124e-08,0.8887430244443396,2486,False
2021,Spain,Czechia,4.969,0.0,742.4028979673978,0.0,0.0,3101,3.109349089617047e-08,0.8887430555378305,2808,False
2021,Spain,Cote d'Ivoire,2.259,0.0,171.31474103585657,0.0,0.0,3102,1.4135680405403318e-08,0.8887430696735109,3065,False
2021,Zambia,Netherlands (Kingdom of the),4.745,0.0,110.22128556375131,0.0,0.0,3103,2.9691812095457614e-08,0.888743099365323,2821,False
2021,Spain,"China, Macao SAR",2.315,0.0,156.37149028077755,0.0,0.0,3104,1.4486100105581532e-08,0.8887431138514231,3061,False
2021,Turkiye,United Arab Emirates,27.366999999999997,0.0,74.25000913508971,0.0,0.0,3105,1.7124885597816405e-07,0.8887432851002791,2216,False
2021,Ukraine,Albania,15074.936,15.0,28.094182290392478,0.0,0.0,3106,9.43313313093887e-05,0.8888376164315885,478,False
2021,Turkiye,United States of America,6329.070000000001,6.0,25.02911170203521,0.0,0.0,3107,3.960412163940947e-05,0.8888772205532279,651,False
2021,Viet Nam,Zambia,0.032,0.0,62.5,0.0,0.0,3108,2.0023982867326526e-10,0.8888772207534678,4109,False
2021,Turkiye,Sao Tome and Principe,5.6000000000000005,0.0,77.67857142857142,0.0,0.0,3109,3.504197001782142e-08,0.8888772557954377,2769,False
2021,Spain,Bolivia (Plurinational State of),7.0,0.0,473.57142857142856,0.0,0.0,3110,4.3802462522276776e-08,0.8888772995979003,2682,False
2021,Zambia,Mozambique,14.856,0.0,260.3661820140011,0.0,0.0,3111,9.296134046156339e-08,0.8888773925592408,2446,False
2021,Turkiye,Uzbekistan,5.663,0.0,344.1638707398905,0.0,0.0,3112,3.5436192180521914e-08,0.888877427995433,2764,False
2021,Turkiye,Yemen,4.176,0.0,56.513409961685824,0.0,0.0,3113,2.6131297641861116e-08,0.8888774541267307,2872,False
2021,Spain,Turkiye,113346.966,113.0,22.46532121556743,0.0,0.0,3114,0.0007092680328898257,0.8895867221596205,176,False
2021,Turkiye,New Zealand,13.413,0.0,57.40699321553716,0.0,0.0,3115,8.393177568732834e-08,0.8895868060913962,2473,False
2021,Viet Nam,Turkiye,1496.102,1.0,53.2824633614553,0.0,0.0,3116,9.361850254929047e-06,0.8895961679416511,954,False
2021,Turkiye,Saudi Arabia,0.755,0.0,49.00662251655629,0.0,0.0,3117,4.724408457759852e-09,0.8895961726660595,3390,False
2021,Turkiye,Uganda,0.003,0.0,0.0,0.0,0.0,3118,1.8772483938118618e-11,0.889596172684832,4364,False
2021,Turkiye,Tajikistan,0.494,0.0,151.82186234817814,0.0,0.0,3119,3.0912023551435325e-09,0.8895961757760344,3495,False
2021,Spain,"Switzerland, Liechtenstein",1.8860000000000001,0.0,141.03923647932132,0.0,0.0,3120,1.1801634902430572e-08,0.8895961875776693,3121,False
2021,Viet Nam,Rwanda,2.98,0.0,10.06711409395973,0.0,0.0,3121,1.8647334045197826e-08,0.8895962062250033,2993,False
2021,Viet Nam,Serbia,34.174,0.0,168.6369754784339,0.0,0.0,3122,2.1384362203375521e-07,0.8895964200686254,2143,False
2021,Zambia,Zimbabwe,1389.737,1.0,56.44017537131126,0.0,0.0,3123,8.696271836903052e-06,0.8896051163404622,980,False
2021,Viet Nam,Slovakia,96.199,0.0,151.8830757076477,0.0,0.0,3124,6.019647274543577e-07,0.8896057183051898,1805,False
2021,Uganda,Japan,1.718,0.0,362.63096623981374,0.0,0.0,3125,1.0750375801895929e-08,0.8896057290555656,3149,False
2021,Turkiye,"Tanzania, United Republic of",11.226,0.0,5.96828790308213,0.0,0.0,3126,7.024663489643988e-08,0.8896057993022004,2533,False
2021,South Africa,Uzbekistan,1.786,0.0,49.83202687569989,0.0,0.0,3127,1.1175885437826617e-08,0.8896058104780858,3136,False
2021,Zambia,Uganda,1.122,0.0,254.9019607843137,0.0,0.0,3128,7.020908992856364e-09,0.8896058174989948,3269,False
2021,Zambia,"Tanzania, United Republic of",133.726,0.0,191.787685266889,0.0,0.0,3129,8.367897290362834e-07,0.8896066542887239,1705,False
2021,Uganda,"Congo, Dem. Rep. of the",57.654,0.0,76.80299719013425,0.0,0.0,3130,3.6076959632276364e-07,0.8896070150583202,1966,False
2021,Viet Nam,"Switzerland, Liechtenstein",49.984,0.0,89.92877720870678,0.0,0.0,3131,3.1277461238764036e-07,0.8896073278329326,2015,False
2021,Turkiye,Tunisia,24.999000000000002,0.0,61.48245929837193,0.0,0.0,3132,1.5643110865634246e-07,0.8896074842640412,2253,False
2021,Spain,Greenland,21.341,0.0,85.79729159833184,0.0,0.0,3133,1.3354119324112982e-07,0.8896076178052345,2315,False
2021,Zimbabwe,"Congo, Dem. Rep. of the",0.046,0.0,413.04347826086956,0.0,0.0,3134,2.878447537178188e-10,0.8896076180930792,4054,False
2021,Ukraine,Kyrgyzstan,11.984,0.0,65.00333778371161,0.0,0.0,3135,7.498981583813783e-08,0.889607693082895,2509,False
2021,Turkiye,Netherlands (Kingdom of the),11.970999999999998,0.0,122.88029404393954,0.0,0.0,3136,7.490846840773931e-08,0.8896077679913634,2510,False
2021,"Switzerland, Liechtenstein",Thailand,0.062,0.0,80.64516129032258,0.0,0.0,3137,3.8796466805445144e-10,0.8896077683793281,3995,False
2021,"Switzerland, Liechtenstein",Mozambique,0.018000000000000002,0.0,111.1111111111111,0.0,0.0,3138,1.1263490362871171e-10,0.889607768491963,4206,False
2021,"Switzerland, Liechtenstein",Netherlands (Kingdom of the),1.448,0.0,95.30386740331492,0.0,0.0,3139,9.060852247465253e-09,0.8896077775528153,3202,False
2021,United States of America,Mali,49.875,0.0,49.56390977443609,0.0,0.0,3140,3.12092545471222e-07,0.8896080896453608,2017,False
2021,United States of America,Malawi,0.215,0.0,69.76744186046511,0.0,0.0,3141,1.3453613488985009e-09,0.8896080909907221,3694,False
2021,United States of America,Luxembourg,17.968,0.0,14.136242208370437,0.0,0.0,3142,1.1243466380003844e-07,0.8896082034253859,2375,False
2021,"Switzerland, Liechtenstein",Philippines,2.097,0.0,77.73009060562708,0.0,0.0,3143,1.3121966272744914e-08,0.8896082165473522,3090,False
2021,"Switzerland, Liechtenstein",Poland,0.47500000000000003,0.0,170.52631578947367,0.0,0.0,3144,2.9723099568687813e-09,0.8896082195196622,3508,False
2021,United States of America,Lesotho,0.357,0.0,95.23809523809524,0.0,0.0,3145,2.233925588636115e-09,0.8896082217535878,3586,False
2021,United States of America,Lao People's Dem. Rep.,49.76,0.0,25.683279742765276,0.0,0.0,3146,3.1137293358692746e-07,0.8896085331265213,2019,False
2021,"Switzerland, Liechtenstein",Senegal,295.01,0.0,65.20456933663266,0.0,0.0,3147,1.8460234955281244e-06,0.8896103791500168,1452,False
2021,United States of America,Kyrgyzstan,18.361,0.0,92.96879254942542,0.0,0.0,3148,1.1489385919593198e-07,0.889610494043876,2365,False
2021,"Switzerland, Liechtenstein",Singapore,0.003,0.0,666.6666666666666,0.0,0.0,3149,1.8772483938118618e-11,0.8896104940626486,4364,False
2021,"Switzerland, Liechtenstein","Tanzania, United Republic of",0.026000000000000002,0.0,76.92307692307692,0.0,0.0,3150,1.6269486079702804e-10,0.8896104942253434,4149,False
2021,United States of America,Kazakhstan,44.282,0.0,269.77101305270764,0.0,0.0,3151,2.770943779159229e-07,0.8896107713197213,2066,False
2021,Viet Nam,Czechia,480.055,0.0,196.70871046025977,0.0,0.0,3152,3.003941592304511e-06,0.8896137752613136,1306,False
2021,United Arab Emirates,Philippines,0.001,0.0,0.0,0.2066,0.0,3153,6.257494646039539e-12,0.8896137752675711,4414,False
2021,"Switzerland, Liechtenstein",Ukraine,11.391,0.0,271.00342375559654,0.0,0.0,3154,7.12791215130364e-08,0.8896138465466926,2525,False
2021,"Switzerland, Liechtenstein",United Arab Emirates,0.004,0.0,500.0,0.0,0.0,3155,2.5029978584158157e-11,0.8896138465717226,4342,False
2021,Thailand,Tajikistan,29.22,0.0,23.47707049965777,0.0,0.0,3156,1.8284399355727533e-07,0.8896140294157162,2186,False
2021,United States of America,Hungary,54.705999999999996,0.0,159.21471136621213,0.0,0.0,3157,3.42322502106239e-07,0.8896143717382183,1985,False
2021,United States of America,Greenland,3.6639999999999997,0.0,114.6288209606987,0.0,0.0,3158,2.292746038308887e-08,0.8896143946656787,2910,False
2021,Thailand,"Switzerland, Liechtenstein",1236.553,1.0,84.11932201854671,0.0,0.0,3159,7.737723777044131e-06,0.8896221323894558,1014,False
2021,United States of America,Ethiopia,253376.62500000003,253.0,33.78176656982466,0.0,0.0,3160,0.0015855028743690682,0.8912076352638248,102,False
2021,Thailand,State of Palestine,1142.756,1.0,76.5771520779589,0.0,0.0,3161,7.150789551729561e-06,0.8912147860533766,1037,False
2021,United States of America,Eswatini,3.352,0.0,70.4057279236277,0.0,0.0,3162,2.0975122053524535e-08,0.8912148070284986,2944,False
2021,United States of America,Czechia,309.14899999999994,0.0,164.52907821147735,0.0,0.0,3163,1.934498212328477e-06,0.8912167415267109,1438,False
2021,United States of America,Cote d'Ivoire,0.194,0.0,128.86597938144328,0.0,0.0,3164,1.2139539613316706e-09,0.8912167427406649,3717,False
2021,United States of America,"China, Macao SAR",71.20700000000001,0.0,93.85313241675676,0.0,0.0,3165,4.455774212605375e-07,0.8912171883180862,1903,False
2021,Thailand,Turkiye,9388.555,9.0,50.0219682368586,0.0,0.0,3166,5.8748832646547746e-05,0.8912759371507327,566,False
2021,Thailand,Uganda,313.555,0.0,44.936295067850935,0.0,0.0,3167,1.9620687337389276e-06,0.8912778992194664,1435,False
2021,United Arab Emirates,Niger,0.09,0.0,111.11111111111111,0.0,0.0,3168,5.631745181435586e-10,0.8912778997826409,3919,False
2021,"Switzerland, Liechtenstein",Mali,0.162,0.0,43.20987654320987,0.0,0.0,3169,1.0137141326584055e-09,0.891277900796355,3764,False
2021,United Arab Emirates,France,0.001,0.0,1000.0,0.4195,0.0,3170,6.257494646039539e-12,0.8912779008026126,4414,False
2021,Togo,Mali,3.255,0.0,75.57603686635944,0.0,0.0,3171,2.03681450728587e-08,0.8912779211707577,2956,False
2021,Sweden,Greenland,0.028,0.0,214.28571428571428,0.0,0.0,3172,1.752098500891071e-10,0.8912779213459675,4130,False
2021,United States of America,Nepal,541.284,1.0,51.78427590691763,0.0,0.0,3173,3.387081731986866e-06,0.8912813084276995,1263,False
2021,Sweden,North Macedonia,0.04,0.0,150.0,0.0,0.0,3174,2.502997858415816e-10,0.8912813086779993,4074,False
2021,United States of America,Montserrat,76.672,0.0,66.29538814691152,0.0,0.0,3175,4.797746295011436e-07,0.8912817884526287,1883,False
2021,United Arab Emirates,Kenya,0.001,0.0,1000.0,0.277,0.0,3176,6.257494646039539e-12,0.8912817884588863,4414,False
2021,United States of America,Mongolia,36.452,0.0,44.16767255568968,0.0,0.0,3177,2.2809819483743328e-07,0.8912820165570812,2123,False
2021,United States of America,"Moldova, Republic of",96.596,0.0,71.79386309992132,0.0,0.0,3178,6.044489528288354e-07,0.891282621006034,1803,False
2021,Sweden,"Switzerland, Liechtenstein",6.363,0.0,54.37686625805437,0.0,0.0,3179,3.981643843274959e-08,0.8912826608224724,2725,False
2021,Sweden,Turkiye,2.816,0.0,186.78977272727275,0.0,0.0,3180,1.762110492324734e-08,0.8912826784435773,3010,False
2021,Thailand,Zimbabwe,5345.3330000000005,5.0,63.106077769149266,0.0,0.0,3181,3.3448392628798474e-05,0.8913161268362061,676,False
2021,Thailand,Zambia,8.876,0.0,78.30103650292925,0.0,0.0,3182,5.554152247824695e-08,0.8913161823777286,2605,False
2021,"Switzerland, Liechtenstein",Austria,0.091,0.0,241.75824175824175,0.0,0.0,3183,5.694320127895981e-10,0.8913161829471606,3918,False
2021,"Switzerland, Liechtenstein",Bahrain,0.012,0.0,416.6666666666667,0.0,0.0,3184,7.508993575247447e-11,0.8913161830222506,4248,False
2021,"Switzerland, Liechtenstein",Belgium,0.373,0.0,233.24396782841822,0.0,0.0,3185,2.334045502972748e-09,0.8913161853562961,3578,False
2021,"Switzerland, Liechtenstein",Chile,0.636,0.0,485.8490566037736,0.0,0.0,3186,3.9797665948811466e-09,0.8913161893360627,3432,False
2021,"Switzerland, Liechtenstein",Czechia,0.036000000000000004,0.0,416.66666666666663,0.0,0.0,3187,2.2526980725742343e-10,0.8913161895613325,4095,False
2021,"Switzerland, Liechtenstein",France,11.556,0.0,106.95742471443407,0.0,0.0,3188,7.231160812963291e-08,0.8913162618729407,2519,False
2021,"Switzerland, Liechtenstein",Germany,40.388000000000005,0.0,87.12984054669703,0.0,0.0,3189,2.5272769376424496e-07,0.8913165146006344,2094,False
2021,"Switzerland, Liechtenstein",Hungary,0.019,0.0,421.0526315789474,0.0,0.0,3190,1.1889239827475124e-10,0.8913165147195269,4201,False
2021,"Switzerland, Liechtenstein",Indonesia,7.140000000000001,0.0,37.25490196078431,0.0,0.0,3191,4.4678511772722316e-08,0.8913165593980387,2674,False
2021,United Arab Emirates,Mali,0.066,0.0,181.8181818181818,0.0,0.0,3192,4.129946466386096e-10,0.8913165598110333,3978,False
2021,"Switzerland, Liechtenstein",Iran (Islamic Republic of),14058.781,14.0,54.64079709328995,0.0,0.0,3193,8.797274683734241e-05,0.8914045325578707,497,False
2021,Thailand,Uzbekistan,0.004,0.0,0.0,0.0,0.0,3194,2.5029978584158157e-11,0.8914045325829006,4342,False
2021,"Switzerland, Liechtenstein",Israel,51545.854999999996,52.0,32.27539828372233,0.0,0.0,3195,0.00032254791168803037,0.8917270804945887,280,False
2021,"Switzerland, Liechtenstein",Italy,0.11,0.0,263.6363636363636,0.0,0.0,3196,6.883244110643493e-10,0.8917270811829131,3857,False
2021,United Arab Emirates,Rwanda,0.051000000000000004,0.0,176.47058823529412,0.0,0.0,3197,3.1913222694801655e-10,0.8917270815020454,4032,False
2021,Thailand,Slovakia,10.598,0.0,167.95621815436874,0.0,0.0,3198,6.631692825872704e-08,0.8917271478189737,2552,False
2021,United States of America,Central African Republic,6.163,0.0,49.813402563686516,0.0,0.0,3199,3.8564939503541683e-08,0.8917271863839131,2736,False
2021,United States of America,Austria,196.325,0.0,34.809626894180575,0.0,0.0,3200,1.2285026363837125e-06,0.8917284148865495,1579,False
2021,Thailand,Nepal,7.091,0.0,86.02453814694684,0.0,0.0,3201,4.437189453506637e-08,0.891728459258444,2677,False
2021,Thailand,Azerbaijan,22.63,0.0,57.35749005744587,0.0,0.0,3202,1.4160710383987476e-07,0.8917286008655478,2296,False
2021,United Kingdom,Zimbabwe,0.297,0.0,90.9090909090909,0.0,0.0,3203,1.858475909873743e-09,0.8917286027240238,3630,False
2021,United Kingdom,Zambia,0.003,0.0,0.0,0.0,0.0,3204,1.8772483938118618e-11,0.8917286027427963,4364,False
2021,Thailand,Mongolia,79.178,0.0,41.21094243350426,0.0,0.0,3205,4.954559110841186e-07,0.8917290981987074,1872,False
2021,Thailand,"Moldova, Republic of",3.3970000000000002,0.0,160.14130114807182,0.0,0.0,3206,2.1256709312596318e-08,0.8917291194554167,2939,False
2021,United Kingdom,Czechia,0.099,0.0,191.91919191919192,0.0,0.0,3207,6.194919699579144e-10,0.8917291200749087,3897,False
2021,Thailand,Botswana,76.72200000000001,0.0,29.939261228852217,0.0,0.0,3208,4.800875042334456e-07,0.8917296001624129,1882,False
2021,Thailand,Mali,129.595,0.0,25.44851267410008,0.0,0.0,3209,8.109400186534941e-07,0.8917304111024316,1714,False
2021,Thailand,Malawi,0.001,0.0,0.0,0.0,0.0,3210,6.257494646039539e-12,0.8917304111086891,4414,False
2021,Thailand,Luxembourg,37.391,0.0,33.002594207162154,0.0,0.0,3211,2.339739823100644e-07,0.8917306450826714,2112,False
2021,Thailand,Lao People's Dem. Rep.,65117.356,65.0,21.227044292154613,0.0,0.0,3212,0.00040747150653425065,0.8921381165892056,247,False
2021,Thailand,Kazakhstan,0.005,0.0,1200.0,0.0,0.0,3213,3.12874732301977e-11,0.8921381166204931,4322,False
2021,Thailand,Hungary,6.67,0.0,60.719640179910044,0.0,0.0,3214,4.173748928908373e-08,0.8921381583579824,2706,False
2021,Thailand,Burkina Faso,62.258,0.0,14.27928940859006,0.0,0.0,3215,3.8957910167312966e-07,0.892138547937084,1941,False
2021,United Kingdom,"Switzerland, Liechtenstein",0.277,0.0,198.55595667870034,0.0,0.0,3216,1.7333260169529525e-09,0.8921385496704101,3640,False
2021,United Kingdom,Sri Lanka,0.001,0.0,1000.0,0.4405,0.0,3217,6.257494646039539e-12,0.8921385496766676,4414,False
2021,Thailand,Greenland,1.499,0.0,109.40627084723148,0.0,0.0,3218,9.37998447441327e-09,0.8921385590566521,3190,False
2021,United Kingdom,Lao People's Dem. Rep.,0.184,0.0,141.30434782608697,0.0,0.0,3219,1.1513790148712753e-09,0.8921385602080311,3725,False
2021,Thailand,Central African Republic,0.17500000000000002,0.0,28.57142857142857,0.0,0.0,3220,1.0950615630569194e-09,0.8921385613030927,3738,False
2021,United Kingdom,Rwanda,0.995,0.0,71.35678391959799,0.0,0.0,3221,6.226207172809341e-09,0.8921385675292999,3312,False
2021,Thailand,"China, Macao SAR",18540.309999999998,19.0,44.839110025668404,0.0,0.0,3222,0.00011601589056091331,0.8922545834198607,441,False
2021,Thailand,Cote d'Ivoire,10217.182,10.0,53.06081461600664,0.0,0.0,3223,6.393396166261156e-05,0.8923185173815233,550,False
2021,Thailand,Czechia,95.95400000000001,0.0,219.46974591991994,0.0,0.0,3224,6.00431641266078e-07,0.8923191178131646,1808,False
2021,Thailand,Ethiopia,5.668,0.0,26.99364855328158,0.0,0.0,3225,3.546747965375211e-08,0.8923191532806443,2763,False
2021,Thailand,Eswatini,738.77,1.0,40.84897870785224,0.0,0.0,3226,4.62284931965463e-06,0.8923237761299639,1174,False
2021,United Kingdom,Oman,0.002,0.0,500.0,0.412,0.0,3227,1.2514989292079079e-11,0.8923237761424789,4382,False
2021,United States of America,Armenia,1.0,0.0,85.0,0.0,0.0,3228,6.257494646039539e-09,0.8923237823999736,3304,False
2021,United States of America,Azerbaijan,1.725,0.0,496.231884057971,0.0,0.0,3229,1.0794178264418205e-08,0.8923237931941518,3146,False
2021,Thailand,Serbia,8.048,0.0,64.61232604373757,0.0,0.0,3230,5.036031691132621e-08,0.8923238435544687,2635,False
2021,Thailand,Austria,49.616,0.0,110.9118026443083,0.0,0.0,3231,3.104718543578978e-07,0.892324154026323,2023,False
2021,Syrian Arab Republic,Turkiye,0.012,0.0,250.0,0.0,0.0,3232,7.508993575247447e-11,0.892324154101413,4248,False
2021,Thailand,Rwanda,3.178,0.0,12.901195720578981,0.0,0.0,3233,1.9886317985113656e-08,0.892324173987731,2967,False
2021,Tajikistan,Algeria,3.197,0.0,90.71004066312167,0.0,0.0,3234,2.0005210383388407e-08,0.8923241939929414,2965,False
2021,United States of America,Burundi,0.028,0.0,0.0,0.0,0.0,3235,1.752098500891071e-10,0.8923241941681512,4130,False
2021,Tajikistan,Bahamas,624.2620000000001,1.0,27.539718900077208,0.0,0.0,3236,3.906316122725935e-06,0.8923281004842739,1218,False
2021,United Arab Emirates,Uganda,0.453,0.0,139.0728476821192,0.0,0.0,3237,2.8346450746559115e-09,0.892328103318919,3521,False
2021,United Arab Emirates,Zambia,0.002,0.0,0.0,0.0,0.0,3238,1.2514989292079079e-11,0.892328103331434,4382,False
2021,United States of America,Burkina Faso,444.011,0.0,26.43853418045949,0.0,0.0,3239,2.778396455282662e-06,0.8923308817278892,1330,False
2021,Tajikistan,Kyrgyzstan,0.001,0.0,0.0,0.0,0.0,3240,6.257494646039539e-12,0.8923308817341468,4414,False
2021,Tajikistan,Ukraine,0.001,0.0,0.0,0.0,0.0,3241,6.257494646039539e-12,0.8923308817404043,4414,False
2021,United Arab Emirates,Zimbabwe,0.122,0.0,81.9672131147541,0.0,0.0,3242,7.634143468168238e-10,0.8923308825038186,3843,False
2021,"Tanzania, United Republic of",Botswana,0.433,0.0,90.06928406466513,0.0,0.0,3243,2.7094951817351204e-09,0.8923308852133138,3535,False
2021,"Tanzania, United Republic of",Burundi,542.953,1.0,38.78052059754712,0.0,0.0,3244,3.397525490551106e-06,0.8923342827388043,1259,False
2021,Thailand,Palau,265.373,0.0,57.91094044985737,0.0,0.0,3245,1.6605701267034506e-06,0.8923359433089311,1480,False
2021,"Tanzania, United Republic of",Eswatini,7.912,0.0,67.9979777553084,0.0,0.0,3246,4.950929763946483e-08,0.8923359928182287,2643,False
2021,Thailand,North Macedonia,7.793,0.0,133.32477864750416,0.0,0.0,3247,4.876465577658613e-08,0.8923360415828845,2649,False
2021,Thailand,Niger,516.67,1.0,26.895310352836436,0.0,0.0,3248,3.2330597587692486e-06,0.8923392746426433,1278,False
2021,"Tanzania, United Republic of",Rwanda,23538.33,24.0,36.416177358376736,0.0,0.0,3249,0.00014729097395171188,0.892486565616595,408,False
2021,"Tanzania, United Republic of",Uganda,465.74399999999997,0.0,32.91293070871552,0.0,0.0,3250,2.914390586425039e-06,0.8924894800071814,1316,False
2021,"Tanzania, United Republic of",Zambia,0.017,0.0,411.7647058823529,0.0,0.0,3251,1.0637740898267218e-10,0.8924894801135589,4214,False
2021,"Tanzania, United Republic of",Zimbabwe,0.095,0.0,94.73684210526315,0.0,0.0,3252,5.944619913737562e-10,0.8924894807080209,3909,False
2021,Thailand,Andorra,0.003,0.0,333.3333333333333,0.0,0.0,3253,1.8772483938118618e-11,0.8924894807267935,4364,False
2021,United Kingdom,Burundi,0.16,0.0,75.0,0.0,0.0,3254,1.0011991433663264e-09,0.8924894817279926,3770,False
2021,Thailand,Armenia,121.462,0.0,55.07895473481418,0.0,0.0,3255,7.600478146972545e-07,0.8924902417758073,1739,False
2021,United States of America,Botswana,0.026000000000000002,0.0,76.92307692307692,0.0,0.0,3256,1.6269486079702804e-10,0.8924902419385021,4149,False
2021,Uganda,"Tanzania, United Republic of",128.01600000000002,0.0,23.73922009748781,0.0,0.0,3257,8.010594346073978e-07,0.8924910429979367,1718,False
2021,United States of America,Belarus,52.467000000000006,0.0,45.990813273105,0.0,0.0,3258,3.2831197159375655e-07,0.8924913713099083,1995,False
2021,United Arab Emirates,Ethiopia,3.322,0.0,118.9042745334136,0.0,0.0,3259,2.078739721414335e-08,0.8924913920973055,2947,False
2021,United Arab Emirates,Cote d'Ivoire,0.003,0.0,333.3333333333333,0.0,0.0,3260,1.8772483938118618e-11,0.8924913921160781,4364,False
2021,United States of America,Niger,195.841,0.0,49.3767903554414,0.0,0.0,3261,1.2254740089750295e-06,0.892492617590087,1580,False
2021,Turkiye,Latvia,3.0,0.0,41.666666666666664,0.0,0.0,3262,1.8772483938118618e-08,0.8924926363625709,2987,False
2021,Uruguay,Turkiye,23911.78,24.0,64.29822455710115,0.0,0.0,3263,0.00014962783532727534,0.8926422641978982,407,False
2021,Uruguay,"Switzerland, Liechtenstein",415.528,0.0,52.145703779288034,0.0,0.0,3264,2.6001642352795176e-06,0.8926448643621334,1350,False
2021,Turkiye,Kuwait,0.056999999999999995,0.0,298.2456140350877,0.0,0.0,3265,3.566771948242537e-10,0.8926448647188107,4012,False
2021,Turkiye,"Korea, Republic of",0.038,0.0,210.52631578947367,0.0,0.0,3266,2.3778479654950247e-10,0.8926448649565955,4088,False
2021,Turkiye,Kenya,0.209,0.0,33.49282296650718,0.0,0.0,3267,1.3078163810222637e-09,0.8926448662644119,3704,False
2021,Turkiye,Kazakhstan,0.5710000000000001,0.0,415.06129597197895,0.0,0.0,3268,3.573029442888577e-09,0.8926448698374413,3458,False
2021,Turkiye,Jordan,50.55800000000001,0.0,36.492741010324764,0.0,0.0,3269,3.1636641431446705e-07,0.8926451862038556,2010,False
2021,Turkiye,Japan,5.4590000000000005,0.0,149.84429382670817,0.0,0.0,3270,3.415966327272985e-08,0.8926452203635189,2774,False
2021,Sri Lanka,"Switzerland, Liechtenstein",135.448,0.0,43.810170692812,0.0,0.0,3271,8.475651348167636e-07,0.8926460679286538,1698,False
2021,Turkiye,Italy,101.39,0.0,83.20347174277542,0.0,0.0,3272,6.344473821619488e-07,0.8926467023760359,1785,False
2021,Uruguay,Niger,35.675999999999995,0.0,47.95941249018949,0.0,0.0,3273,2.2324237899210656e-07,0.892646925618415,2129,False
2021,Turkiye,Israel,2053.304,2.0,39.63173499881167,0.0,0.0,3274,1.284853878669157e-05,0.8926597741572017,885,False
2021,Sri Lanka,Zambia,0.166,0.0,24.096385542168672,0.0,0.0,3275,1.0387441112425636e-09,0.8926597751959457,3758,False
2021,Turkiye,Ireland,7.7250000000000005,0.0,110.80906148867314,0.0,0.0,3276,4.8339146140655446e-08,0.8926598235350919,2651,False
2021,Turkiye,Iran (Islamic Republic of),527.803,1.0,72.74683925631344,0.0,0.0,3277,3.302724446663607e-06,0.8926631262595386,1274,False
2021,Turkiye,Indonesia,768.539,1.0,79.72920046998266,0.0,0.0,3278,4.809128677772581e-06,0.8926679353882163,1159,False
2021,Uruguay,"Moldova, Republic of",0.067,0.0,134.32835820895522,0.0,0.0,3279,4.1925214128464917e-10,0.8926679358074685,3977,False
2021,Turkiye,India,1.172,0.0,112.62798634812287,0.0,0.0,3280,7.3337837251583396e-09,0.8926679431412522,3254,False
2021,Uruguay,Kyrgyzstan,0.323,0.0,24.767801857585138,0.0,0.0,3281,2.0211707706707714e-09,0.892667945162423,3606,False
2021,Turkiye,Iceland,22.297,0.0,29.82464008611024,0.0,0.0,3282,1.395233581227436e-07,0.8926680846857811,2300,False
2021,Turkiye,Hungary,15.485000000000001,0.0,193.21924443009362,0.0,0.0,3283,9.689730459392227e-08,0.8926681815830857,2429,False
2021,Turkiye,Guinea,2.434,0.0,80.52588331963845,0.0,0.0,3284,1.5230741968460238e-08,0.8926681968138277,3052,False
2021,Turkiye,Germany,738.8570000000001,1.0,62.36389450191308,0.0,0.0,3285,4.623393721688836e-06,0.8926728202075493,1173,False
2021,Uruguay,Austria,0.373,0.0,53.61930294906166,0.0,0.0,3286,2.334045502972748e-09,0.8926728225415949,3578,False
2021,United States of America,Zimbabwe,832.5300000000001,1.0,61.350341729427164,0.0,0.0,3287,5.2095520176672984e-06,0.8926780320936125,1134,False
2021,United States of America,Zambia,4.463,0.0,570.0201658077526,0.0,0.0,3288,2.7927198605274464e-08,0.8926780600208111,2845,False
2021,Turkiye,Georgia,49.729,0.0,102.83737859196847,0.0,0.0,3289,3.1117895125290023e-07,0.8926783711997623,2020,False
2021,Turkiye,Kyrgyzstan,1.665,0.0,321.9219219219219,0.0,0.0,3290,1.0418728585655833e-08,0.8926783816184909,3157,False
2021,Turkiye,Lebanon,152.45100000000002,0.0,62.439734734439256,0.0,0.0,3291,9.53961316283374e-07,0.8926793355798072,1648,False
2021,Turkiye,Gambia,13.241000000000001,0.0,154.82214334264782,0.0,0.0,3292,8.285548660820955e-08,0.8926794184352937,2482,False
2021,Turkiye,Libya,60838.701,61.0,33.41478313286143,0.0,0.0,3293,0.00038069784577950035,0.8930601162810733,256,False
2021,Turkiye,Nepal,2.641,0.0,134.4187807648618,0.0,0.0,3294,1.6526043360190423e-08,0.8930601328071166,3026,False
2021,Turkiye,Morocco,79.127,0.0,187.74880887686885,0.0,0.0,3295,4.951367788571706e-07,0.8930606279438955,1873,False
2021,Turkiye,Montenegro,1.515,0.0,114.85148514851485,0.0,0.0,3296,9.480104388749902e-09,0.8930606374239999,3187,False
2021,Turkiye,Mongolia,0.057,0.0,438.59649122807014,0.0,0.0,3297,3.5667719482425376e-10,0.8930606377806771,4009,False
2021,Turkiye,"Moldova, Republic of",0.95,0.0,149.47368421052633,0.0,0.0,3298,5.944619913737562e-09,0.893060643725297,3330,False
2021,Turkiye,Mauritius,0.4,0.0,637.5,0.0,0.0,3299,2.5029978584158157e-09,0.8930606462282948,3555,False
2021,Turkiye,Mauritania,10.064,0.0,56.43879173290938,0.0,0.0,3300,6.297542611774192e-08,0.8930607092037209,2567,False
2021,Viet Nam,Cote d'Ivoire,119209.668,119.0,56.523485997796755,0.0,0.0,3301,0.000745953859266151,0.8938066630629871,169,False
2021,Turkiye,Malta,2.0380000000000003,0.0,52.50245338567222,0.0,0.0,3302,1.2752774088628582e-08,0.8938066758157611,3093,False
2021,Turkiye,Mali,1.1809999999999998,0.0,90.60118543607113,0.0,0.0,3303,7.390101176972695e-09,0.8938066832058623,3252,False
2021,Turkiye,Maldives,0.632,0.0,109.17721518987342,0.0,0.0,3304,3.9547366162969884e-09,0.893806687160599,3436,False
2021,Turkiye,Luxembourg,0.08600000000000001,0.0,220.93023255813952,0.0,0.0,3305,5.381445395594004e-10,0.8938066876987435,3929,False
2021,Viet Nam,"China, Macao SAR",6554.684,7.0,28.917336060746788,0.0,0.0,3306,4.101590003648103e-05,0.89384770359878,643,False
2021,Viet Nam,Central African Republic,0.107,0.0,18.69158878504673,0.0,0.0,3307,6.695519271262307e-10,0.8938477042683319,3867,False
2021,Viet Nam,Burkina Faso,19.798000000000002,0.0,15.001515304576218,0.0,0.0,3308,1.2388587900229081e-07,0.8938478281542109,2340,False
2021,Viet Nam,Belarus,0.556,0.0,140.28776978417264,0.0,0.0,3309,3.479167023197984e-09,0.893847831633378,3465,False
2021,Viet Nam,Azerbaijan,1.603,0.0,112.91328758577667,0.0,0.0,3310,1.0030763917601381e-08,0.8938478416641419,3173,False
2021,Viet Nam,Austria,46.634,0.0,93.62267873225544,0.0,0.0,3311,2.9181200532340786e-07,0.8938481334761472,2050,False
2021,Uzbekistan,United States of America,129.38400000000001,0.0,62.71254560069251,0.0,0.0,3312,8.096196872831798e-07,0.8938489430958345,1715,False
2021,Uzbekistan,United Arab Emirates,0.177,0.0,50.847457627118644,0.0,0.0,3313,1.1075765523489983e-09,0.8938489442034111,3735,False
2021,Uzbekistan,Turkiye,35.341,0.0,12.648198975693953,0.0,0.0,3314,2.2114611828568337e-07,0.8938491653495294,2132,False
2021,Uzbekistan,Tajikistan,0.6880000000000001,0.0,36.337209302325576,0.0,0.0,3315,4.305156316475203e-09,0.8938491696546857,3411,False
2021,Uzbekistan,Saudi Arabia,6.018,0.0,93.88501163177136,0.0,0.0,3316,3.7657602779865945e-08,0.8938492073122886,2743,False
2021,Uzbekistan,Pakistan,5.801,0.0,26.202378900189622,0.0,0.0,3317,3.629972644167537e-08,0.893849243612015,2752,False
2021,Uzbekistan,Kyrgyzstan,0.377,0.0,21.220159151193634,0.0,0.0,3318,2.3590754815569063e-09,0.8938492459710905,3575,False
2021,Uzbekistan,"Korea, Republic of",0.001,0.0,1000.0,0.0,0.0,3319,6.257494646039539e-12,0.893849245977348,4414,False
2021,Uruguay,Zambia,0.008,0.0,250.0,0.0,0.0,3320,5.0059957168316314e-11,0.893849246027408,4294,False
2021,United States of America,Uzbekistan,84.017,0.0,144.54217598819287,0.0,0.0,3321,5.257359276763039e-07,0.8938497717633357,1853,False
2021,Turkiye,French Polynesia,0.591,0.0,160.7445008460237,0.0,0.0,3322,3.6981793358093675e-09,0.893849775461515,3447,False
2021,United States of America,North Macedonia,2.535,0.0,235.89743589743588,0.0,0.0,3323,1.5862748927710232e-08,0.8938497913242639,3041,False
2021,Turkiye,Angola,4743.263999999999,5.0,97.43670181545873,0.0,0.0,3324,2.9680949084752084e-05,0.8938794722733486,703,False
2021,Turkiye,Afghanistan,16.687,0.0,46.203631569485225,0.0,0.0,3325,1.044188131584618e-07,0.8938795766921618,2398,False
2021,Ukraine,Kazakhstan,2.8080000000000003,0.0,242.87749287749284,0.0,0.0,3326,1.7571044966079027e-08,0.8938795942632067,3012,False
2021,United States of America,Slovakia,19.675,0.0,118.42439644218551,0.0,0.0,3327,1.2311620716082793e-07,0.8938797173794139,2343,False
2021,South Africa,Turkiye,617.247,1.0,33.26869146387103,0.0,0.0,3328,3.862419797783967e-06,0.8938835797992116,1220,False
2021,Ukraine,Luxembourg,0.07200000000000001,0.0,472.2222222222222,0.0,0.0,3329,4.5053961451484685e-10,0.8938835802497512,3964,False
2021,Ukraine,Mali,0.547,0.0,111.51736745886653,0.0,0.0,3330,3.4228495713836283e-09,0.8938835836726008,3470,False
2021,Suriname,Slovakia,5.188,0.0,130.68619892058598,0.0,0.0,3331,3.246388222365313e-08,0.893883616136483,2793,False
2021,Ukraine,"Moldova, Republic of",134.844,0.0,177.37533742695263,0.0,0.0,3332,8.437856080505555e-07,0.8938844599220911,1701,False
2021,United States of America,Serbia,3.4080000000000004,0.0,448.9436619718309,0.0,0.0,3333,2.1325541753702752e-08,0.8938844812476329,2938,False
2021,Ukraine,Niger,0.648,0.0,118.82716049382715,0.0,0.0,3334,4.054856530633622e-09,0.8938844853024894,3428,False
2021,United States of America,Rwanda,0.045,0.0,22.22222222222222,0.0,0.0,3335,2.815872590717793e-10,0.8938844855840767,4058,False
2021,Ukraine,North Macedonia,0.051000000000000004,0.0,117.6470588235294,0.0,0.0,3336,3.1913222694801655e-10,0.893884485903209,4032,False
2021,Trinidad and Tobago,Luxembourg,0.076,0.0,144.73684210526315,0.0,0.0,3337,4.755695930990049e-10,0.8938844863787786,3953,False
2021,Ukraine,Serbia,4.165,0.0,3515.2460984393756,0.0,0.0,3338,2.606246520075468e-08,0.8938845124412438,2873,False
2021,Ukraine,Slovakia,28.04,0.0,90.5848787446505,0.0,0.0,3339,1.754601498749487e-07,0.8938846879013936,2205,False
2021,Ukraine,State of Palestine,119.96000000000001,0.0,123.00766922307434,0.0,0.0,3340,7.506490577389032e-07,0.8938854385504513,1742,False
2021,Ukraine,"Switzerland, Liechtenstein",141.203,0.0,93.22748100252828,0.0,0.0,3341,8.83577016504721e-07,0.8938863221274679,1685,False
2021,Ukraine,Turkiye,2309087.853,2309.0,32.77877751669936,0.0,0.0,3342,0.014449104877382435,0.9083354270048503,14,False
2021,Ukraine,Uganda,3.249,0.0,69.55986457371499,0.0,0.0,3343,2.0330600104982465e-08,0.9083354473354504,2958,False
2021,Ukraine,Uzbekistan,0.468,0.0,750.0,0.0,0.0,3344,2.9285074943465045e-09,0.9083354502639579,3511,False
2021,Togo,"Switzerland, Liechtenstein",0.429,0.0,88.57808857808858,0.0,0.0,3345,2.6844652031509622e-09,0.9083354529484231,3539,False
2021,United States of America,Palau,815.559,1.0,61.42167519455981,0.0,0.0,3346,5.10335607602936e-06,0.9083405563044992,1142,False
2021,Ukraine,Zambia,6.788,0.0,215.2327637006482,0.0,0.0,3347,4.247587365731639e-08,0.9083405987803729,2701,False
2021,Ukraine,Zimbabwe,7.9990000000000006,0.0,48.131016377047125,0.0,0.0,3348,5.0053699673670277e-08,0.9083406488340725,2638,False
2021,Togo,Niger,3.481,0.0,14.65096236713588,0.0,0.0,3349,2.1782338862863634e-08,0.9083406706164113,2929,False
2021,United Arab Emirates,Angola,0.001,0.0,0.0,0.2137,0.0,3350,6.257494646039539e-12,0.9083406706226689,4414,False
2021,United Arab Emirates,Burundi,0.074,0.0,94.5945945945946,0.0,0.0,3351,4.630546038069259e-10,0.9083406710857235,3960,False
2021,Turkiye,Algeria,2.633,0.0,148.12001519179643,0.0,0.0,3352,1.6475983403022107e-08,0.9083406875617068,3028,False
2021,Turkiye,Antigua and Barbuda,0.002,0.0,1000.0,0.0,0.0,3353,1.2514989292079079e-11,0.9083406875742218,4382,False
2021,Turkiye,France,34.958,0.0,157.47468390640196,0.0,0.0,3354,2.187494978362502e-07,0.9083409063237197,2135,False
2021,Turkiye,Australia,133.462,0.0,114.33966222595197,0.0,0.0,3355,8.35137750449729e-07,0.9083417414614701,1706,False
2021,Sudan,Uzbekistan,0.01,0.0,200.0,0.0,0.0,3356,6.25749464603954e-11,0.908341741524045,4272,False
2021,Ukraine,Hungary,1253.716,1.0,72.43905318269849,0.0,0.0,3357,7.845121157654107e-06,0.9083495866452027,1008,False
2021,Turkiye,Finland,0.056,0.0,2142.8571428571427,0.0,0.0,3358,3.504197001782142e-10,0.9083495869956224,4013,False
2021,Turkiye,Ethiopia,793.2049999999999,1.0,46.352456174633296,0.0,0.0,3359,4.963476040711793e-06,0.9083545504716631,1148,False
2021,United States of America,Uganda,84.952,0.0,44.34268763537057,0.0,0.0,3360,5.315866851703509e-07,0.9083550820583483,1851,False
2021,Turkiye,El Salvador,0.031,0.0,161.29032258064515,0.0,0.0,3361,1.9398233402722572e-10,0.9083550822523306,4114,False
2021,Suriname,Botswana,1.834,0.0,268.8113413304253,0.0,0.0,3362,1.1476245180836515e-08,0.9083550937285758,3128,False
2021,United States of America,Turkiye,27092.963,27.0,67.74869917328718,0.0,0.0,3363,0.00016953407091784733,0.9085246277994936,385,False
2021,Turkiye,Egypt,973.801,1.0,45.348074195857265,0.0,0.0,3364,6.0935545438079495e-06,0.9085307213540375,1087,False
2021,Turkiye,Denmark,0.179,0.0,106.14525139664805,0.0,0.0,3365,1.1200915416410774e-09,0.908530722474129,3733,False
2021,Turkiye,Cyprus,2.7600000000000002,0.0,34.05797101449275,0.0,0.0,3366,1.727068522306913e-08,0.9085307397448142,3020,False
2021,Turkiye,Croatia,0.743,0.0,201.8842530282638,0.0,0.0,3367,4.649318522007377e-09,0.9085307443941327,3392,False
2021,Turkiye,Cote d'Ivoire,0.125,0.0,120.0,0.0,0.0,3368,7.821868307549424e-10,0.9085307451763196,3834,False
2021,Turkiye,China,0.007,0.0,285.7142857142857,0.0,0.0,3369,4.380246252227678e-11,0.9085307452201221,4297,False
2021,Suriname,Czechia,198.90800000000002,0.0,43.95499426870714,0.0,0.0,3370,1.2446657450544327e-06,0.9085319898858671,1572,False
2021,United States of America,Tajikistan,0.01,0.0,0.0,0.0,0.0,3371,6.25749464603954e-11,0.9085319899484421,4272,False
2021,Turkiye,Chile,31.244,0.0,86.92869030853925,0.0,0.0,3372,1.9550916272085936e-07,0.9085321854576048,2164,False
2021,Turkiye,Cameroon,0.16,0.0,218.75,0.0,0.0,3373,1.0011991433663264e-09,0.908532186458804,3770,False
2021,Turkiye,Bulgaria,34.452,0.0,60.228724021827475,0.0,0.0,3374,2.155832055453542e-07,0.9085324020420095,2140,False
2021,United States of America,"Switzerland, Liechtenstein",770.533,1.0,62.42042845666571,0.0,0.0,3375,4.821606122096784e-06,0.9085372236481316,1158,False
2021,Turkiye,Brunei Darussalam,0.089,0.0,269.6629213483146,0.0,0.0,3376,5.569170234975189e-10,0.9085372242050487,3922,False
2021,Turkiye,Benin,1509.928,2.0,49.10366587016069,0.0,0.0,3377,9.44836637590519e-06,0.9085466725714246,951,False
2021,Turkiye,Belgium,538.451,1.0,65.79057332979231,0.0,0.0,3378,3.369354249654636e-06,0.9085500419256742,1265,False
2021,Turkiye,Bahrain,1.7449999999999999,0.0,99.71346704871061,0.0,0.0,3379,1.0919328157338996e-08,0.9085500528450023,3144,False
2021,Turkiye,Azerbaijan,25.476,0.0,147.94316219186686,0.0,0.0,3380,1.594159336025033e-07,0.9085502122609359,2243,False
2021,Turkiye,Austria,3.1719999999999997,0.0,127.04918032786887,0.0,0.0,3381,1.9848773017237417e-08,0.908550232109709,2969,False
2021,United States of America,State of Palestine,8250.104,8.0,67.15685038637089,0.0,0.0,3382,5.1624981609269385e-05,0.9086018570913182,598,False
2021,United States of America,Bolivia (Plurinational State of),1833.392,2.0,160.59740633754265,0.0,0.0,3383,1.1472440624091724e-05,0.9086133295319423,911,False
2021,Afghanistan,Mozambique,4.405,0.0,195.00567536889898,0.0,0.0,3384,2.7564263915804173e-08,0.9086133570962062,2852,False
2021,South Africa,Tajikistan,0.6,0.0,136.66666666666669,0.0,0.0,3385,3.754496787623723e-09,0.908613360850703,3445,False
2021,Ethiopia,Sweden,9.0,0.0,29.333333333333332,0.0,0.0,3386,5.6317451814355854e-08,0.9086134171681548,2600,False
2021,Ethiopia,Italy,21.054000000000002,0.0,97.17868338557993,0.0,0.0,3387,1.3174529227771647e-07,0.908613548913447,2323,False
2021,Ethiopia,Kenya,454.254,0.0,19.409845592994227,0.0,0.0,3388,2.842491972942045e-06,0.9086163914054199,1320,False
2021,Ethiopia,Netherlands (Kingdom of the),0.9380000000000001,0.0,57.56929637526652,0.0,0.0,3389,5.869529977985088e-09,0.9086163972749499,3334,False
2021,Ethiopia,New Zealand,2.521,0.0,86.4736215787386,0.0,0.0,3390,1.577514400266568e-08,0.9086164130500939,3043,False
2021,Ethiopia,Norway,0.024,0.0,333.3333333333333,0.0,0.0,3391,1.5017987150494894e-10,0.9086164132002738,4166,False
2021,Ethiopia,Saudi Arabia,8.905,0.0,58.84334643458732,0.0,0.0,3392,5.572298982298209e-08,0.9086164689232635,2604,False
2021,Ethiopia,United Arab Emirates,5.131,0.0,61.58643539271097,0.0,0.0,3393,3.210720502882888e-08,0.9086165010304685,2797,False
2021,France,Armenia,0.08600000000000001,0.0,58.13953488372093,0.0,0.0,3394,5.381445395594004e-10,0.9086165015686131,3929,False
2021,Ethiopia,United Kingdom,80.0,0.0,76.6,0.0,0.0,3395,5.005995716831631e-07,0.9086170021681848,1870,False
2021,Ethiopia,United States of America,40.589,0.0,98.15467244820026,0.0,0.0,3396,2.5398545018809883e-07,0.908617256153635,2091,False
2021,Ethiopia,Yemen,23.024,0.0,48.731758165392634,0.0,0.0,3397,1.4407255673041435e-07,0.9086174002261918,2288,False
2021,Fiji,Kiribati,2480.533,2.0,59.02481442496431,0.0,0.0,3398,1.5521921966824394e-05,0.9086329221481586,830,False
2021,Finland,"Switzerland, Liechtenstein",73.142,0.0,57.39520385004512,0.0,0.0,3399,4.5768567340062397e-07,0.908633379833832,1896,False
2021,France,Albania,131.885,0.0,155.85548015316374,0.0,0.0,3400,8.252696813929246e-07,0.9086342051035133,1709,False
2021,Ethiopia,Israel,344.351,0.0,67.2017795795569,0.0,0.0,3401,2.1547745388583614e-06,0.9086363598780522,1410,False
2021,Ethiopia,Ireland,0.001,0.0,0.0,0.0,0.0,3402,6.257494646039539e-12,0.9086363598843098,4414,False
2021,Ethiopia,Germany,37.7,0.0,70.42440318302387,0.0,0.0,3403,2.3590754815569064e-07,0.908636595791858,2110,False
2021,Ethiopia,Denmark,0.001,0.0,0.0,0.0,0.0,3404,6.257494646039539e-12,0.9086365957981155,4414,False
2021,Ethiopia,Australia,1.2,0.0,336.6666666666667,0.0,0.0,3405,7.508993575247447e-09,0.908636603307109,3249,False
2021,Eswatini,Sierra Leone,2541.0190000000002,3.0,59.17114354516829,0.0,0.0,3406,1.5900412787984746e-05,0.908652503719897,827,False
2021,Estonia,Uganda,0.432,0.0,76.38888888888889,0.0,0.0,3407,2.703237687089081e-09,0.9086525064231347,3537,False
2021,Estonia,Turkiye,17171.909,17.0,63.91875242292514,0.0,0.0,3408,0.00010745312862977818,0.9087599595517645,460,False
2021,Egypt,"Switzerland, Liechtenstein",0.25,0.0,72.0,0.0,0.0,3409,1.5643736615098848e-09,0.9087599611161381,3661,False
2021,Egypt,"Moldova, Republic of",0.436,0.0,105.5045871559633,0.0,0.0,3410,2.728267665673239e-09,0.9087599638444057,3532,False
2021,Egypt,Mali,0.01,0.0,400.0,0.0,0.0,3411,6.25749464603954e-11,0.9087599639069807,4272,False
2021,Egypt,Hungary,0.186,0.0,96.7741935483871,0.0,0.0,3412,1.1638940041633543e-09,0.9087599650708746,3724,False
2021,Ecuador,Czechia,0.979,0.0,89.88764044943821,0.0,0.0,3413,6.126087258472709e-09,0.908759971196962,3318,False
2021,Dominican Republic,"Switzerland, Liechtenstein",0.844,0.0,69.90521327014218,0.0,0.0,3414,5.281325481257371e-09,0.9087599764782874,3360,False
2021,Denmark,"Switzerland, Liechtenstein",0.002,0.0,500.0,0.0,0.0,3415,1.2514989292079079e-11,0.9087599764908024,4382,False
2021,Denmark,Slovakia,0.001,0.0,1000.0,0.0,0.0,3416,6.257494646039539e-12,0.90875997649706,4414,False
2021,Denmark,Rwanda,0.001,0.0,0.0,0.0,0.0,3417,6.257494646039539e-12,0.9087599765033175,4414,False
2021,France,Andorra,9.405000000000001,0.0,63.264221158957994,0.0,0.0,3418,5.8851737146001873e-08,0.9087600353550547,2589,False
2021,France,Austria,139.524,0.0,218.7150597746624,0.0,0.0,3419,8.730706829940207e-07,0.9087609084257376,1689,False
2021,Indonesia,Niger,0.049,0.0,20.408163265306122,0.0,0.0,3420,3.066172376559374e-10,0.9087609087323549,4041,False
2021,Germany,Austria,466.41100000000006,0.0,46.01949782487977,0.0,0.0,3421,2.9185643353539478e-06,0.9087638272966903,1315,False
2021,France,Slovakia,18.802,0.0,288.0012764599511,0.0,0.0,3422,1.1765341433483541e-07,0.9087639449501046,2355,False
2021,France,"Switzerland, Liechtenstein",294.835,0.0,50.105991486763784,0.0,0.0,3423,1.8449284339650674e-06,0.9087657898785385,1453,False
2021,France,Turkiye,49127.895,49.0,43.00570989251626,0.0,0.0,3424,0.00030741753993369263,0.9090732074184722,287,False
2021,France,Uzbekistan,1.492,0.0,317.02412868632706,0.0,0.0,3425,9.336182011890993e-09,0.9090732167546542,3192,False
2021,France,Zimbabwe,0.014,0.0,1285.7142857142858,0.0,0.0,3426,8.760492504455356e-11,0.9090732168422592,4236,False
2021,Gabon,Niger,0.064,0.0,15.625,0.0,0.0,3427,4.004796573465305e-10,0.9090732172427388,3990,False
2021,Germany,Azerbaijan,0.359,0.0,378.83008356545963,0.0,0.0,3428,2.2464405779281947e-09,0.9090732194891794,3585,False
2021,France,Azerbaijan,2.793,0.0,247.76226279985679,0.0,0.0,3429,1.7477182546388433e-08,0.909073236966362,3016,False
2021,Germany,Belarus,16.511000000000003,0.0,165.22318454363756,0.0,0.0,3430,1.0331749410075885e-07,0.9090733402838561,2405,False
2021,Germany,Central African Republic,2.983,0.0,129.73516594032853,0.0,0.0,3431,1.8666106529135947e-08,0.9090733589499627,2992,False
2021,Germany,Czechia,86.446,0.0,58.30229276079865,0.0,0.0,3432,5.40935382171534e-07,0.9090738998853448,1847,False
2021,Germany,Eswatini,0.001,0.0,0.0,0.0,0.0,3433,6.257494646039539e-12,0.9090738998916024,4414,False
2021,Germany,Ethiopia,28.187,0.0,26.537056089686732,0.0,0.0,3434,1.763800015879165e-07,0.909074076271604,2201,False
2021,Germany,Greenland,11.354000000000001,0.0,103.92813105513474,0.0,0.0,3435,7.104759421113294e-08,0.9090741473191982,2526,False
2021,France,Serbia,6.555,0.0,99.77116704805492,0.0,0.0,3436,4.101787740478918e-08,0.9090741883370757,2711,False
2021,France,North Macedonia,0.7020000000000001,0.0,334.7578347578347,0.0,0.0,3437,4.392761241519757e-09,0.9090741927298369,3404,False
2021,France,Niger,2.258,0.0,65.10186005314438,0.0,0.0,3438,1.412942291075728e-08,0.9090742068592599,3066,False
2021,France,Mongolia,0.01,0.0,500.0,0.0,0.0,3439,6.25749464603954e-11,0.9090742069218348,4272,False
2021,France,"Moldova, Republic of",19.343,0.0,379.20694825001294,0.0,0.0,3440,1.210387189383428e-07,0.9090743279605538,2346,False
2021,France,Mali,3.512,0.0,129.84054669703872,0.0,0.0,3441,2.197632119689086e-08,0.909074349936875,2927,False
2021,France,Luxembourg,1270.3210000000001,1.0,57.55868005016055,0.0,0.0,3442,7.949026856251594e-06,0.9090822989637313,1005,False
2021,France,Lao People's Dem. Rep.,23.276,0.0,90.86612820072177,0.0,0.0,3443,1.4564944538121632e-07,0.9090824446131767,2283,False
2021,France,Kyrgyzstan,0.583,0.0,370.4974271012007,0.0,0.0,3444,3.648119378641051e-09,0.909082448261296,3454,False
2021,France,Kazakhstan,2.0060000000000002,0.0,419.2422731804586,0.0,0.0,3445,1.2552534259955317e-08,0.9090824608138303,3100,False
2021,France,Ethiopia,29.249000000000002,0.0,98.53328318916886,0.0,0.0,3446,1.830254609020105e-07,0.9090826438392912,2184,False
2021,France,Czechia,354.424,0.0,137.70512154933076,0.0,0.0,3447,2.2178062824279175e-06,0.9090848616455736,1397,False
2021,France,Cote d'Ivoire,52.355000000000004,0.0,102.26339413618565,0.0,0.0,3448,3.276111321934001e-07,0.9090851892567058,1996,False
2021,France,"China, Macao SAR",0.9259999999999999,0.0,268.89848812095033,0.0,0.0,3449,5.794440042232613e-09,0.9090851950511458,3338,False
2021,France,Central African Republic,0.028,0.0,0.0,0.0,0.0,3450,1.752098500891071e-10,0.9090851952263557,4130,False
2021,France,Burkina Faso,11.317,0.0,72.54572766634267,0.0,0.0,3451,7.081606690922947e-08,0.9090852660424226,2528,False
2021,France,Belarus,19.788,0.0,326.96583788154436,0.0,0.0,3452,1.238233040558304e-07,0.9090853898657266,2341,False
2021,Denmark,Greenland,82.77199999999999,0.0,84.6300681389842,0.0,0.0,3453,5.179453468419846e-07,0.9090859078110735,1857,False
2021,Denmark,Burundi,0.065,0.0,153.84615384615384,0.0,0.0,3454,4.0673715199257005e-10,0.9090859082178107,3983,False
2021,Denmark,Austria,0.891,0.0,85.29741863075198,0.0,0.0,3455,5.5754277296212295e-09,0.9090859137932383,3347,False
2021,Croatia,"Moldova, Republic of",0.053,0.0,358.49056603773585,0.0,0.0,3456,3.3164721624009557e-10,0.9090859141248856,4025,False
2021,Cote d'Ivoire,Spain,33.8,0.0,13.875739644970416,0.0,0.0,3457,2.1150331903613641e-07,0.9090861256282047,2145,False
2021,Cote d'Ivoire,Thailand,0.001,0.0,2000.0,0.0,0.0,3458,6.257494646039539e-12,0.9090861256344622,4414,False
2021,Cote d'Ivoire,United Kingdom,0.864,0.0,116.89814814814815,0.0,0.0,3459,5.406475374178162e-09,0.9090861310409376,3352,False
2021,Croatia,Austria,573.3169999999999,1.0,26.320517270550155,0.0,0.0,3460,3.5875280579834497e-06,0.9090897185689956,1238,False
2021,Croatia,Ethiopia,1.357,0.0,100.95799557848194,0.0,0.0,3461,8.491420234675654e-09,0.9090897270604158,3217,False
2021,Croatia,Kazakhstan,0.217,0.0,327.1889400921659,0.0,0.0,3462,1.35787633819058e-09,0.9090897284182922,3691,False
2021,Croatia,North Macedonia,10.178999999999998,0.0,60.90971608212988,0.0,0.0,3463,6.369503800203646e-08,0.9090897921133302,2565,False
2021,Czechia,United States of America,4.445,0.0,77.39032620922384,0.0,0.0,3464,2.7814563701645755e-08,0.9090898199278938,2847,False
2021,Croatia,Serbia,902.707,1.0,33.764000943827845,0.0,0.0,3465,5.648684219442414e-06,0.9090954686121133,1109,False
2021,Croatia,"Switzerland, Liechtenstein",0.011,0.0,181.81818181818184,0.0,0.0,3466,6.883244110643492e-11,0.9090954686809458,4265,False
2021,Cyprus,Italy,0.001,0.0,0.0,0.2585,0.0,3467,6.257494646039539e-12,0.9090954686872034,4414,False
2021,Cyprus,Turkiye,21089.913999999997,21.0,22.307013674877957,0.0,0.0,3468,0.0001319700239404343,0.9092274387111438,428,False
2021,Czechia,Algeria,1.2650000000000001,0.0,46.640316205533594,0.0,0.0,3469,7.915730727240018e-09,0.9092274466268745,3232,False
2021,Czechia,Austria,2137.083,2.0,38.53383326712159,0.0,0.0,3470,1.3372785430642117e-05,0.9092408194123052,871,False
2021,Cote d'Ivoire,Senegal,0.04,0.0,600.0,0.0,0.0,3471,2.502997858415816e-10,0.909240819662605,4074,False
2021,Cote d'Ivoire,Niger,56.727,0.0,12.110635147284363,0.0,0.0,3472,3.5496889878588493e-07,0.9092411746315038,1973,False
2021,Cote d'Ivoire,Netherlands (Kingdom of the),0.066,0.0,45.45454545454545,0.0,0.0,3473,4.129946466386096e-10,0.9092411750444984,3978,False
2021,Cote d'Ivoire,Mali,65.291,0.0,73.36386331959994,0.0,0.0,3474,4.0855808293456753e-07,0.9092415836025813,1927,False
2021,Cote d'Ivoire,Italy,0.332,0.0,63.253012048192765,0.0,0.0,3475,2.0774882224851272e-09,0.9092415856800695,3599,False
2021,Cote d'Ivoire,Ghana,1512.786,2.0,19.598938646973203,0.0,0.0,3476,9.466250295603571e-06,0.9092510519303652,950,False
2021,Cote d'Ivoire,France,2.612,0.0,92.26646248085758,0.0,0.0,3477,1.6344576015455276e-08,0.9092510682749412,3031,False
2021,Cote d'Ivoire,China,0.001,0.0,1000.0,0.0,0.0,3478,6.257494646039539e-12,0.9092510682811987,4414,False
2021,Cote d'Ivoire,Burkina Faso,1.323,0.0,15.873015873015873,0.0,0.0,3479,8.27866541671031e-09,0.9092510765598641,3223,False
2021,Cote d'Ivoire,Belgium,0.137,0.0,72.992700729927,0.0,0.0,3480,8.57276766507417e-10,0.909251077417141,3812,False
2021,Colombia,"Switzerland, Liechtenstein",3.3040000000000003,0.0,59.62469733656174,0.0,0.0,3481,2.067476231051464e-08,0.9092510980919033,2949,False
2021,Colombia,Nepal,0.096,0.0,166.66666666666666,0.0,0.0,3482,6.007194860197958e-10,0.9092510986926228,3905,False
2021,China,Zimbabwe,0.9870000000000001,0.0,131.71225937183382,0.0,0.0,3483,6.176147215641026e-09,0.90925110486877,3314,False
2021,China,Zambia,18.661,0.0,67.14538341996678,0.0,0.0,3484,1.1677110758974386e-07,0.9092512216398776,2358,False
2021,China,Uzbekistan,0.45399999999999996,0.0,378.85462555066084,0.0,0.0,3485,2.8409025693019506e-09,0.9092512244807802,3520,False
2021,China,Uganda,22.872,0.0,103.79503322840154,0.0,0.0,3486,1.4312141754421634e-07,0.9092513676021977,2293,False
2021,China,Turkiye,249608.78000000003,250.0,32.706497744189925,0.0,0.0,3487,0.0015619256044544613,0.9108132932066522,103,False
2021,Czechia,Belarus,0.91,0.0,121.97802197802197,0.0,0.0,3488,5.694320127895981e-09,0.9108132989009723,3341,False
2021,Czechia,Belgium,63.683,0.0,38.12634455035096,0.0,0.0,3489,3.98496031543736e-07,0.9108136973970038,1934,False
2021,Czechia,Bulgaria,0.055,0.0,181.8181818181818,0.0,0.0,3490,3.4416220553217464e-10,0.910813697741166,4017,False
2021,Czechia,"Moldova, Republic of",0.17200000000000001,0.0,104.65116279069767,0.0,0.0,3491,1.0762890791188008e-09,0.9108136988174551,3743,False
2021,Czechia,United Arab Emirates,0.002,0.0,0.0,0.0,0.0,3492,1.2514989292079079e-11,0.9108136988299701,4382,False
2021,Czechia,Ukraine,9.605,0.0,111.81676210307131,0.0,0.0,3493,6.010323607520978e-08,0.9108137589332062,2583,False
2021,Czechia,Uganda,0.159,0.0,75.47169811320755,0.0,0.0,3494,9.949416487202866e-10,0.9108137599281478,3774,False
2021,Czechia,Turkiye,37488.89,37.0,15.223923674453951,0.0,0.0,3495,0.0002345865284609652,0.9110483464566088,323,False
2021,Czechia,"Switzerland, Liechtenstein",82.11800000000001,0.0,63.43310845368859,0.0,0.0,3496,5.13852945343475e-07,0.9110488603095541,1859,False
2021,Czechia,Sri Lanka,11.754,0.0,28.756168112982817,0.0,0.0,3497,7.355059206954875e-08,0.9110489338601462,2515,False
2021,Czechia,Slovakia,501.11400000000003,1.0,146.62132768192467,0.0,0.0,3498,3.135718172055458e-06,0.9110520695783182,1287,False
2021,Czechia,Russian Federation,1.942,0.0,128.21833161688983,0.0,0.0,3499,1.2152054602608785e-08,0.9110520817303728,3110,False
2021,Czechia,Poland,2110.55,2.0,30.166544265712727,0.0,0.0,3500,1.3206755325198751e-05,0.911065288485698,876,False
2021,Czechia,Norway,4.986,0.0,159.44645006016847,0.0,0.0,3501,3.119986830515314e-08,0.9110653196855664,2807,False
2021,Czechia,North Macedonia,0.002,0.0,500.0,0.0,0.0,3502,1.2514989292079079e-11,0.9110653196980814,4382,False
2021,Czechia,Nigeria,2565.937,3.0,156.27039946810854,0.0,0.0,3503,1.6056337039574757e-05,0.911081376035121,826,False
2021,Czechia,Netherlands (Kingdom of the),99.77600000000001,0.0,49.85166773572803,0.0,0.0,3504,6.243477858032411e-07,0.9110820003829068,1793,False
2021,Czechia,Montenegro,0.42700000000000005,0.0,142.85714285714283,0.0,0.0,3505,2.6719502138588835e-09,0.911082003054857,3542,False
2021,Czechia,Malta,0.032,0.0,93.75,0.0,0.0,3506,2.0023982867326526e-10,0.9110820032550968,4109,False
2021,Czechia,Chile,0.015,0.0,933.3333333333334,0.0,0.0,3507,9.386241969059308e-11,0.9110820033489593,4230,False
2021,Czechia,Maldives,3.0,0.0,186.66666666666666,0.0,0.0,3508,1.8772483938118618e-08,0.9110820221214432,2987,False
2021,Czechia,Lithuania,8.172,0.0,71.83064121390112,0.0,0.0,3509,5.113624624743512e-08,0.9110820732576894,2629,False
2021,Czechia,Kazakhstan,0.002,0.0,0.0,0.0,0.0,3510,1.2514989292079079e-11,0.9110820732702044,4382,False
2021,Czechia,Japan,12.064,0.0,110.16246684350132,0.0,0.0,3511,7.5490415409821e-08,0.9110821487606198,2503,False
2021,Czechia,Italy,261.395,0.0,49.29321524895274,0.0,0.0,3512,1.6356778130015053e-06,0.9110837844384327,1483,False
2021,Czechia,Israel,16.378,0.0,40.42007571132007,0.0,0.0,3513,1.0248524731283557e-07,0.91108388692368,2410,False
2021,Czechia,Ireland,0.262,0.0,64.8854961832061,0.0,0.0,3514,1.6394635972623593e-09,0.9110838885631436,3650,False
2021,Czechia,Greenland,0.048,0.0,166.66666666666666,0.0,0.0,3515,3.003597430098979e-10,0.9110838888635033,4048,False
2021,Czechia,Germany,10347.547999999999,10.0,25.663567832688482,0.0,0.0,3516,6.474972620963713e-05,0.911148638589713,546,False
2021,Czechia,France,198.019,0.0,71.1295380746292,0.0,0.0,3517,1.2391028323141036e-06,0.9111498776925453,1574,False
2021,Czechia,Finland,0.019000000000000003,0.0,263.1578947368421,0.0,0.0,3518,1.1889239827475126e-10,0.9111498778114377,4199,False
2021,Czechia,Denmark,0.107,0.0,233.6448598130841,0.0,0.0,3519,6.695519271262307e-10,0.9111498784809897,3867,False
2021,Czechia,Croatia,2.024,0.0,100.7905138339921,0.0,0.0,3520,1.2665169163584028e-08,0.9111498911461589,3098,False
2021,Czechia,"Congo, Dem. Rep. of the",12987.359,13.0,40.81153065838867,0.0,0.0,3521,8.126832940869343e-05,0.9112311594755675,509,False
2021,Germany,Kazakhstan,0.436,0.0,185.77981651376146,0.0,0.0,3522,2.728267665673239e-09,0.9112311622038352,3532,False
2021,Germany,Lao People's Dem. Rep.,15.982000000000001,0.0,91.7281942184958,0.0,0.0,3523,1.0000727943300393e-07,0.9112312622111146,2417,False
2021,Germany,Luxembourg,36.233,0.0,101.75806585157179,0.0,0.0,3524,2.2672780350995062e-07,0.9112314889389181,2124,False
2021,India,Armenia,4.735,0.0,117.84582893347412,0.0,0.0,3525,2.962923714899722e-08,0.9112315185681553,2825,False
2021,Hungary,Turkiye,16087.11,16.0,14.712959630412174,0.0,0.0,3526,0.00010066500469524914,0.9113321835728506,469,False
2021,Hungary,Ukraine,150.808,0.0,266.4381199936343,0.0,0.0,3527,9.436802525799307e-07,0.9113331272531032,1654,False
2021,Hungary,United Arab Emirates,37.054,0.0,77.61645166513736,0.0,0.0,3528,2.318652066143491e-07,0.9113333591183098,2118,False
2021,Hungary,Uzbekistan,0.531,0.0,370.9981167608286,0.0,0.0,3529,3.3227296570469953e-09,0.9113333624410395,3479,False
2021,Hungary,Viet Nam,353.886,0.0,66.37730794662687,0.0,0.0,3530,2.2144397503083487e-06,0.9113355768807898,1398,False
2021,India,Afghanistan,0.591,0.0,363.7901861252115,0.0,0.0,3531,3.6981793358093675e-09,0.9113355805789691,3447,False
2021,India,Austria,36.193,0.0,151.38286408974113,0.0,0.0,3532,2.2647750372410903e-07,0.9113358070564729,2125,False
2021,Hungary,Malta,187.514,0.0,32.514905553718656,0.0,0.0,3533,1.1733678510574583e-06,0.911336980424324,1592,False
2021,India,Azerbaijan,106.275,0.0,122.3900258762644,0.0,0.0,3534,6.650152435078521e-07,0.9113376454395675,1774,False
2021,India,Belarus,49.303000000000004,0.0,86.10023730807455,0.0,0.0,3535,3.085132585336874e-07,0.911337953952826,2026,False
2021,India,Bolivia (Plurinational State of),247.527,0.0,234.77842821187184,0.0,0.0,3536,1.548898877250229e-06,0.9113395028517033,1503,False
2021,India,Bosnia and Herzegovina,50.9,0.0,61.06090373280943,0.0,0.0,3537,3.1850647748341255e-07,0.9113398213581808,2006,False
2021,India,Botswana,59.155,0.0,129.37198884287042,0.0,0.0,3538,3.7016209578646893e-07,0.9113401915202766,1958,False
2021,India,Burkina Faso,388.50600000000003,0.0,17.83498839142767,0.0,0.0,3539,2.4310742149542374e-06,0.9113426225944915,1375,False
2021,Hungary,Tunisia,215.974,0.0,49.066091288766245,0.0,0.0,3540,1.3514561486837433e-06,0.9113439740506402,1549,False
2021,Hungary,"Switzerland, Liechtenstein",192.64,0.0,55.72570598006645,0.0,0.0,3541,1.2054437686130567e-06,0.9113451794944087,1586,False
2021,Hungary,State of Palestine,0.097,0.0,51.54639175257732,0.0,0.0,3542,6.069769806658353e-10,0.9113451801013858,3902,False
2021,Hungary,Slovakia,1022.7069999999999,1.0,30.653940962563084,0.0,0.0,3543,6.3995835769671586e-06,0.9113515796849627,1079,False
2021,Hungary,Serbia,28.132,0.0,750.7464808758708,0.0,0.0,3544,1.7603583938238432e-07,0.9113517557208021,2202,False
2021,Hungary,Saudi Arabia,1567.43,2.0,44.46131565683954,0.0,0.0,3545,9.808184833041755e-06,0.9113615639056352,943,False
2021,Hungary,Rwanda,0.001,0.0,0.0,0.0,0.0,3546,6.257494646039539e-12,0.9113615639118927,4414,False
2021,Hungary,Russian Federation,327.323,0.0,299.49316118940624,0.0,0.0,3547,2.0482219200256e-06,0.9113636121338128,1422,False
2021,Hungary,Romania,335105.247,335.0,24.85249059678257,0.0,0.0,3548,0.0020969192889622574,0.9134605314227751,72,False
2021,Hungary,Poland,338.457,0.0,113.51811308378907,0.0,0.0,3549,2.1178928654146043e-06,0.9134626493156405,1414,False
2021,Hungary,Peru,0.005,0.0,1800.0,0.0,0.0,3550,3.12874732301977e-11,0.913462649346928,4322,False
2021,Hungary,Pakistan,0.001,0.0,0.0,0.0,0.0,3551,6.257494646039539e-12,0.9134626493531856,4414,False
2021,Hungary,Norway,4.2940000000000005,0.0,111.31811830461108,0.0,0.0,3552,2.6869682010093784e-08,0.9134626762228676,2860,False
2021,Hungary,North Macedonia,0.8350000000000001,0.0,166.46706586826346,0.0,0.0,3553,5.2250080294430155e-09,0.9134626814478756,3366,False
2021,Hungary,Netherlands (Kingdom of the),557.086,1.0,41.93427944697946,0.0,0.0,3554,3.4859626623835827e-06,0.913466167410538,1245,False
2021,Hungary,Morocco,3.592,0.0,318.20712694877506,0.0,0.0,3555,2.2476920768574027e-08,0.9134661898874588,2919,False
2021,Hungary,Montenegro,0.509,0.0,68.76227897838899,0.0,0.0,3556,3.1850647748341255e-09,0.9134661930725235,3489,False
2021,India,Burundi,0.025,0.0,40.0,0.0,0.0,3557,1.5643736615098848e-10,0.9134661932289609,4158,False
2021,India,Central African Republic,0.256,0.0,121.09375,0.0,0.0,3558,1.601918629386122e-09,0.9134661948308795,3657,False
2021,India,"China, Macao SAR",7.347,0.0,95.54920375663535,0.0,0.0,3559,4.5973813164452494e-08,0.9134662408046927,2664,False
2021,India,North Macedonia,0.884,0.0,176.47058823529412,0.0,0.0,3560,5.531625267098952e-09,0.913466246336318,3348,False
2021,Indonesia,India,0.001,0.0,2000.0,0.2274,0.0,3561,6.257494646039539e-12,0.9134662463425756,4414,False
2021,Indonesia,Czechia,1.92,0.0,185.9375,0.0,0.0,3562,1.2014389720395914e-08,0.9134662583569653,3114,False
2021,India,Zimbabwe,433.813,0.0,122.81559104959972,0.0,0.0,3563,2.7145825248823504e-06,0.9134689729394901,1333,False
2021,India,Zambia,51.115,0.0,39.65567837229776,0.0,0.0,3564,3.198518388323111e-07,0.9134692927913289,2005,False
2021,India,Uzbekistan,6.939,0.0,62.2568093385214,0.0,0.0,3565,4.342075534886836e-08,0.9134693362120843,2691,False
2021,India,Uganda,183.43600000000004,0.0,52.48697093264135,0.0,0.0,3566,1.1478497878909092e-06,0.9134704840618721,1601,False
2021,India,Turkiye,21415.343,21.0,91.56407160977996,0.0,0.0,3567,0.00013400639416560032,0.9136044904560378,425,False
2021,India,Tajikistan,52.11,0.0,23.028209556706965,0.0,0.0,3568,3.260780460051204e-07,0.9136048165340838,2000,False
2021,India,"Switzerland, Liechtenstein",422.724,0.0,139.95656740568313,0.0,0.0,3569,2.645193166752418e-06,0.9136074617272505,1343,False
2021,India,State of Palestine,4273.338,4.0,132.3417431525426,0.0,0.0,3570,2.674038965571731e-05,0.9136342021169062,722,False
2021,India,Slovakia,1.4529999999999998,0.0,164.4872677219546,0.0,0.0,3571,9.09213972069545e-09,0.9136342112090459,3200,False
2021,India,Serbia,75.06700000000001,0.0,126.2072548523319,0.0,0.0,3572,4.6973135059425014e-07,0.9136346809403965,1891,False
2021,India,Rwanda,318.338,0.0,12.2385640419931,0.0,0.0,3573,1.991998330630935e-06,0.9136366729387271,1430,False
2021,India,Paraguay,4.397,0.0,87.78712758699112,0.0,0.0,3574,2.7514203958635857e-08,0.913636700452931,2853,False
2021,India,Niger,626.2620000000001,1.0,56.16818520044326,0.0,0.0,3575,3.9188311120180145e-06,0.913640619284043,1216,False
2021,India,Cote d'Ivoire,27037.931,27.0,55.03342692900577,0.0,0.0,3576,0.0001691897084724865,0.9138098089925155,386,False
2021,India,Nepal,26893.867,27.0,46.83595706039596,0.0,0.0,3577,0.00016828822876379943,0.9139780972212793,388,False
2021,India,Mongolia,9.103,0.0,76.1287487641437,0.0,0.0,3578,5.6961973762897924e-08,0.9139781541832531,2598,False
2021,India,"Moldova, Republic of",60.834,0.0,88.15793799520004,0.0,0.0,3579,3.8066842929716933e-07,0.9139785348516825,1946,False
2021,India,Mali,534.415,1.0,33.52825051692037,0.0,0.0,3580,3.34409900126322e-06,0.9139818789506837,1271,False
2021,India,Malawi,0.123,0.0,130.08130081300814,0.0,0.0,3581,7.696718414628633e-10,0.9139818797203556,3839,False
2021,India,Luxembourg,98.23100000000001,0.0,141.57445205688632,0.0,0.0,3582,6.1467995657511e-07,0.9139824944003122,1798,False
2021,India,Lao People's Dem. Rep.,142.401,0.0,14.704952914656497,0.0,0.0,3583,8.910734950906765e-07,0.9139833854738073,1681,False
2021,India,Kyrgyzstan,0.001,0.0,0.0,0.0,0.0,3584,6.257494646039539e-12,0.9139833854800649,4414,False
2021,India,Kazakhstan,9.321,0.0,62.76150627615063,0.0,0.0,3585,5.8326107595734544e-08,0.9139834438061725,2592,False
2021,India,Hungary,9.869,0.0,71.13182693281995,0.0,0.0,3586,6.17552146617642e-08,0.9139835055613871,2572,False
2021,India,Greenland,7.923,0.0,127.09832134292566,0.0,0.0,3587,4.957813008057127e-08,0.9139835551395171,2642,False
2021,India,Ethiopia,52576.604,53.0,36.32358986137637,0.0,0.0,3588,0.000328997818036941,0.9143125529575541,276,False
2021,India,Eswatini,2159.46,2.0,53.332777638854154,0.0,0.0,3589,1.3512809388336544e-05,0.9143260657669424,863,False
2021,India,Czechia,16.614,0.0,403.09377633321293,0.0,0.0,3590,1.0396201604930091e-07,0.9143261697289584,2401,False
2021,Hungary,"Moldova, Republic of",5.9030000000000005,0.0,345.07877350499746,0.0,0.0,3591,3.69379908955714e-08,0.9143262066669493,2748,False
2021,Hungary,Luxembourg,0.006,0.0,3500.0,0.0,0.0,3592,3.7544967876237236e-11,0.9143262067044943,4310,False
2021,Germany,Mali,4.441,0.0,111.23620806124747,0.0,0.0,3593,2.778953372306159e-08,0.914326234494028,2848,False
2021,Greece,Serbia,0.017,0.0,176.47058823529412,0.0,0.0,3594,1.0637740898267218e-10,0.9143262346004054,4214,False
2021,Greece,Kazakhstan,0.001,0.0,1000.0,0.0,0.0,3595,6.257494646039539e-12,0.914326234606663,4414,False
2021,Greece,Kyrgyzstan,0.018000000000000002,0.0,111.1111111111111,0.0,0.0,3596,1.1263490362871171e-10,0.9143262347192979,4206,False
2021,Greece,Luxembourg,2.107,0.0,866.1604176554342,0.0,0.0,3597,1.318454121920531e-08,0.9143262479038391,3086,False
2021,Greece,Mali,0.164,0.0,85.36585365853658,0.0,0.0,3598,1.0262291219504845e-09,0.9143262489300682,3762,False
2021,Greece,"Moldova, Republic of",0.9560000000000001,0.0,85.77405857740585,0.0,0.0,3599,5.9821648816138e-09,0.9143262549122331,3329,False
2021,Greece,North Macedonia,8.127,0.0,83.42561830933923,0.0,0.0,3600,5.085465898836334e-08,0.9143263057668921,2633,False
2021,Greece,Slovakia,0.756,0.0,80.6878306878307,0.0,0.0,3601,4.730665952405892e-09,0.9143263104975581,3388,False
2021,Hungary,Lithuania,1.045,0.0,331.10047846889955,0.0,0.0,3602,6.539081905111318e-09,0.91432631703664,3292,False
2021,Greece,State of Palestine,89.556,0.0,57.818571619991964,0.0,0.0,3603,5.603961905207169e-07,0.9143268774328306,1829,False
2021,Greece,"Switzerland, Liechtenstein",0.043000000000000003,0.0,139.53488372093022,0.0,0.0,3604,2.690722697797002e-10,0.9143268777019029,4063,False
2021,Greece,Turkiye,99443.015,99.0,67.04808779178708,0.0,0.0,3605,0.0006222641339485295,0.9149491418358514,189,False
2021,Greece,Zimbabwe,0.137,0.0,131.3868613138686,0.0,0.0,3606,8.57276766507417e-10,0.9149491426931282,3812,False
2021,Grenada,Czechia,160.776,0.0,100.52495397322983,0.0,0.0,3607,1.006054959211653e-06,0.9149501487480874,1635,False
2021,Guinea,Cote d'Ivoire,0.14400000000000002,0.0,131.94444444444443,0.0,0.0,3608,9.010792290296937e-10,0.9149501496491667,3795,False
2021,Greece,Czechia,0.751,0.0,1608.5219707057256,0.0,0.0,3609,4.699378479175694e-09,0.9149501543485451,3391,False
2021,Greece,Azerbaijan,0.2,0.0,65.0,0.0,0.0,3610,1.2514989292079078e-09,0.914950155600044,3709,False
2021,Greece,Austria,0.759,0.0,106.71936758893281,0.0,0.0,3611,4.74943843634401e-09,0.9149501603494824,3387,False
2021,Ghana,Niger,16.462,0.0,11.784716316364962,0.0,0.0,3612,1.0301087686310289e-07,0.9149502633603592,2409,False
2021,Ghana,Mali,1097.934,1.0,20.064958367260694,0.0,0.0,3613,6.870316126704775e-06,0.9149571336764859,1053,False
2021,Ghana,Cote d'Ivoire,0.127,0.0,31.496062992125985,0.0,0.0,3614,7.947018200470215e-10,0.9149571344711878,3831,False
2021,Ghana,Burkina Faso,1.083,0.0,24.007386888273317,0.0,0.0,3615,6.7768667016608204e-09,0.9149571412480545,3280,False
2021,Germany,Uzbekistan,0.017,0.0,411.7647058823529,0.0,0.0,3616,1.0637740898267218e-10,0.914957141354432,4214,False
2021,Germany,Uganda,0.9390000000000001,0.0,70.28753993610223,0.0,0.0,3617,5.875787472631127e-09,0.9149571472302195,3333,False
2021,Germany,Turkiye,22714.423,23.0,14.492465866291212,0.0,0.0,3618,0.00014213538031037737,0.9150992826105299,417,False
2021,Germany,"Switzerland, Liechtenstein",812.948,1.0,46.89598842730408,0.0,0.0,3619,5.0870177575085515e-06,0.9151043696282873,1143,False
2021,Germany,Slovakia,4.14,0.0,195.4106280193237,0.0,0.0,3620,2.590602783460369e-08,0.9151043955343152,2876,False
2021,Germany,Serbia,0.032,0.0,250.0,0.0,0.0,3621,2.0023982867326526e-10,0.915104395734555,4109,False
2021,Germany,Paraguay,1.947,0.0,86.28659476117103,0.0,0.0,3622,1.2183342075838983e-08,0.9151044079178972,3109,False
2021,Germany,North Macedonia,0.221,0.0,208.1447963800905,0.0,0.0,3623,1.382906316774738e-09,0.9151044093008035,3688,False
2021,Germany,Mongolia,0.121,0.0,206.61157024793388,0.0,0.0,3624,7.571568521707842e-10,0.9151044100579604,3844,False
2021,Germany,"Moldova, Republic of",0.013000000000000001,0.0,153.84615384615384,0.0,0.0,3625,8.134743039851402e-11,0.9151044101393079,4243,False
2021,Guinea,Mali,0.02,0.0,50.0,0.0,0.0,3626,1.251498929207908e-10,0.9151044102644578,4191,False
2021,Guyana,Czechia,724.556,1.0,24.44807578710272,0.0,0.0,3627,4.533905290755825e-06,0.9151089441697485,1184,False
2021,Guyana,Hungary,114.25,0.0,22.12691466083151,0.0,0.0,3628,7.149187633100174e-07,0.9151096590885118,1759,False
2021,Hungary,Finland,0.022,0.0,227.27272727272728,0.0,0.0,3629,1.3766488221286984e-10,0.9151096592261767,4178,False
2021,Hungary,Lebanon,0.009000000000000001,0.0,111.1111111111111,0.0,0.0,3630,5.631745181435586e-11,0.9151096592824942,4285,False
2021,Hungary,Kyrgyzstan,1.038,0.0,374.7591522157996,0.0,0.0,3631,6.495279442589042e-09,0.9151096657777736,3296,False
2021,Hungary,Kuwait,241.324,0.0,44.284861845485736,0.0,0.0,3632,1.5100836379608458e-06,0.9151111758614116,1511,False
2021,Hungary,"Korea, Republic of",2826.693,3.0,45.40889300677505,0.0,0.0,3633,1.7688016313497446e-05,0.9151288638777251,797,False
2021,Hungary,Kazakhstan,4.1770000000000005,0.0,258.7981805123294,0.0,0.0,3634,2.6137555136507157e-08,0.9151288900152802,2871,False
2021,Hungary,Japan,169.597,0.0,63.025878995501095,0.0,0.0,3635,1.0612523194843678e-06,0.9151299512675997,1621,False
2021,Hungary,Italy,44174.887,44.0,30.305725513231078,0.0,0.0,3636,0.00027642411889190164,0.9154063753864916,294,False
2021,Hungary,Ireland,7.148000000000001,0.0,137.10128707330722,0.0,0.0,3637,4.472857172989063e-08,0.9154064201150633,2673,False
2021,Hungary,Iceland,0.382,0.0,36.64921465968586,0.0,0.0,3638,2.390362954787104e-09,0.9154064225054263,3569,False
2021,Hungary,Greenland,0.002,0.0,0.0,0.0,0.0,3639,1.2514989292079079e-11,0.9154064225179412,4382,False
2021,Hungary,Greece,6065.8550000000005,6.0,18.17831121911091,0.0,0.0,3640,3.795705518615217e-05,0.9154443795731274,656,False
2021,Hungary,Germany,16010.752,16.0,37.904278324965624,0.0,0.0,3641,0.00010018719491906684,0.9155445667680465,471,False
2021,Hungary,Georgia,0.531,0.0,308.85122410546137,0.0,0.0,3642,3.3227296570469953e-09,0.9155445700907762,3479,False
2021,Hungary,France,3260.2980000000002,3.0,50.28160002551913,0.0,0.0,3643,2.0401297279493418e-05,0.9155649713880557,772,False
2021,Hungary,Ethiopia,0.659,0.0,112.29135053110774,0.0,0.0,3644,4.123688971740056e-09,0.9155649755117446,3424,False
2021,Guyana,Slovakia,109.66,0.0,58.15247127484954,0.0,0.0,3645,6.861968628846959e-07,0.9155656617086075,1768,False
2021,Hungary,Egypt,36.705,0.0,48.24955728102439,0.0,0.0,3646,2.2968134098288128e-07,0.9155658913899485,2121,False
2021,Hungary,Denmark,8.971,0.0,144.01961877159738,0.0,0.0,3647,5.6135984469620704e-08,0.9155659475259329,2602,False
2021,Hungary,Czechia,87.355,0.0,81.60952435464483,0.0,0.0,3648,5.46623444804784e-07,0.9155664941493777,1843,False
2021,Hungary,Cyprus,1250.882,1.0,18.18396939119757,0.0,0.0,3649,7.827387417827231e-06,0.9155743215367955,1010,False
2021,Hungary,Croatia,2173.6680000000006,2.0,35.7437290331366,0.0,0.0,3650,1.3601715872267477e-05,0.9155879232526678,861,False
2021,Hungary,China,0.007,0.0,714.2857142857142,0.0,0.0,3651,4.380246252227678e-11,0.9155879232964703,4297,False
2021,Hungary,Chile,0.20600000000000002,0.0,718.4466019417475,0.0,0.0,3652,1.2890438970841453e-09,0.9155879245855142,3707,False
2021,Hungary,Bulgaria,53.969,0.0,140.19159146917676,0.0,0.0,3653,3.377107285521079e-07,0.9155882622962428,1990,False
2021,Hungary,Belgium,899.808,1.0,51.42430385148832,0.0,0.0,3654,5.630543742463546e-06,0.9155938928399853,1110,False
2021,Hungary,Belarus,2.387,0.0,290.74151654796816,0.0,0.0,3655,1.493663972009638e-08,0.915593907776625,3053,False
2021,Hungary,Azerbaijan,0.317,0.0,233.4384858044164,0.0,0.0,3656,1.9836258027945338e-09,0.9155939097602508,3614,False
2021,Hungary,Austria,7822.083,8.0,25.283163065388084,0.0,0.0,3657,4.8946642493376896e-05,0.9156428564027441,611,False
2021,Hungary,Algeria,121.504,0.0,33.34869633921517,0.0,0.0,3658,7.603106294723882e-07,0.9156436167133736,1738,False
2021,Guyana,"Switzerland, Liechtenstein",47.04,0.0,53.125,0.0,0.0,3659,2.943525481496999e-07,0.9156439110659217,2048,False
2021,China,Tajikistan,50.294000000000004,0.0,51.755676621465774,0.0,0.0,3660,3.147144357279126e-07,0.9156442257803574,2013,False
2021,China,"Switzerland, Liechtenstein",2.194,0.0,236.09845031905198,0.0,0.0,3661,1.3728943253410748e-08,0.9156442395093006,3071,False
2021,China,State of Palestine,66.05,0.0,97.41105223315671,0.0,0.0,3662,4.1330752137091154e-07,0.915644652816822,1924,False
2021,Azerbaijan,United Arab Emirates,0.47900000000000004,0.0,129.43632567849687,0.0,0.0,3663,2.9973399354529394e-09,0.9156446558141619,3505,False
2021,Austria,Turkiye,14.482000000000001,0.0,311.76633061731803,0.0,0.0,3664,9.062103746394462e-08,0.9156447464351993,2453,False
2021,Austria,Ukraine,30.782999999999998,0.0,477.8936425949388,0.0,0.0,3665,1.9262445768903513e-07,0.915644939059657,2168,False
2021,Austria,United States of America,189.45100000000002,0.0,59.54046164971417,0.0,0.0,3666,1.185488618186837e-06,0.9156461245482752,1589,False
2021,Austria,Uzbekistan,1.08,0.0,371.29629629629625,0.0,0.0,3667,6.758094217722703e-09,0.9156461313063694,3282,False
2021,Austria,Viet Nam,16.472,0.0,55.91306459446333,0.0,0.0,3668,1.030734518095633e-07,0.9156462343798212,2407,False
2021,Azerbaijan,Iran (Islamic Republic of),490.63300000000004,0.0,58.595732451751104,0.0,0.0,3669,3.0701333706703175e-06,0.9156493045131918,1293,False
2021,Bangladesh,Ethiopia,0.002,0.0,0.0,0.0,0.0,3670,1.2514989292079079e-11,0.9156493045257068,4382,False
2021,Austria,Japan,59.277,0.0,159.60659277628758,0.0,0.0,3671,3.709255101332858e-07,0.9156496754512169,1956,False
2021,Bangladesh,Finland,0.001,0.0,1000.0,0.1227,0.0,3672,6.257494646039539e-12,0.9156496754574744,4414,False
2021,Bangladesh,Nepal,0.014,0.0,285.7142857142857,0.0,0.0,3673,8.760492504455356e-11,0.9156496755450794,4236,False
2021,Bangladesh,"Switzerland, Liechtenstein",0.033,0.0,272.7272727272727,0.0,0.0,3674,2.064973233193048e-10,0.9156496757515767,4103,False
2021,Belarus,Angola,0.10300000000000001,0.0,495.1456310679611,0.0,0.0,3675,6.445219485420726e-10,0.9156496763960987,3882,False
2021,Belarus,Belgium,10.432,0.0,49.5590490797546,0.0,0.0,3676,6.527818414748448e-08,0.9156497416742829,2556,False
2021,Belarus,Czechia,44.949,0.0,245.54495094440367,0.0,0.0,3677,2.8126812684483125e-07,0.9156500229424097,2063,False
2021,Austria,"Switzerland, Liechtenstein",205.50500000000002,0.0,70.3097248242135,0.0,0.0,3678,1.2859464372343556e-06,0.9156513088888469,1561,False
2021,Austria,Slovenia,146.74000000000004,0.0,41.03857162327926,0.0,0.0,3679,9.182247643598423e-07,0.9156522271136113,1666,False
2021,Austria,Slovakia,41.74,0.0,81.14518447532343,0.0,0.0,3680,2.611878265256904e-07,0.9156524883014378,2083,False
2021,Austria,Singapore,0.169,0.0,213.01775147928993,0.0,0.0,3681,1.0575165951806822e-09,0.9156524893589544,3750,False
2021,Austria,Serbia,1.912,0.0,141.73640167364016,0.0,0.0,3682,1.1964329763227598e-08,0.9156525013232841,3117,False
2021,Austria,Saudi Arabia,0.012,0.0,333.3333333333333,0.0,0.0,3683,7.508993575247447e-11,0.9156525013983741,4248,False
2021,Austria,Russian Federation,30.933,0.0,463.48559790514986,0.0,0.0,3684,1.9356308188594106e-07,0.915652694961456,2167,False
2021,Austria,Romania,39.978,0.0,241.8079943969183,0.0,0.0,3685,2.501621209593687e-07,0.9156529451235769,2097,False
2021,Austria,Poland,21.970000000000002,0.0,274.82931269913513,0.0,0.0,3686,1.374771573734887e-07,0.9156530826007342,2304,False
2021,Austria,Norway,0.004,0.0,250.0,0.0,0.0,3687,2.5029978584158157e-11,0.9156530826257642,4342,False
2021,Austria,North Macedonia,8.318,0.0,63.717239721086806,0.0,0.0,3688,5.204984046575688e-08,0.9156531346756046,2619,False
2021,Austria,New Zealand,0.14300000000000002,0.0,622.3776223776223,0.0,0.0,3689,8.948217343836542e-10,0.9156531355704264,3797,False
2021,Austria,Netherlands (Kingdom of the),369.03800000000007,0.0,63.567979449270794,0.0,0.0,3690,2.30925330918514e-06,0.9156554448237356,1388,False
2021,Austria,Montenegro,0.033,0.0,212.12121212121212,0.0,0.0,3691,2.064973233193048e-10,0.915655445030233,4103,False
2021,Austria,"Moldova, Republic of",0.91,0.0,263.7362637362637,0.0,0.0,3692,5.694320127895981e-09,0.9156554507245531,3341,False
2021,Austria,Luxembourg,0.019,0.0,26473.684210526317,0.0,0.0,3693,1.1889239827475124e-10,0.9156554508434456,4201,False
2021,Austria,Lithuania,0.7000000000000001,0.0,355.71428571428567,0.0,0.0,3694,4.380246252227678e-09,0.9156554552236918,3405,False
2021,Belarus,Georgia,0.024,0.0,125.0,0.0,0.0,3695,1.5017987150494894e-10,0.9156554553738717,4166,False
2021,Belarus,Germany,80.129,0.0,34.65661620636723,0.0,0.0,3696,5.014067884925023e-07,0.9156559567806603,1869,False
2021,Belarus,Hungary,0.047,0.0,425.531914893617,0.0,0.0,3697,2.9410224836385835e-10,0.9156559570747625,4050,False
2021,Belgium,Czechia,2.714,0.0,2405.3058216654385,0.0,0.0,3698,1.6982840469351308e-08,0.915655974057603,3023,False
2021,Bhutan,United Arab Emirates,0.015000000000000001,0.0,999.9999999999999,0.0,0.0,3699,9.386241969059309e-11,0.9156559741514655,4228,False
2021,Bhutan,Singapore,0.019000000000000003,0.0,105.26315789473682,0.0,0.0,3700,1.1889239827475126e-10,0.9156559742703579,4199,False
2021,Bhutan,"Korea, Republic of",244.469,0.0,35.40735226143192,0.0,0.0,3701,1.5297634586226401e-06,0.9156575040338165,1507,False
2021,Bhutan,Japan,8.184000000000001,0.0,26.1485826001955,0.0,0.0,3702,5.121133618318759e-08,0.9156575552451527,2627,False
2021,Benin,Burkina Faso,0.001,0.0,0.0,0.0,0.0,3703,6.257494646039539e-12,0.9156575552514102,4414,False
2021,Belgium,Uganda,0.006,0.0,333.3333333333333,0.0,0.0,3704,3.7544967876237236e-11,0.9156575552889552,4310,False
2021,Belgium,"Switzerland, Liechtenstein",0.11000000000000001,0.0,109.09090909090908,0.0,0.0,3705,6.883244110643494e-10,0.9156575559772796,3856,False
2021,Belgium,Serbia,0.004,0.0,8250.0,0.0,0.0,3706,2.5029978584158157e-11,0.9156575560023096,4342,False
2021,Belgium,Rwanda,0.02,0.0,50.0,0.0,0.0,3707,1.251498929207908e-10,0.9156575561274595,4191,False
2021,Belgium,Mali,5.756,0.0,107.36622654621264,0.0,0.0,3708,3.601813918260359e-08,0.9156575921455986,2756,False
2021,Belgium,Luxembourg,1577.304,2.0,52.00772964501453,0.0,0.0,3709,9.86997133517675e-06,0.9156674621169338,940,False
2021,Belgium,Lao People's Dem. Rep.,16.714,0.0,94.47170037094652,0.0,0.0,3710,1.0458776551390485e-07,0.9156675667046994,2397,False
2021,Belgium,Greenland,0.483,0.0,233.9544513457557,0.0,0.0,3711,3.022369914037097e-09,0.9156675697270693,3503,False
2021,Belgium,Ethiopia,9.482999999999999,0.0,94.27396393546347,0.0,0.0,3712,5.933982172839294e-08,0.915667629066891,2587,False
2021,Belgium,Cote d'Ivoire,0.979,0.0,221.6547497446374,0.0,0.0,3713,6.126087258472709e-09,0.9156676351929783,3318,False
2021,Belarus,Jordan,0.914,0.0,74.39824945295405,0.0,0.0,3714,5.719350106480139e-09,0.9156676409123284,3340,False
2021,Belgium,Chile,0.001,0.0,2000.0,0.3221,0.0,3715,6.257494646039539e-12,0.915667640918586,4414,False
2021,Belgium,Central African Republic,0.001,0.0,0.0,0.0,0.0,3716,6.257494646039539e-12,0.9156676409248435,4414,False
2021,Belgium,Burundi,0.023,0.0,86.95652173913042,0.0,0.0,3717,1.439223768589094e-10,0.915667641068766,4172,False
2021,Belgium,Austria,2.902,0.0,54.10062026188835,0.0,0.0,3718,1.8159249462806743e-08,0.9156676592280154,3001,False
2021,Belarus,United States of America,0.058,0.0,3068.965517241379,0.0,0.0,3719,3.629346894702933e-10,0.9156676595909501,4006,False
2021,Belarus,Ukraine,1197.4019999999998,1.0,25.74406924324496,0.0,0.0,3720,7.492736604157035e-06,0.9156751523275543,1022,False
2021,Belarus,Turkiye,65397.153,65.0,31.964969484222042,0.0,0.0,3721,0.00040922233476372856,0.916084374662318,244,False
2021,Belarus,"Switzerland, Liechtenstein",4.082,0.0,55.85497305242529,0.0,0.0,3722,2.5543093145133397e-08,0.9160844002054112,2882,False
2021,Belarus,Russian Federation,29.57,0.0,80.58843422387555,0.0,0.0,3723,1.8503411668338918e-07,0.9160845852395278,2178,False
2021,Belarus,Poland,98.798,0.0,26.47826879086621,0.0,0.0,3724,6.182279560394144e-07,0.9160852034674839,1797,False
2021,Belarus,Norway,162.196,0.0,27.355791758119807,0.0,0.0,3725,1.014940601609029e-06,0.9160862184080855,1632,False
2021,Belarus,Netherlands (Kingdom of the),17.277,0.0,49.31411703420733,0.0,0.0,3726,1.0811073499962512e-07,0.9160863265188205,2386,False
2021,Belarus,"Moldova, Republic of",0.001,0.0,1000.0,0.0,0.0,3727,6.257494646039539e-12,0.916086326525078,4414,False
2021,Belarus,Lithuania,1425.9950000000001,1.0,24.80162973923471,0.0,0.0,3728,8.923156077779154e-06,0.9160952496811559,967,False
2021,Austria,Kazakhstan,0.027,0.0,148.14814814814815,0.0,0.0,3729,1.6895235544306755e-10,0.9160952498501083,4137,False
2021,Austria,Italy,13764.676,14.0,31.898317112585868,0.0,0.0,3730,8.613238637446894e-05,0.9161813822364827,501,False
2021,Bolivia (Plurinational State of),Argentina,11.733,0.0,192.1077303332481,0.0,0.0,3731,7.341918468198192e-08,0.9161814556556674,2517,False
2021,Argentina,Slovakia,0.671,0.0,86.43815201192248,0.0,0.0,3732,4.198778907492531e-09,0.9161814598544463,3417,False
2021,Argentina,Mali,6707.314,7.0,38.528090380143226,0.0,0.0,3733,4.197098144430605e-05,0.9162234308358906,636,False
2021,Argentina,"Moldova, Republic of",5.0,0.0,66.4,0.0,0.0,3734,3.12874732301977e-08,0.9162234621233639,2803,False
2021,Argentina,Nepal,12414.98,12.0,56.03698113085966,0.0,0.0,3735,7.768667088068796e-05,0.9163011487942446,518,False
2021,Argentina,North Macedonia,684.8000000000001,1.0,55.17523364485981,0.0,0.0,3736,4.285132333607877e-06,0.9163054339265783,1193,False
2021,Argentina,Paraguay,909.287,1.0,44.584383148554856,0.0,0.0,3737,5.689858534213355e-06,0.9163111237851125,1106,False
2021,Argentina,Rwanda,27979.861,28.0,37.588464074213945,0.0,0.0,3738,0.00017508383040443053,0.9164862076155169,373,False
2021,Argentina,"Switzerland, Liechtenstein",945.8580000000001,1.0,37.09753472508558,0.0,0.0,3739,5.918701370913667e-06,0.9164921263168878,1094,False
2021,Austria,Israel,0.002,0.0,0.0,0.0,0.0,3740,1.2514989292079079e-11,0.9164921263294028,4382,False
2021,Argentina,Turkiye,66481.511,66.0,28.91465568524759,0.0,0.0,3741,0.0004160076991431187,0.9169081340285459,241,False
2021,Argentina,Uganda,31378.501,31.0,36.71042157176342,0.0,0.0,3742,0.00019635080200824633,0.9171044848305541,349,False
2021,Argentina,Zambia,11.991,0.0,28.35459928279543,0.0,0.0,3743,7.503361830066011e-08,0.9171045598641724,2508,False
2021,Argentina,Zimbabwe,11.043000000000001,0.0,26.079869600651993,0.0,0.0,3744,6.910151337621463e-08,0.9171046289656858,2539,False
2021,Armenia,Belgium,0.004,0.0,250.0,0.0,0.0,3745,2.5029978584158157e-11,0.9171046289907158,4342,False
2021,Armenia,Georgia,0.025,0.0,40.0,0.0,0.0,3746,1.5643736615098848e-10,0.9171046291471532,4158,False
2021,Argentina,Malawi,0.08,0.0,75.0,0.0,0.0,3747,5.005995716831632e-10,0.9171046296477527,3942,False
2021,Argentina,Kyrgyzstan,2.109,0.0,137.9800853485064,0.0,0.0,3748,1.3197056208497389e-08,0.917104642844809,3085,False
2021,Argentina,Hungary,29.033,0.0,36.68239589432714,0.0,0.0,3749,1.8167384205846594e-07,0.917104824518651,2190,False
2021,Argentina,Ethiopia,1291.5720000000001,1.0,60.51617718563115,0.0,0.0,3750,8.082004874974581e-06,0.9171129065235261,999,False
2021,Argentina,Czechia,238.336,0.0,13.422227443609021,0.0,0.0,3751,1.4913862439584796e-06,0.91711439790977,1514,False
2021,Argentina,Cote d'Ivoire,0.177,0.0,242.93785310734464,0.0,0.0,3752,1.1075765523489983e-09,0.9171143990173466,3735,False
2021,Argentina,Burundi,5119.122,5.0,32.567498879690696,0.0,0.0,3753,3.203287850742322e-05,0.917146431895854,686,False
2021,Argentina,Burkina Faso,1459.308,1.0,29.32965487751729,0.0,0.0,3754,9.131611996922669e-06,0.9171555635078509,959,False
2021,Argentina,Belarus,8.276,0.0,40.35766070565491,0.0,0.0,3755,5.178702569062322e-08,0.9171556152948765,2620,False
2021,Argentina,Azerbaijan,391.19800000000004,0.0,39.31512942295206,0.0,0.0,3756,2.4479193905413757e-06,0.9171580632142671,1372,False
2021,Argentina,Austria,102.532,0.0,27.844965474193422,0.0,0.0,3757,6.41593441047726e-07,0.9171587048077081,1782,False
2021,Argentina,Albania,274.387,0.0,57.08725267596497,0.0,0.0,3758,1.716975183442851e-06,0.9171604217828916,1469,False
2021,Algeria,United States of America,0.001,0.0,0.0,0.186,0.0,3759,6.257494646039539e-12,0.9171604217891491,4414,False
2021,Algeria,Niger,0.028,0.0,71.42857142857143,0.0,0.0,3760,1.752098500891071e-10,0.917160421964359,4130,False
2021,Albania,United States of America,3.206,0.0,53.64940736119775,0.0,0.0,3761,2.0061527835202762e-08,0.9171604420258869,2962,False
2021,Albania,Montenegro,38.160000000000004,0.0,25.550314465408803,0.0,0.0,3762,2.3878599569286883e-07,0.9171606808118825,2106,False
2021,Afghanistan,Pakistan,838.9810000000001,1.0,31.625269225405578,0.0,0.0,3763,5.249919115628899e-06,0.9171659307309982,1132,False
2021,Armenia,United States of America,0.012,0.0,0.0,0.0,0.0,3764,7.508993575247447e-11,0.9171659308060881,4248,False
2021,Australia,Austria,0.012,0.0,166.66666666666666,0.0,0.0,3765,7.508993575247447e-11,0.917165930881178,4248,False
2021,Australia,Bolivia (Plurinational State of),15.93,0.0,264.5323289391086,0.0,0.0,3766,9.968188971140986e-08,0.9171660305630678,2418,False
2021,Austria,Bulgaria,12.601,0.0,92.21490357908102,0.0,0.0,3767,7.885069003474424e-08,0.9171661094137579,2496,False
2021,Austria,Ireland,0.042,0.0,2119.047619047619,0.0,0.0,3768,2.6281477513366067e-10,0.9171661096765726,4066,False
2021,Austria,Iran (Islamic Republic of),2952.996,3.0,48.27537863241264,0.0,0.0,3769,1.8478356659776177e-05,0.9171845880332324,792,False
2021,Austria,Greece,0.051000000000000004,0.0,39.2156862745098,0.0,0.0,3770,3.1913222694801655e-10,0.9171845883523647,4032,False
2021,Austria,Germany,6016.7350000000015,6.0,62.12472379122563,0.0,0.0,3771,3.7649687049138717e-05,0.9172222380394138,658,False
2021,Austria,Georgia,1.0979999999999999,0.0,301.45719489981786,0.0,0.0,3772,6.870729121351413e-09,0.9172222449101429,3277,False
2021,Austria,French Polynesia,0.04,0.0,350.0,0.0,0.0,3773,2.502997858415816e-10,0.9172222451604427,4074,False
2021,Austria,France,371.399,0.0,114.07138952985872,0.0,0.0,3774,2.324027254044439e-06,0.9172245691876968,1386,False
2021,Austria,Finland,0.155,0.0,283.8709677419355,0.0,0.0,3775,9.699116701361285e-10,0.9172245701576085,3779,False
2021,Austria,Denmark,1.6500000000000001,0.0,96.96969696969697,0.0,0.0,3776,1.032486616596524e-08,0.9172245804824747,3159,False
2021,Austria,Czechia,547.979,1.0,44.6695950027282,0.0,0.0,3777,3.428975658642101e-06,0.9172280094581333,1252,False
2021,Austria,Cyprus,15048.0,15.0,21.671982987772463,0.0,0.0,3778,9.416277943360298e-05,0.917322172237567,480,False
2021,Austria,Croatia,48.736000000000004,0.0,91.59553512803676,0.0,0.0,3779,3.0496525906938303e-07,0.917322477202826,2033,False
2021,Austria,China,0.002,0.0,500.0,0.0,0.0,3780,1.2514989292079079e-11,0.917322477215341,4382,False
2021,Austria,Chile,14.459,0.0,563.5244484404177,0.0,0.0,3781,9.04771150870857e-08,0.9173225676924561,2454,False
2021,Austria,Belgium,17.682000000000002,0.0,116.10677525166835,0.0,0.0,3782,1.1064502033127115e-07,0.9173226783374765,2381,False
2021,Australia,Burundi,3385.859,3.0,34.44856977210215,0.0,0.0,3783,2.1186994564744787e-05,0.9173438653320413,766,False
2021,Austria,Belarus,1.268,0.0,247.63406940063092,0.0,0.0,3784,7.934503211178135e-09,0.9173438732665444,3231,False
2021,Austria,Azerbaijan,0.59,0.0,225.42372881355934,0.0,0.0,3785,3.691921841163328e-09,0.9173438769584663,3449,False
2021,Australia,Zimbabwe,33.328,0.0,26.884301488238115,0.0,0.0,3786,2.0854978156320578e-07,0.9173440855082479,2146,False
2021,Australia,Zambia,1907.232,2.0,32.26770523984497,0.0,0.0,3787,1.1934494028755282e-05,0.9173560200022767,901,False
2021,Australia,Turkiye,253.744,0.0,112.49527082413772,0.0,0.0,3788,1.587801721464657e-06,0.9173576078039981,1499,False
2021,Australia,State of Palestine,167.07,0.0,58.35278625725744,0.0,0.0,3789,1.0454396305138258e-06,0.9173586532436286,1625,False
2021,Australia,Rwanda,42498.091,42.0,37.153198246010625,0.0,0.0,3790,0.00026593157689940115,0.917624584820528,303,False
2021,Australia,Palau,219.145,0.0,59.32601702069406,0.0,0.0,3791,1.3712986642063348e-06,0.9176259561191922,1544,False
2021,Australia,Nepal,45.09,0.0,49.589709469948986,0.0,0.0,3792,2.821504335899228e-07,0.9176262382696257,2062,False
2021,Australia,Mongolia,20.925,0.0,40.52568697729988,0.0,0.0,3793,1.3093807546837736e-07,0.9176263692077012,2325,False
2021,Australia,Kiribati,727.567,1.0,40.980418298246065,0.0,0.0,3794,4.552746607135049e-06,0.9176309219543084,1182,False
2021,Australia,Ethiopia,27378.552,27.0,48.47206674772281,0.0,0.0,3795,0.0001713211425563151,0.9178022430968648,382,False
2021,Australia,Eswatini,669.8480000000001,1.0,23.821822264155447,0.0,0.0,3796,4.191570273660293e-06,0.9178064346671384,1200,False
2021,Australia,"China, Macao SAR",37.042,0.0,61.01182441552832,0.0,0.0,3797,2.3179011667859662e-07,0.9178066664572551,2119,False
2021,Bolivia (Plurinational State of),Angola,45.223,0.0,325.5201998982819,0.0,0.0,3798,2.829826803778461e-07,0.9178069494399355,2059,False
2021,Bolivia (Plurinational State of),Bahrain,0.03,0.0,366.6666666666667,0.0,0.0,3799,1.8772483938118616e-10,0.9178069496276603,4121,False
2021,China,Slovakia,155.67000000000002,0.0,72.46097513971863,0.0,0.0,3800,9.741041915489752e-07,0.9178079237318518,1644,False
2021,Canada,Zimbabwe,13.859,0.0,29.583664045024893,0.0,0.0,3801,8.672261829946198e-08,0.9178080104544701,2472,False
2021,Canada,Rwanda,5995.491,6.0,41.9642027650446,0.0,0.0,3802,3.751675283287824e-05,0.9178455272073031,659,False
2021,Canada,Slovakia,0.23500000000000001,0.0,225.531914893617,0.0,0.0,3803,1.4705112418192918e-09,0.9178455286778143,3675,False
2021,Canada,"Switzerland, Liechtenstein",22.614,0.0,108.64950915362165,0.0,0.0,3804,1.4150698392553815e-07,0.9178456701847982,2297,False
2021,Canada,Turkiye,385479.991,385.0,37.01075109758421,0.0,0.0,3805,0.0024121389798378696,0.9202578091646361,66,False
2021,Canada,Uganda,2315.7980000000002,2.0,44.188223670631025,0.0,0.0,3806,1.4491093586309074e-05,0.9202723002582224,843,False
2021,Canada,Zambia,1178.669,1.0,37.26830857518099,0.0,0.0,3807,7.375514956952779e-06,0.9202796757731794,1028,False
2021,Chad,United Arab Emirates,15.52,0.0,55.154639175257735,0.0,0.0,3808,9.711631690653364e-08,0.9202797728894963,2427,False
2021,Cambodia,Serbia,0.86,0.0,1354.6511627906978,0.0,0.0,3809,5.3814453955940035e-09,0.9202797782709417,3354,False
2021,Chile,Austria,8.927,0.0,132.85538254732833,0.0,0.0,3810,5.5860654705194966e-08,0.9202798341315963,2603,False
2021,Chile,Belarus,49.596000000000004,0.0,142.10823453504315,0.0,0.0,3811,3.10346704464977e-07,0.9202801444783008,2024,False
2021,Chile,Czechia,24.188,0.0,192.90557301141064,0.0,0.0,3812,1.5135628049840436e-07,0.9202802958345813,2264,False
2021,Chile,Greenland,1.141,0.0,96.40666082383873,0.0,0.0,3813,7.139801391131114e-09,0.9202803029743827,3263,False
2021,Chile,Kazakhstan,9.064,0.0,212.37864077669903,0.0,0.0,3814,5.6717931471702385e-08,0.9202803596923141,2599,False
2021,Chile,North Macedonia,4.698,0.0,268.4120902511707,0.0,0.0,3815,2.9397709847093758e-08,0.920280389090024,2827,False
2021,Canada,Nepal,63.451,0.0,55.83836346156877,0.0,0.0,3816,3.970442927858548e-07,0.9202807861343167,1935,False
2021,Canada,Mongolia,0.167,0.0,161.6766467065868,0.0,0.0,3817,1.0450016058886031e-09,0.9202807871793184,3755,False
2021,Canada,Malawi,0.17,0.0,94.11764705882352,0.0,0.0,3818,1.0637740898267217e-09,0.9202807882430925,3746,False
2021,Canada,Luxembourg,0.032,0.0,156.25,0.0,0.0,3819,2.0023982867326526e-10,0.9202807884433323,4109,False
2021,Canada,Kazakhstan,57.37699999999999,0.0,109.46895097338657,0.0,0.0,3820,3.590362703058106e-07,0.9202811474796025,1967,False
2021,Canada,Eswatini,106.659,0.0,25.876859899305263,0.0,0.0,3821,6.674181214519313e-07,0.920281814897724,1772,False
2021,Canada,Czechia,2.763,0.0,353.23923271806007,0.0,0.0,3822,1.7289457707007248e-08,0.9202818321871817,3019,False
2021,Canada,Cote d'Ivoire,136.677,0.0,39.479941760501035,0.0,0.0,3823,8.55255595736746e-07,0.9202826874427775,1695,False
2021,Canada,Burundi,961.392,1.0,41.550168921730155,0.0,0.0,3824,6.015905292745245e-06,0.9202887033480702,1089,False
2021,Canada,Burkina Faso,3825.208,4.0,27.49732824986249,0.0,0.0,3825,2.3936218579987615e-05,0.9203126395666502,739,False
2021,Canada,Bolivia (Plurinational State of),6582.32,7.0,49.41221332296212,0.0,0.0,3826,4.118883215851898e-05,0.9203538283988087,642,False
2021,Canada,Albania,4981.717000000001,5.0,40.055466819973915,0.0,0.0,3827,3.1173067455584156e-05,0.9203850014662643,689,False
2021,Cameroon,Central African Republic,0.096,0.0,93.75,0.0,0.0,3828,6.007194860197958e-10,0.9203850020669838,3905,False
2021,Cambodia,Uzbekistan,0.003,0.0,0.0,0.0,0.0,3829,1.8772483938118618e-11,0.9203850020857564,4364,False
2021,Cambodia,Turkiye,474.65000000000003,0.0,62.844200990203305,0.0,0.0,3830,2.9701198337426675e-06,0.9203879722055901,1309,False
2021,Cambodia,Tajikistan,0.005,0.0,0.0,0.0,0.0,3831,3.12874732301977e-11,0.9203879722368776,4322,False
2021,Cambodia,"Switzerland, Liechtenstein",3.178,0.0,200.12586532410322,0.0,0.0,3832,1.9886317985113656e-08,0.9203879921231957,2967,False
2021,Chile,Serbia,178.43800000000002,0.0,194.36442910142458,0.0,0.0,3833,1.1165748296500034e-06,0.9203891086980253,1608,False
2021,Chile,Slovakia,4.749,0.0,245.1042324699937,0.0,0.0,3834,2.971684207404177e-08,0.9203891384148674,2820,False
2021,Chile,"Switzerland, Liechtenstein",2.476,0.0,214.8626817447496,0.0,0.0,3835,1.54935567435939e-08,0.9203891539084241,3048,False
2021,China,Kiribati,2819.5370000000003,3.0,52.16459298104618,0.0,0.0,3836,1.7643237681810387e-05,0.920406797146106,799,False
2021,China,Serbia,83.274,0.0,272.8582750918654,0.0,0.0,3837,5.210866091542966e-07,0.9204073182327152,1855,False
2021,China,Rwanda,0.411,0.0,21.897810218978105,0.0,0.0,3838,2.5718302995222506e-09,0.9204073208045455,3553,False
2021,China,Paraguay,0.315,0.0,50.79365079365079,0.0,0.0,3839,1.9711108135024547e-09,0.9204073227756563,3616,False
2021,China,Palau,0.077,0.0,129.87012987012986,0.0,0.0,3840,4.818270877450445e-10,0.9204073232574834,3952,False
2021,China,North Macedonia,0.338,0.0,257.396449704142,0.0,0.0,3841,2.1150331903613644e-09,0.9204073253725166,3595,False
2021,China,Niger,198.15800000000002,0.0,26.443545049909666,0.0,0.0,3842,1.239972624069903e-06,0.9204085653451406,1573,False
2021,China,Nepal,0.221,0.0,158.3710407239819,0.0,0.0,3843,1.382906316774738e-09,0.9204085667280469,3688,False
2021,China,Mongolia,861.5390000000001,1.0,41.25640278617683,0.0,0.0,3844,5.391075679854259e-06,0.9204139578037268,1127,False
2021,China,"Moldova, Republic of",489.133,0.0,71.30575937423973,0.0,0.0,3845,3.0607471287012578e-06,0.9204170185508556,1298,False
2021,China,Mali,25.804000000000002,0.0,36.46721438536661,0.0,0.0,3846,1.6146839184640428e-07,0.9204171800192474,2241,False
2021,China,Malawi,0.068,0.0,705.8823529411765,0.0,0.0,3847,4.255096359306887e-10,0.9204171804447571,3975,False
2021,China,Luxembourg,0.09899999999999999,0.0,171.71717171717174,0.0,0.0,3848,6.194919699579143e-10,0.9204171810642491,3900,False
2021,China,Lao People's Dem. Rep.,5.295000000000001,0.0,35.12747875354107,0.0,0.0,3849,3.3133434150779364e-08,0.9204172141976832,2787,False
2021,China,Kyrgyzstan,0.341,0.0,152.49266862170086,0.0,0.0,3850,2.133805674299483e-09,0.9204172163314889,3593,False
2021,China,Kazakhstan,1.348,0.0,42.28486646884273,0.0,0.0,3851,8.4351027828613e-09,0.9204172247665916,3220,False
2021,Chile,Turkiye,88.708,0.0,378.5340668259909,0.0,0.0,3852,5.550898350608755e-07,0.9204177798564267,1833,False
2021,China,Greenland,0.06,0.0,583.3333333333334,0.0,0.0,3853,3.754496787623723e-10,0.9204177802318764,4001,False
2021,China,Ethiopia,8.145999999999999,0.0,74.02406088877977,0.0,0.0,3854,5.097355138663808e-08,0.9204178312054277,2632,False
2021,China,Cote d'Ivoire,4228.298,4.0,41.016976570714746,0.0,0.0,3855,2.645855209685969e-05,0.9204442897575246,726,False
2021,China,"China, Macao SAR",71.819,0.0,66.1245631378883,0.0,0.0,3856,4.494070079839137e-07,0.9204447391645325,1899,False
2021,China,Central African Republic,1.6420000000000001,0.0,111.44945188794152,0.0,0.0,3857,1.0274806208796924e-08,0.9204447494393387,3161,False
2021,China,Burundi,0.387,0.0,351.421188630491,0.0,0.0,3858,2.4216504280173017e-09,0.9204447518609892,3564,False
2021,China,Burkina Faso,1.134,0.0,32.6278659611993,0.0,0.0,3859,7.095998928608837e-09,0.9204447589569881,3267,False
2021,China,Botswana,0.322,0.0,40.37267080745342,0.0,0.0,3860,2.014913276024732e-09,0.9204447609719013,3607,False
2021,China,Belarus,0.216,0.0,115.74074074074075,0.0,0.0,3861,1.3516188435445404e-09,0.9204447623235201,3692,False
2021,China,Azerbaijan,7.953,0.0,89.14874889978624,0.0,0.0,3862,4.9765854919952455e-08,0.920444812089375,2640,False
2021,China,Austria,0.002,0.0,0.0,0.0,0.0,3863,1.2514989292079079e-11,0.92044481210189,4382,False
2021,China,Armenia,0.065,0.0,123.07692307692307,0.0,0.0,3864,4.0673715199257005e-10,0.9204448125086272,3983,False
2021,China,Albania,991.314,1.0,48.68992065077261,0.0,0.0,3865,6.20314204754404e-06,0.9204510156506748,1085,False
2021,Chile,Uruguay,0.001,0.0,1000.0,0.24870000000000003,0.0,3866,6.257494646039539e-12,0.9204510156569323,4414,False
2021,Cambodia,Slovakia,4.441,0.0,181.71582976807025,0.0,0.0,3867,2.778953372306159e-08,0.920451043446466,2848,False
2021,Cambodia,"Moldova, Republic of",1.458,0.0,187.24279835390948,0.0,0.0,3868,9.123427193925648e-09,0.9204510525698932,3198,False
2021,Bolivia (Plurinational State of),Chile,931.348,1.0,46.32210516369821,0.0,0.0,3869,5.827905123599632e-06,0.9204568804750168,1101,False
2021,Brazil,Cote d'Ivoire,0.042,0.0,809.5238095238095,0.0,0.0,3870,2.6281477513366067e-10,0.9204568807378316,4066,False
2021,Bosnia and Herzegovina,Turkiye,9133.374,9.0,35.26878456964535,0.0,0.0,3871,5.715203890527673e-05,0.9205140327767369,573,False
2021,Botswana,Mozambique,0.015,0.0,3666.666666666667,0.0,0.0,3872,9.386241969059308e-11,0.9205140328705994,4230,False
2021,Botswana,Zimbabwe,1.853,0.0,70.69616837560713,0.0,0.0,3873,1.1595137579111266e-08,0.920514044465737,3126,False
2021,Brazil,Albania,11.57,0.0,75.54019014693172,0.0,0.0,3874,7.239921305467748e-08,0.9205141168649501,2518,False
2021,Brazil,Bolivia (Plurinational State of),2579.974,3.0,29.064246383878285,0.0,0.0,3875,1.6144173491921214e-05,0.920530261038442,823,False
2021,Brazil,"China, Macao SAR",0.093,0.0,344.0860215053763,0.0,0.0,3876,5.819470020816772e-10,0.9205302616203891,3914,False
2021,Brazil,Czechia,94.392,0.0,32.83117213323163,0.0,0.0,3877,5.906574346289642e-07,0.9205308522778237,1816,False
2021,Cambodia,Luxembourg,16.117,0.0,86.1822919898244,0.0,0.0,3878,1.0085204121021926e-07,0.9205309531298649,2415,False
2021,Brazil,Mali,29.134,0.0,29.793368572801533,0.0,0.0,3879,1.8230584901771593e-07,0.9205311354357139,2189,False
2021,Brazil,"Moldova, Republic of",0.14,0.0,92.85714285714285,0.0,0.0,3880,8.760492504455356e-10,0.9205311363117631,3805,False
2021,Brazil,Nepal,741.397,1.0,54.17205626675047,0.0,0.0,3881,4.639287758089777e-06,0.9205357755995212,1170,False
2021,Brazil,Paraguay,395.745,0.0,380.0275429885406,0.0,0.0,3882,2.4763722186969175e-06,0.9205382519717399,1367,False
2021,Brazil,State of Palestine,230.869,0.0,61.866253156551984,0.0,0.0,3883,1.4446615314365024e-06,0.9205396966332713,1526,False
2021,Brazil,"Switzerland, Liechtenstein",22136.339000000004,22.0,16.617607816721634,0.0,0.0,3884,0.00013851802277541628,0.9206782146560467,418,False
2021,Bosnia and Herzegovina,Serbia,1.8900000000000001,0.0,1237.037037037037,0.0,0.0,3885,1.182666488101473e-08,0.9206782264827116,3119,False
2021,Bosnia and Herzegovina,Montenegro,0.538,0.0,46.468401486988846,0.0,0.0,3886,3.3665321195692725e-09,0.9206782298492437,3477,False
2021,Bosnia and Herzegovina,Italy,0.985,0.0,48.73096446700508,0.0,0.0,3887,6.163632226348946e-09,0.920678236012876,3316,False
2021,Bosnia and Herzegovina,Croatia,275.605,0.0,31.015402478184356,0.0,0.0,3888,1.7245968119217272e-06,0.9206799606096879,1467,False
2021,Bolivia (Plurinational State of),United States of America,3.732,0.0,105.30546623794211,0.0,0.0,3889,2.335297001901956e-08,0.9206799839626579,2903,False
2021,Bolivia (Plurinational State of),Spain,14.0,0.0,98.71428571428571,0.0,0.0,3890,8.760492504455355e-08,0.920680071567583,2469,False
2021,Bolivia (Plurinational State of),Serbia,0.025,0.0,400.0,0.0,0.0,3891,1.5643736615098848e-10,0.9206800717240204,4158,False
2021,Bolivia (Plurinational State of),Saudi Arabia,0.105,0.0,38.095238095238095,0.0,0.0,3892,6.570369378341516e-10,0.9206800723810574,3875,False
2021,Bolivia (Plurinational State of),Peru,318.07,0.0,61.31983525639011,0.0,0.0,3893,1.990321322065796e-06,0.9206820627023795,1431,False
2021,Bolivia (Plurinational State of),Paraguay,184.067,0.0,41.72393747928743,0.0,0.0,3894,1.15179826701256e-06,0.9206832145006465,1598,False
2021,Bolivia (Plurinational State of),Panama,18.988,0.0,124.86833789761955,0.0,0.0,3895,1.1881730833899876e-07,0.9206833333179548,2353,False
2021,Bolivia (Plurinational State of),Netherlands (Kingdom of the),0.001,0.0,1000.0,0.0,0.0,3896,6.257494646039539e-12,0.9206833333242124,4414,False
2021,Bolivia (Plurinational State of),Myanmar,286.0,0.0,63.17132867132867,0.0,0.0,3897,1.7896434687673082e-06,0.9206851229676811,1459,False
2021,Bolivia (Plurinational State of),Malta,0.002,0.0,500.0,0.0,0.0,3898,1.2514989292079079e-11,0.9206851229801961,4382,False
2021,Bolivia (Plurinational State of),Honduras,0.016,0.0,375.0,0.0,0.0,3899,1.0011991433663263e-10,0.920685123080316,4220,False
2021,Bolivia (Plurinational State of),Guatemala,28.763,0.0,149.949588012377,0.0,0.0,3900,1.799843185040353e-07,0.9206853030646345,2193,False
2021,Bolivia (Plurinational State of),Ecuador,545.489,1.0,204.13977183774557,0.0,0.0,3901,3.4133944969734625e-06,0.9206887164591314,1254,False
2021,Brazil,Turkiye,27860.782000000003,28.0,28.57672839190228,0.0,0.0,3902,0.00017433869419947477,0.9208630551533309,376,False
2021,Brazil,Zambia,0.162,0.0,444.44444444444446,0.0,0.0,3903,1.0137141326584055e-09,0.920863056167045,3764,False
2021,Bulgaria,Austria,0.008,0.0,875.0,0.0,0.0,3904,5.0059957168316314e-11,0.920863056217105,4294,False
2021,Burkina Faso,Ghana,121.92000000000002,0.0,27.682086614173226,0.0,0.0,3905,7.629137472451407e-07,0.9208638191308522,1737,False
2021,Cambodia,Hungary,29.46,0.0,58.316361167684995,0.0,0.0,3906,1.8434579227232484e-07,0.9208640034766445,2181,False
2021,Cambodia,Greenland,4.574,0.0,111.0625273283778,0.0,0.0,3907,2.862178051098485e-08,0.920864032098425,2837,False
2021,Cambodia,Czechia,136.797,0.0,131.3113591672332,0.0,0.0,3908,8.560064950942708e-07,0.9208648881049202,1694,False
2021,Cambodia,Cote d'Ivoire,271.115,0.0,45.962045626394705,0.0,0.0,3909,1.6965006609610097e-06,0.9208665846055811,1471,False
2021,Cambodia,"China, Macao SAR",876.095,1.0,32.102682928221256,0.0,0.0,3910,5.48215977192201e-06,0.920872066765353,1121,False
2021,Cambodia,Azerbaijan,0.085,0.0,164.70588235294116,0.0,0.0,3911,5.318870449133609e-10,0.9208720672972401,3933,False
2021,Cambodia,Austria,35.049,0.0,72.66969100402294,0.0,0.0,3912,2.193189298490398e-07,0.9208722866161699,2133,False
2021,Cambodia,Armenia,0.009000000000000001,0.0,1444.4444444444443,0.0,0.0,3913,5.631745181435586e-11,0.9208722866724874,4285,False
2021,Burundi,Netherlands (Kingdom of the),0.037,0.0,27.027027027027028,0.0,0.0,3914,2.3152730190346294e-10,0.9208722869040148,4094,False
2021,Burkina Faso,Spain,6.24,0.0,126.4423076923077,0.0,0.0,3915,3.9046766591286725e-08,0.9208723259507814,2733,False
2021,Burkina Faso,Serbia,0.009000000000000001,0.0,333.3333333333333,0.0,0.0,3916,5.631745181435586e-11,0.9208723260070989,4285,False
2021,Burkina Faso,Niger,2139.58,2.0,8.560558614307482,0.0,0.0,3917,1.3388410394773277e-05,0.9208857144174937,868,False
2021,Burkina Faso,Netherlands (Kingdom of the),7.126,0.0,170.36205444849844,0.0,0.0,3918,4.459090684767776e-08,0.9208857590084005,2675,False
2021,Burkina Faso,Mali,6.866,0.0,65.68598893096417,0.0,0.0,3919,4.296395823970747e-08,0.9208858019723588,2694,False
2021,Burkina Faso,France,8.178,0.0,130.59427732942038,0.0,0.0,3920,5.1173791215311356e-08,0.92088585314615,2628,False
2021,Bulgaria,Azerbaijan,1.445,0.0,88.58131487889273,0.0,0.0,3921,9.042079763527135e-09,0.9208858621882298,3203,False
2021,Burkina Faso,Finland,0.005,0.0,5200.0,0.0,0.0,3922,3.12874732301977e-11,0.9208858622195173,4322,False
2021,Burkina Faso,Czechia,0.031,0.0,2258.064516129032,0.0,0.0,3923,1.9398233402722572e-10,0.9208858624134997,4114,False
2021,Burkina Faso,Cote d'Ivoire,1246.583,1.0,5.028947129874224,0.0,0.0,3924,7.800486448343908e-06,0.920893662899948,1013,False
2021,Bulgaria,Turkiye,174518.72,175.0,12.79176239660708,0.0,0.0,3925,0.0010920499560336736,0.9219857128559816,129,False
2021,Bulgaria,"Switzerland, Liechtenstein",0.008,0.0,0.0,0.0,0.0,3926,5.0059957168316314e-11,0.9219857129060416,4294,False
2021,Bulgaria,State of Palestine,172.951,0.0,61.41623928164625,0.0,0.0,3927,1.0822399565271843e-06,0.9219867951459981,1616,False
2021,Bulgaria,Slovakia,0.01,0.0,100.0,0.0,0.0,3928,6.25749464603954e-11,0.9219867952085731,4272,False
2021,Bulgaria,Rwanda,29.201,0.0,66.36759015102223,0.0,0.0,3929,1.827251011590006e-07,0.9219869779336742,2187,False
2021,Bulgaria,North Macedonia,0.662,0.0,43.80664652567975,0.0,0.0,3930,4.142461455678175e-09,0.9219869820761357,3422,False
2021,Bulgaria,"Moldova, Republic of",1.805,0.0,72.02216066481995,0.0,0.0,3931,1.1294777836101368e-08,0.9219869933709136,3132,False
2021,Bulgaria,Kyrgyzstan,0.002,0.0,0.0,0.0,0.0,3932,1.2514989292079079e-11,0.9219869933834286,4382,False
2021,Bulgaria,Kazakhstan,0.003,0.0,1666.6666666666667,0.0,0.0,3933,1.8772483938118618e-11,0.9219869934022011,4364,False
2021,Bulgaria,Ethiopia,0.44,0.0,86.36363636363636,0.0,0.0,3934,2.753297644257397e-09,0.9219869961554987,3526,False
2021,Bulgaria,Czechia,0.046,0.0,586.9565217391305,0.0,0.0,3935,2.878447537178188e-10,0.9219869964433435,4054,False
2021,Indonesia,Mali,0.014,0.0,642.8571428571429,0.0,0.0,3936,8.760492504455356e-11,0.9219869965309484,4236,False
2021,Indonesia,"Switzerland, Liechtenstein",0.115,0.0,200.0,0.0,0.0,3937,7.196118842945471e-10,0.9219869972505603,3850,False
2021,South Africa,"Switzerland, Liechtenstein",0.332,0.0,216.86746987951807,0.0,0.0,3938,2.0774882224851272e-09,0.9219869993280485,3599,False
2021,Paraguay,Trinidad and Tobago,25.025000000000002,0.0,46.15384615384615,0.0,0.0,3939,1.5659380351713948e-07,0.921987155921852,2251,False
2021,Paraguay,Portugal,8756.710000000001,9.0,32.05027915735476,0.0,0.0,3940,5.4795065941920896e-05,0.922041950987794,583,False
2021,Paraguay,Senegal,29078.663,29.0,26.92145784006644,0.0,0.0,3941,0.00018195957803648804,0.9222239105658304,365,False
2021,Paraguay,Sierra Leone,2136.607,2.0,48.35938476285063,0.0,0.0,3942,1.3369806863190602e-05,0.9222372803726936,872,False
2021,Paraguay,Spain,14524.244,15.0,31.94933932533769,0.0,0.0,3943,9.08853790677719e-05,0.9223281657517614,488,False
2021,Paraguay,State of Palestine,57.125,0.0,60.00875273522976,0.0,0.0,3944,3.574593816550087e-07,0.922328523211143,1969,False
2021,Paraguay,"Switzerland, Liechtenstein",3.36,0.0,51.48809523809524,0.0,0.0,3945,2.102518201069285e-08,0.922328544236325,2943,False
2021,Paraguay,Turkiye,1905.953,2.0,49.06521829237133,0.0,0.0,3946,1.1926490693102998e-05,0.9223404707270182,902,False
2021,Philippines,"Switzerland, Liechtenstein",0.492,0.0,130.08130081300814,0.0,0.0,3947,3.0786873658514534e-09,0.9223404738057056,3498,False
2021,Paraguay,United Kingdom,6124.13,6.0,33.52786436604056,0.0,0.0,3948,3.832171068665012e-05,0.9223787955163922,655,False
2021,Paraguay,United States of America,56.19,0.0,29.613810286527855,0.0,0.0,3949,3.516086241609617e-07,0.9223791471250165,1978,False
2021,Paraguay,Uruguay,1108.814,1.0,30.72201469317667,0.0,0.0,3950,6.938397668453686e-06,0.9223860855226849,1046,False
2021,Paraguay,Viet Nam,124.078,0.0,13.31420558036074,0.0,0.0,3951,7.76417420691294e-07,0.9223868619401056,1732,False
2021,Peru,Hungary,0.15,0.0,113.33333333333334,0.0,0.0,3952,9.386241969059308e-10,0.9223868628787297,3788,False
2021,Peru,"Switzerland, Liechtenstein",4.141,0.0,136.9234484424052,0.0,0.0,3953,2.5912285329249732e-08,0.922386888791015,2875,False
2021,Paraguay,Poland,10253.439,10.0,24.883846288060035,0.0,0.0,3954,6.416083964599302e-05,0.922451049630661,549,False
2021,Paraguay,Peru,308.556,0.0,85.63437431130816,0.0,0.0,3955,1.930787518003376e-06,0.922452980418179,1440,False
2021,Paraguay,Panama,627.76,1.0,22.45444118771505,0.0,0.0,3956,3.928204838997781e-06,0.922456908623018,1215,False
2021,Paraguay,Niger,4.182,0.0,23.19464371114299,0.0,0.0,3957,2.6168842609737355e-08,0.9224569347918606,2870,False
2021,Paraguay,Netherlands (Kingdom of the),8294.843,8.0,25.7175452265944,0.0,0.0,3958,5.1904935662238555e-05,0.9225088397275228,596,False
2021,Paraguay,Lithuania,192.497,0.0,22.67567806251526,0.0,0.0,3959,1.2045489468786732e-06,0.9225100442764698,1587,False
2021,Paraguay,"Korea, Republic of",124708.104,125.0,16.887146323706435,0.0,0.0,3960,0.0007803602930977421,0.9232904045695675,162,False
2021,Paraguay,Italy,490.142,0.0,22.56488935859404,0.0,0.0,3961,3.0670609407991116e-06,0.9232934716305082,1295,False
2021,Paraguay,Israel,2157.238,2.0,21.291577470821487,0.0,0.0,3962,1.3498905235233043e-05,0.9233069705357435,865,False
2021,Paraguay,Honduras,281.448,0.0,30.993291833660216,0.0,0.0,3963,1.761159353138536e-06,0.9233087316950966,1462,False
2021,Paraguay,Guatemala,992.652,1.0,25.224348512872588,0.0,0.0,3964,6.211514575380441e-06,0.923314943209672,1084,False
2021,Paraguay,Greece,2250.0,2.0,35.73688888888889,0.0,0.0,3965,1.4079362953588962e-05,0.9233290225726256,854,False
2021,Paraguay,Germany,4455.254,4.0,37.15051936432805,0.0,0.0,3966,2.787872805174624e-05,0.9233569013006774,715,False
2021,Paraguay,Gambia,3598.739,4.0,25.420015177538577,0.0,0.0,3967,2.2519090024993684e-05,0.9233794203907024,755,False
2021,Paraguay,France,335.371,0.0,28.735340861314786,0.0,0.0,3968,2.098582236936926e-06,0.9233815189729394,1417,False
2021,Paraguay,Egypt,20712.018,21.0,27.2121238983087,0.0,0.0,3969,0.00012960534174367457,0.9235111243146831,429,False
2021,Paraguay,Costa Rica,4538.651,5.0,45.14865760773411,0.0,0.0,3970,2.8400584332742e-05,0.9235395248990158,712,False
2021,Philippines,Palau,0.013000000000000001,0.0,153.84615384615384,0.0,0.0,3971,8.134743039851402e-11,0.9235395249803633,4243,False
2021,Poland,Austria,154.709,0.0,109.42479105934368,0.0,0.0,3972,9.680907391941311e-07,0.9235404930711025,1646,False
2021,Indonesia,Uganda,4.047,0.0,29.898690387941688,0.0,0.0,3973,2.5324080832522014e-08,0.9235405183951834,2885,False
2021,Romania,Azerbaijan,6.861,0.0,313.3653986299373,0.0,0.0,3974,4.2932670766477274e-08,0.9235405613278541,2695,False
2021,Portugal,Kazakhstan,0.001,0.0,0.0,0.0,0.0,3975,6.257494646039539e-12,0.9235405613341117,4414,False
2021,Portugal,Luxembourg,279.562,0.0,44.94173027807785,0.0,0.0,3976,1.7493577182361056e-06,0.9235423106918299,1464,False
2021,Portugal,"Moldova, Republic of",0.061,0.0,163.9344262295082,0.0,0.0,3977,3.817071734084119e-10,0.9235423110735371,3998,False
2021,Portugal,State of Palestine,2287.106,2.0,72.01371514918853,0.0,0.0,3978,1.4311553549924908e-05,0.923556622627087,847,False
2021,Portugal,"Switzerland, Liechtenstein",28.066,0.0,84.05187771681038,0.0,0.0,3979,1.756228447357457e-07,0.9235567982499318,2204,False
2021,Romania,Austria,1212.9060000000002,1.0,38.706214661317524,0.0,0.0,3980,7.5897528011492344e-06,0.9235643880027329,1017,False
2021,Romania,Belarus,37.905,0.0,303.0207096689091,0.0,0.0,3981,2.3719033455812874e-07,0.9235646251930675,2107,False
2021,Poland,Belarus,163.031,0.0,63.03095730259889,0.0,0.0,3982,1.0201656096384721e-06,0.9235656453586771,1630,False
2021,Romania,Czechia,498.434,0.0,95.67364987139722,0.0,0.0,3983,3.118948086404072e-06,0.9235687643067635,1288,False
2021,Romania,Ethiopia,2665.549,3.0,95.97572582608686,0.0,0.0,3984,1.6679658596256047e-05,0.9235854439653598,811,False
2021,Romania,Kazakhstan,2.797,0.0,249.55309259921344,0.0,0.0,3985,1.7502212524972593e-08,0.9235854614675724,3015,False
2021,Romania,Kyrgyzstan,0.056,0.0,482.1428571428571,0.0,0.0,3986,3.504197001782142e-10,0.9235854618179921,4013,False
2021,Romania,"Moldova, Republic of",0.84,0.0,403.5714285714286,0.0,0.0,3987,5.256295502673213e-09,0.9235854670742876,3363,False
2021,Romania,North Macedonia,0.23700000000000002,0.0,337.55274261603375,0.0,0.0,3988,1.4830262311113709e-09,0.9235854685573138,3671,False
2021,Portugal,Czechia,0.005,0.0,2400.0,0.0,0.0,3989,3.12874732301977e-11,0.9235854685886014,4322,False
2021,Portugal,"China, Macao SAR",10.206,0.0,80.34489515970996,0.0,0.0,3990,6.386399035747953e-08,0.9235855324525917,2564,False
2021,Portugal,Belarus,0.029,0.0,137.9310344827586,0.0,0.0,3991,1.8146734473514665e-10,0.9235855326340591,4124,False
2021,Portugal,Austria,0.254,0.0,59.05511811023622,0.0,0.0,3992,1.589403640094043e-09,0.9235855342234627,3659,False
2021,Portugal,Andorra,0.001,0.0,0.0,0.0,0.0,3993,6.257494646039539e-12,0.9235855342297202,4414,False
2021,Poland,Zimbabwe,0.429,0.0,97.9020979020979,0.0,0.0,3994,2.6844652031509622e-09,0.9235855369141854,3539,False
2021,Poland,Uganda,0.585,0.0,71.7948717948718,0.0,0.0,3995,3.6606343679331302e-09,0.9235855405748198,3452,False
2021,Poland,Turkiye,99113.391,99.0,14.813164852769491,0.0,0.0,3996,0.0006202015135333234,0.9242057420883532,192,False
2021,Poland,"Switzerland, Liechtenstein",6.846000000000001,0.0,176.74554484370432,0.0,0.0,3997,4.283880834678669e-08,0.9242057849271615,2697,False
2021,Poland,Slovakia,184.44599999999994,0.0,47.531526842544714,0.0,0.0,3998,1.1541698574834084e-06,0.924206939097019,1597,False
2021,Poland,Serbia,10.007,0.0,97.73158788847807,0.0,0.0,3999,6.261874892291766e-08,0.924207001715768,2569,False
2021,Poland,North Macedonia,1.836,0.0,150.8714596949891,0.0,0.0,4000,1.1488760170128595e-08,0.9242070132045281,3127,False
2021,Poland,"Moldova, Republic of",0.006,0.0,333.3333333333333,0.0,0.0,4001,3.7544967876237236e-11,0.9242070132420731,4310,False
2021,Poland,Kazakhstan,0.003,0.0,0.0,0.0,0.0,4002,1.8772483938118618e-11,0.9242070132608456,4364,False
2021,Poland,Greenland,36.095,0.0,64.77351433716582,0.0,0.0,4003,2.2586426924879715e-07,0.9242072391251149,2126,False
2021,Poland,Eswatini,0.012,0.0,83.33333333333333,0.0,0.0,4004,7.508993575247447e-11,0.9242072392002049,4248,False
2021,Poland,Czechia,75437.607,75.0,17.30123809468134,0.0,0.0,4005,0.00047205042191253487,0.9246792896221174,225,False
2021,Paraguay,Chile,9174.278,9.0,55.14624693082114,0.0,0.0,4006,5.740799546627833e-05,0.9247366976175837,571,False
2021,Paraguay,Brazil,5448.03,5.0,46.75267940888725,0.0,0.0,4007,3.4091018556462786e-05,0.9247707886361402,674,False
2021,Paraguay,Belgium,7890.598,8.0,23.85763411087474,0.0,0.0,4008,4.93753747390503e-05,0.9248201640108792,609,False
2021,North Macedonia,Montenegro,0.109,0.0,36.69724770642202,0.0,0.0,4009,6.820669164183097e-10,0.9248201646929461,3859,False
2021,Nigeria,Zimbabwe,0.002,0.0,500.0,0.0,0.0,4010,1.2514989292079079e-11,0.9248201647054611,4382,False
2021,North Macedonia,Austria,0.018000000000000002,0.0,111.1111111111111,0.0,0.0,4011,1.1263490362871171e-10,0.924820164818096,4206,False
2021,North Macedonia,Bulgaria,0.528,0.0,64.39393939393939,0.0,0.0,4012,3.3039571731088767e-09,0.9248201681220533,3481,False
2021,North Macedonia,Croatia,0.5640000000000001,0.0,102.8368794326241,0.0,0.0,4013,3.5292269803663004e-09,0.9248201716512803,3462,False
2021,North Macedonia,Finland,0.001,0.0,11000.0,0.0,0.0,4014,6.257494646039539e-12,0.9248201716575378,4414,False
2021,North Macedonia,Germany,0.197,0.0,269.03553299492387,0.0,0.0,4015,1.2327264452697892e-09,0.9248201728902643,3713,False
2021,North Macedonia,Serbia,11.297,0.0,69.310436399044,0.0,0.0,4016,7.069091701630868e-08,0.9248202435811813,2530,False
2021,Paraguay,Argentina,1211.647,1.0,58.90081847270699,0.0,0.0,4017,7.581874615389869e-06,0.9248278254557967,1019,False
2021,North Macedonia,"Switzerland, Liechtenstein",0.5650000000000001,0.0,106.19469026548671,0.0,0.0,4018,3.53548447501234e-09,0.9248278289912811,3461,False
2021,North Macedonia,United States of America,4.067,0.0,52.12687484632407,0.0,0.0,4019,2.5449230725442806e-08,0.9248278544405119,2884,False
2021,Norway,Austria,0.004,0.0,250.0,0.0,0.0,4020,2.5029978584158157e-11,0.9248278544655418,4342,False
2021,Pakistan,Afghanistan,0.083,0.0,180.72289156626505,0.0,0.0,4021,5.193720556212818e-10,0.9248278549849139,3936,False
2021,Pakistan,Albania,180.226,0.0,55.5968617180651,0.0,0.0,4022,1.127763230077122e-06,0.924828982748144,1604,False
2021,Pakistan,Armenia,2.492,0.0,95.50561797752809,0.0,0.0,4023,1.5593676657930532e-08,0.9248289983418206,3047,False
2021,Nigeria,Niger,2.0359999999999996,0.0,1.4734774066797645,0.0,0.0,4024,1.2740259099336499e-08,0.9248290110820797,3094,False
2021,Nigeria,Cote d'Ivoire,0.078,0.0,461.53846153846155,0.0,0.0,4025,4.88084582391084e-10,0.9248290115701643,3948,False
2021,Niger,United Arab Emirates,0.001,0.0,1000.0,0.0,0.0,4026,6.257494646039539e-12,0.9248290115764218,4414,False
2021,Niger,Ghana,18.376,0.0,17.740531127557684,0.0,0.0,4027,1.1498772161562258e-07,0.9248291265641434,2364,False
2021,New Zealand,Turkiye,2.882,0.0,2072.8660652324775,0.0,0.0,4028,1.8034099569885954e-08,0.924829144598243,3004,False
2021,New Zealand,Palau,0.079,0.0,139.2405063291139,0.0,0.0,4029,4.943420770371236e-10,0.9248291450925851,3945,False
2021,New Zealand,Kiribati,145.916,0.0,46.876284985882286,0.0,0.0,4030,9.130685887715054e-07,0.9248300581611738,1670,False
2021,New Zealand,"China, Macao SAR",0.542,0.0,193.72693726937268,0.0,0.0,4031,3.3915620981534306e-09,0.924830061552736,3474,False
2021,Netherlands (Kingdom of the),Turkiye,0.332,0.0,180.72289156626505,0.0,0.0,4032,2.0774882224851272e-09,0.9248300636302241,3599,False
2021,Netherlands (Kingdom of the),"Switzerland, Liechtenstein",0.111,0.0,99.09909909909909,0.0,0.0,4033,6.945819057103888e-10,0.9248300643248061,3853,False
2021,Netherlands (Kingdom of the),Slovakia,0.592,0.0,72.63513513513514,0.0,0.0,4034,3.704436830455407e-09,0.924830068029243,3446,False
2021,Netherlands (Kingdom of the),Serbia,0.011,0.0,90.90909090909092,0.0,0.0,4035,6.883244110643492e-11,0.9248300680980754,4265,False
2021,Netherlands (Kingdom of the),Niger,0.106,0.0,235.8490566037736,0.0,0.0,4036,6.632944324801911e-10,0.9248300687613699,3873,False
2021,Netherlands (Kingdom of the),"Moldova, Republic of",0.001,0.0,0.0,0.0,0.0,4037,6.257494646039539e-12,0.9248300687676274,4414,False
2021,Netherlands (Kingdom of the),Luxembourg,49.95700000000001,0.0,306.3634725864243,0.0,0.0,4038,3.1260566003219733e-07,0.9248303813732874,2016,False
2021,Netherlands (Kingdom of the),Kazakhstan,0.001,0.0,2000.0,0.0,0.0,4039,6.257494646039539e-12,0.924830381379545,4414,False
2021,Netherlands (Kingdom of the),Czechia,0.8390000000000001,0.0,5550.655542312276,0.0,0.0,4040,5.250038008027174e-09,0.924830386629583,3364,False
2021,Pakistan,Austria,18.937,0.0,116.75555790251887,0.0,0.0,4041,1.1849817611205076e-07,0.9248305051277591,2354,False
2021,Pakistan,Azerbaijan,3.794,0.0,106.2203479177649,0.0,0.0,4042,2.374093468707401e-08,0.9248305288686938,2898,False
2021,Pakistan,Belarus,12.787,0.0,101.27473214983968,0.0,0.0,4043,8.001458403890759e-08,0.9248306088832778,2491,False
2021,Pakistan,Niger,78.03,0.0,48.968345508137894,0.0,0.0,4044,4.882723072304652e-07,0.9248310971555851,1876,False
2021,Paraguay,Algeria,53724.371,54.0,22.548798198121297,0.0,0.0,4045,0.0003361799638943419,0.9251672771194794,274,False
2021,Panama,Slovakia,2.9090000000000003,0.0,78.72121003781368,0.0,0.0,4046,1.820305192532902e-08,0.9251672953225314,2999,False
2021,Pakistan,Zimbabwe,5141.495,5.0,78.45013950222649,0.0,0.0,4047,3.217287743513906e-05,0.9251994681999666,685,False
2021,Pakistan,Zambia,10.076,0.0,32.65184597062326,0.0,0.0,4048,6.30505160534944e-08,0.9251995312504826,2566,False
2021,Pakistan,Uzbekistan,31.652,0.0,52.982433969417414,0.0,0.0,4049,1.980622205364435e-07,0.9251997293127031,2158,False
2021,Pakistan,Uganda,371.859,0.0,51.734662869528506,0.0,0.0,4050,2.326905701581617e-06,0.9252020562184047,1385,False
2021,Pakistan,Turkiye,4249.238,4.0,34.043750903103096,0.0,0.0,4051,2.658958403474776e-05,0.9252286458024395,723,False
2021,Pakistan,Tajikistan,0.045,0.0,66.66666666666667,0.0,0.0,4052,2.815872590717793e-10,0.9252286460840268,4058,False
2021,Pakistan,"Switzerland, Liechtenstein",94.989,0.0,124.30913053090357,0.0,0.0,4053,5.943931589326498e-07,0.9252292404771857,1811,False
2021,Pakistan,State of Palestine,145.56,0.0,123.07639461390492,0.0,0.0,4054,9.108409206775153e-07,0.9252301513181064,1671,False
2021,Pakistan,Slovakia,0.799,0.0,211.51439299123905,0.0,0.0,4055,4.999738222185592e-09,0.9252301563178446,3377,False
2021,Pakistan,Serbia,19.892,0.0,182.3848783430525,0.0,0.0,4056,1.2447408349901852e-07,0.925230280791928,2338,False
2021,Pakistan,Rwanda,220.369,0.0,12.147806633419401,0.0,0.0,4057,1.3789578376530873e-06,0.9252316597497657,1541,False
2021,Pakistan,North Macedonia,0.232,0.0,293.10344827586204,0.0,0.0,4058,1.4517387578811732e-09,0.9252316612015045,3679,False
2021,Pakistan,"Moldova, Republic of",1.0110000000000001,0.0,165.1829871414441,0.0,0.0,4059,6.326327087145975e-09,0.9252316675278316,3302,False
2021,Pakistan,Bosnia and Herzegovina,11.01,0.0,59.58219800181653,0.0,0.0,4060,6.889501605289533e-08,0.9252317364228476,2541,False
2021,Pakistan,Mali,14.198,0.0,24.580926891111424,0.0,0.0,4061,8.884390898446939e-08,0.9252318252667566,2459,False
2021,Pakistan,Malawi,0.022,0.0,590.909090909091,0.0,0.0,4062,1.3766488221286984e-10,0.9252318254044215,4178,False
2021,Pakistan,Luxembourg,0.525,0.0,121.9047619047619,0.0,0.0,4063,3.285184689170758e-09,0.9252318286896062,3482,False
2021,Pakistan,Kyrgyzstan,0.001,0.0,0.0,0.0,0.0,4064,6.257494646039539e-12,0.9252318286958637,4414,False
2021,Pakistan,Kazakhstan,1.301,0.0,46.118370484242895,0.0,0.0,4065,8.14100053449744e-09,0.9252318368368643,3228,False
2021,Pakistan,Hungary,3.113,0.0,114.03790555734018,0.0,0.0,4066,1.9479580833121084e-08,0.9252318563164451,2975,False
2021,Pakistan,Greenland,0.6900000000000001,0.0,131.88405797101447,0.0,0.0,4067,4.317671305767282e-09,0.9252318606341164,3410,False
2021,Pakistan,Ethiopia,308.109,0.0,28.3114092739907,0.0,0.0,4068,1.927990417896596e-06,0.9252337886245343,1441,False
2021,Pakistan,Eswatini,25.097,0.0,38.57034705343268,0.0,0.0,4069,1.5704434313165432e-07,0.9252339456688774,2250,False
2021,Pakistan,Czechia,18.266000000000002,0.0,280.41169385744,0.0,0.0,4070,1.1429939720455824e-07,0.9252340599682746,2368,False
2021,Pakistan,Cote d'Ivoire,2375.256,2.0,55.62726712404895,0.0,0.0,4071,1.4863151702973291e-05,0.9252489231199775,835,False
2021,Pakistan,"China, Macao SAR",43.75,0.0,25.69142857142857,0.0,0.0,4072,2.737653907642298e-07,0.9252491968853683,2069,False
2021,Pakistan,Burundi,6.541,0.0,18.804464149212656,0.0,0.0,4073,4.093027247974463e-08,0.9252492378156408,2713,False
2021,Pakistan,Burkina Faso,5.72,0.0,24.125874125874127,0.0,0.0,4074,3.579286937534616e-08,0.9252492736085102,2760,False
2021,Romania,Serbia,149.243,0.0,110.65175586124643,0.0,0.0,4075,9.338872734588789e-07,0.9252502074957837,1659,False
2021,Romania,Slovakia,3.104,0.0,35.76030927835051,0.0,0.0,4076,1.942326338130673e-08,0.925250226919047,2978,False
2021,Romania,"Switzerland, Liechtenstein",3765.303,4.0,27.62885218002376,0.0,0.0,4077,2.3561363363216615e-05,0.9252737882824102,744,False
2021,Slovakia,Czechia,750.011,1.0,49.597939230224625,0.0,0.0,4078,4.6931898169707605e-06,0.9252784814722272,1168,False
2021,Serbia,Uzbekistan,0.987,0.0,388.04457953394126,0.0,0.0,4079,6.176147215641025e-09,0.9252784876483745,3315,False
2021,Slovakia,Austria,2410.5190000000002,2.0,25.319028806659475,0.0,0.0,4080,1.5083809736676586e-05,0.9252935714581112,832,False
2021,Slovakia,Belarus,2.32,0.0,432.7586206896552,0.0,0.0,4081,1.451738757881173e-08,0.9252935859754988,3059,False
2021,Slovakia,Belgium,9.526000000000002,0.0,61.72580306529497,0.0,0.0,4082,5.960889399817266e-08,0.9252936455843929,2585,False
2021,Slovakia,Bulgaria,0.016,0.0,62.5,0.0,0.0,4083,1.0011991433663263e-10,0.9252936456845128,4220,False
2021,Slovakia,Croatia,1.156,0.0,120.24221453287198,0.0,0.0,4084,7.233663810821707e-09,0.9252936529181766,3260,False
2021,Slovakia,Denmark,1.489,0.0,94.6944257891202,0.0,0.0,4085,9.317409527952875e-09,0.9252936622355861,3193,False
2021,Serbia,Montenegro,255.62000000000003,0.0,41.808152726703696,0.0,0.0,4086,1.5995407814206272e-06,0.9252952617763675,1494,False
2021,Slovakia,France,6.754,0.0,219.42552561445072,0.0,0.0,4087,4.2263118839351044e-08,0.9252953040394863,2704,False
2021,Slovakia,Georgia,0.001,0.0,0.0,0.0,0.0,4088,6.257494646039539e-12,0.9252953040457439,4414,False
2021,Slovakia,Germany,5699.37,6.0,31.692801134160444,0.0,0.0,4089,3.566377726079837e-05,0.9253309678230047,668,False
2021,Slovakia,Iceland,0.14100000000000001,0.0,35.46099290780141,0.0,0.0,4090,8.823067450915751e-10,0.9253309687053115,3802,False
2021,Slovakia,Ireland,0.051000000000000004,0.0,78.4313725490196,0.0,0.0,4091,3.1913222694801655e-10,0.9253309690244438,4032,False
2021,Slovakia,Italy,1421.6390000000001,1.0,35.68205430492551,0.0,0.0,4092,8.895898431101005e-06,0.9253398649228749,971,False
2021,Serbia,United Kingdom,67410.9,67.0,14.089056814254075,0.0,0.0,4093,0.00042182334583470673,0.9257616882687096,237,False
2021,Serbia,United Arab Emirates,0.08299999999999999,0.0,96.3855421686747,0.0,0.0,4094,5.193720556212817e-10,0.9257616887880817,3939,False
2021,Serbia,Ukraine,21.987000000000002,0.0,256.8790649019875,0.0,0.0,4095,1.3758353478247135e-07,0.9257618263716165,2303,False
2021,Serbia,Turkiye,51093.726,51.0,11.274554531411546,0.0,0.0,4096,0.0003197187168912112,0.9260815450885077,282,False
2021,Serbia,"Switzerland, Liechtenstein",9.837000000000002,0.0,61.50249059672664,0.0,0.0,4097,6.155497483309095e-08,0.9260816066434825,2574,False
2021,Serbia,Spain,329386.8,329.0,16.34877900389451,0.0,0.0,4098,0.0020611361374760963,0.9281427427809585,74,False
2021,Serbia,Slovenia,0.026000000000000002,0.0,38.46153846153846,0.0,0.0,4099,1.6269486079702804e-10,0.9281427429436534,4149,False
2021,Serbia,Slovakia,1.0190000000000001,0.0,203.1403336604514,0.0,0.0,4100,6.376387044314291e-09,0.9281427493200405,3301,False
2021,Serbia,Seychelles,1986.5,2.0,28.603070727410017,0.0,0.0,4101,1.2430513114357545e-05,0.9281551798331549,895,False
2021,Serbia,Saudi Arabia,369.247,0.0,48.20350605421303,0.0,0.0,4102,2.3105611255661618e-06,0.9281574903942804,1387,False
2021,Serbia,Russian Federation,83.212,0.0,290.45089650531173,0.0,0.0,4103,5.206986444862421e-07,0.928158011092925,1856,False
2021,Serbia,Romania,3807.356,4.0,52.39620355963561,0.0,0.0,4104,2.3824509785566517e-05,0.9281818356027105,740,False
2021,Serbia,Qatar,209.369,0.0,37.43629668193476,0.0,0.0,4105,1.3101253965466524e-06,0.928183145728107,1556,False
2021,Serbia,Portugal,107475.2,107.0,17.012873667599596,0.0,0.0,4106,0.0006725254885820287,0.928855671216689,179,False
2021,Serbia,Poland,1.367,0.0,348.20775420629116,0.0,0.0,4107,8.55399518113605e-09,0.9288556797706842,3214,False
2021,Serbia,North Macedonia,540.485,1.0,41.68293292135767,0.0,0.0,4108,3.3820819937646806e-06,0.928859061852678,1264,False
2021,Serbia,Myanmar,124.14,0.0,35.45190913484775,0.0,0.0,4109,7.768053853593484e-07,0.9288598386580633,1731,False
2021,Slovakia,Kuwait,0.004,0.0,750.0,0.0,0.0,4110,2.5029978584158157e-11,0.9288598386830933,4342,False
2021,Slovakia,Lithuania,3.5189999999999997,0.0,80.13640238704177,0.0,0.0,4111,2.2020123659413135e-08,0.9288598607032169,2925,False
2021,Slovakia,"Moldova, Republic of",0.212,0.0,405.66037735849056,0.0,0.0,4112,1.3265888649603823e-09,0.9288598620298057,3699,False
2021,Somalia,Netherlands (Kingdom of the),116.32600000000001,0.0,17.20165741106889,0.0,0.0,4113,7.279093221951954e-07,0.9288605899391279,1755,False
2021,South Africa,Rwanda,0.027,0.0,296.2962962962963,0.0,0.0,4114,1.6895235544306755e-10,0.9288605901080803,4137,False
2021,South Africa,Nepal,26.45,0.0,133.2703213610586,0.0,0.0,4115,1.655107333877458e-07,0.9288607556188136,2232,False
2021,South Africa,Mali,0.005,0.0,1000.0,0.0,0.0,4116,3.12874732301977e-11,0.9288607556501012,4322,False
2021,South Africa,Malawi,0.009000000000000001,0.0,444.4444444444444,0.0,0.0,4117,5.631745181435586e-11,0.9288607557064187,4285,False
2021,South Africa,Lesotho,100979.39199999999,101.0,31.157080050551308,0.0,0.0,4118,0.0006318780048003278,0.929492633711219,186,False
2021,South Africa,Finland,0.001,0.0,1000.0,0.1827,0.0,4119,6.257494646039539e-12,0.9294926337174766,4414,False
2021,South Africa,Ethiopia,19.747,0.0,178.60940902415558,0.0,0.0,4120,1.2356674677534277e-07,0.9294927572842233,2342,False
2021,South Africa,Eswatini,948.643,1.0,60.599192741631995,0.0,0.0,4121,5.9361284935028866e-06,0.9294986934127168,1091,False
2021,South Africa,Cote d'Ivoire,490.47,0.0,99.24562154667971,0.0,0.0,4122,3.069113399043013e-06,0.9295017625261159,1294,False
2021,South Africa,Burundi,3.136,0.0,286.98979591836735,0.0,0.0,4123,1.9623503209979995e-08,0.9295017821496191,2973,False
2021,South Africa,Burkina Faso,2.211,0.0,120.30755314337405,0.0,0.0,4124,1.383532066239342e-08,0.9295017959849398,3068,False
2021,South Africa,Botswana,14496.259,14.0,46.503170231712886,0.0,0.0,4125,9.071026308010248e-05,0.9295925062480198,489,False
2021,Somalia,United Kingdom,21.424000000000003,0.0,61.28640776699028,0.0,0.0,4126,1.3406056529675112e-07,0.9295926403085851,2314,False
2021,Somalia,Sweden,4.0,0.0,33.0,0.0,0.0,4127,2.5029978584158157e-08,0.9295926653385637,2888,False
2021,Slovenia,"Switzerland, Liechtenstein",0.07400000000000001,0.0,216.2162162162162,0.0,0.0,4128,4.63054603806926e-10,0.9295926658016183,3959,False
2021,Slovakia,Montenegro,0.053,0.0,113.20754716981132,0.0,0.0,4129,3.3164721624009557e-10,0.9295926661332655,4025,False
2021,Slovenia,Slovakia,0.005,0.0,0.0,0.0,0.0,4130,3.12874732301977e-11,0.929592666164553,4322,False
2021,Slovenia,North Macedonia,0.378,0.0,161.37566137566137,0.0,0.0,4131,2.365332976202946e-09,0.929592668529886,3574,False
2021,Slovenia,"Moldova, Republic of",0.044,0.0,409.0909090909091,0.0,0.0,4132,2.753297644257397e-10,0.9295926688052157,4060,False
2021,Slovenia,Belarus,0.177,0.0,378.5310734463277,0.0,0.0,4133,1.1075765523489983e-09,0.9295926699127923,3735,False
2021,Slovenia,Austria,14156.615000000002,14.0,9.633023148542218,0.0,0.0,4134,8.858494256854304e-05,0.9296812548553609,495,False
2021,Slovakia,Ukraine,16.989,0.0,237.21231385013832,0.0,0.0,4135,1.0630857654156573e-07,0.9296813611639374,2391,False
2021,Slovakia,"Switzerland, Liechtenstein",67.28100000000002,0.0,36.622523446441036,0.0,0.0,4136,4.2101049728018636e-07,0.9296817821744346,1918,False
2021,Slovakia,Serbia,0.078,0.0,5564.102564102564,0.0,0.0,4137,4.88084582391084e-10,0.9296817826625192,3948,False
2021,Slovakia,Saudi Arabia,5.782,0.0,45.313040470425456,0.0,0.0,4138,3.6180834043400616e-08,0.9296818188433532,2754,False
2021,Slovakia,Russian Federation,18.112000000000002,0.0,270.5940812720848,0.0,0.0,4139,1.1333574302906814e-07,0.9296819321790962,2371,False
2021,Slovakia,Romania,33839.692,34.0,18.206962403794925,0.0,0.0,4140,0.00021175169151362705,0.9298936838706099,337,False
2021,Slovakia,Poland,1721.72,2.0,46.13990660502289,0.0,0.0,4141,1.0773653681979195e-05,0.9299044575242918,917,False
2021,Slovakia,North Macedonia,0.012,0.0,416.6666666666667,0.0,0.0,4142,7.508993575247447e-11,0.9299044575993818,4248,False
2021,Slovakia,Netherlands (Kingdom of the),206.20399999999998,0.0,37.76357393649008,0.0,0.0,4143,1.290320425991937e-06,0.9299057479198077,1559,False
2021,Serbia,Morocco,1.646,0.0,318.34750911300125,0.0,0.0,4144,1.029983618738108e-08,0.9299057582196439,3160,False
2021,Serbia,"Moldova, Republic of",18.307,0.0,65.71256896269188,0.0,0.0,4145,1.1455595448504584e-07,0.9299058727755984,2367,False
2021,Romania,Turkiye,320063.83400000003,320.0,13.161949437873695,0.0,0.0,4146,0.002002797727645888,0.9319086705032443,79,False
2021,Russian Federation,"Switzerland, Liechtenstein",5.955,0.0,96.55751469353484,0.0,0.0,4147,3.7263380617165453e-08,0.9319087077666249,2745,False
2021,Russian Federation,Mongolia,27.021,0.0,64.06128566670367,0.0,0.0,4148,1.690837628306344e-07,0.9319088768503878,2223,False
2021,Russian Federation,North Macedonia,0.443,0.0,160.27088036117382,0.0,0.0,4149,2.7720701281955157e-09,0.9319088796224579,3524,False
2021,Russian Federation,Rwanda,0.551,0.0,83.48457350272231,0.0,0.0,4150,3.4478795499677864e-09,0.9319088830703375,3468,False
2021,Russian Federation,Serbia,1.8900000000000001,0.0,61.37566137566137,0.0,0.0,4151,1.182666488101473e-08,0.9319088948970023,3119,False
2021,Russian Federation,Slovakia,1.614,0.0,124.5353159851301,0.0,0.0,4152,1.0099596358707817e-08,0.9319089049965987,3169,False
2021,Russian Federation,State of Palestine,1113.742,1.0,69.69836820376712,0.0,0.0,4153,6.969234602069368e-06,0.9319158742312008,1045,False
2021,Russian Federation,Tajikistan,0.8140000000000001,0.0,95.82309582309581,0.0,0.0,4154,5.093600641876186e-09,0.9319158793248015,3371,False
2021,Serbia,Lebanon,7097.32,7.0,34.267019100167396,0.0,0.0,4155,4.441144190122934e-05,0.9319602907667027,630,False
2021,Russian Federation,Turkiye,8930168.1,8930.0,35.92109290753441,0.0,0.0,4156,0.05588047907398308,0.9878407698406858,3,False
2021,Russian Federation,Uganda,5.755,0.0,71.41615986099045,0.0,0.0,4157,3.601188168795755e-08,0.9878408058525675,2757,False
2021,Russian Federation,Uzbekistan,17.965999999999998,0.0,58.722030502059454,0.0,0.0,4158,1.1242214881074634e-07,0.9878409182747163,2376,False
2021,Russian Federation,Zimbabwe,1.401,0.0,97.07351891506067,0.0,0.0,4159,8.766749999101394e-09,0.9878409270414663,3208,False
2021,Rwanda,"Congo, Dem. Rep. of the",0.001,0.0,0.0,0.0,0.0,4160,6.257494646039539e-12,0.9878409270477239,4414,False
2021,Rwanda,Kenya,0.001,0.0,0.0,0.0,0.0,4161,6.257494646039539e-12,0.9878409270539814,4414,False
2021,Russian Federation,"Moldova, Republic of",27.514,0.0,93.55237333721016,0.0,0.0,4162,1.7216870769113188e-07,0.9878410992226891,2212,False
2021,Russian Federation,Mali,1.3860000000000001,0.0,113.99711399711398,0.0,0.0,4163,8.672887579410803e-09,0.9878411078955768,3210,False
2021,Russian Federation,Kyrgyzstan,157.549,0.0,38.984696824480004,0.0,0.0,4164,9.858620239888834e-07,0.9878420937576008,1643,False
2021,Russian Federation,Kazakhstan,9718.187,10.0,35.36564999212302,0.0,0.0,4165,6.081150312171105e-05,0.9879029052607226,558,False
2021,Russian Federation,Hungary,7.890999999999999,0.0,86.30084906855913,0.0,0.0,4166,4.9377890251897995e-08,0.9879029546386128,2644,False
2021,Russian Federation,Ethiopia,1.706,0.0,96.13130128956624,0.0,0.0,4167,1.0675285866143454e-08,0.9879029653138987,3151,False
2021,Russian Federation,Czechia,111.989,0.0,136.2633830108314,0.0,0.0,4168,7.00770567915322e-07,0.9879036660844666,1765,False
2021,Russian Federation,Cote d'Ivoire,6.149,0.0,68.30378923402179,0.0,0.0,4169,3.847733457849713e-08,0.9879037045618011,2737,False
2021,Russian Federation,Burundi,0.193,0.0,82.90155440414507,0.0,0.0,4170,1.207696466685631e-09,0.9879037057694976,3718,False
2021,Russian Federation,Burkina Faso,0.168,0.0,95.23809523809523,0.0,0.0,4171,1.0512591005346427e-09,0.9879037068207567,3753,False
2021,Russian Federation,Botswana,0.002,0.0,0.0,0.0,0.0,4172,1.2514989292079079e-11,0.9879037068332717,4382,False
2021,Russian Federation,Belarus,36196.746,36.0,40.42415856939185,0.0,0.0,4173,0.0002265009442990531,0.9881302077775708,328,False
2021,Russian Federation,Azerbaijan,69766.57800000001,70.0,16.27636086723359,0.0,0.0,4174,0.00043656398830749997,0.9885667717658783,234,False
2021,Russian Federation,Austria,0.164,0.0,835.3658536585366,0.0,0.0,4175,1.0262291219504845e-09,0.9885667727921074,3762,False
2021,Russian Federation,Armenia,1310.82,1.0,45.97503852550312,0.0,0.0,4176,8.202449131921548e-06,0.9885749752412393,994,False
2021,Russian Federation,Albania,128587.321,129.0,30.327375744922783,0.0,0.0,4177,0.0008046344727060676,0.9893796097139453,161,False
2021,Romania,Uzbekistan,7.484,0.0,311.73169428113306,0.0,0.0,4178,4.683108993095991e-08,0.9893796565450352,2661,False
2021,Rwanda,Netherlands (Kingdom of the),0.033,0.0,30.3030303030303,0.0,0.0,4179,2.064973233193048e-10,0.9893796567515326,4103,False
2021,Rwanda,United States of America,9.322000000000001,0.0,28.963741686333403,0.0,0.0,4180,5.833236509038059e-08,0.9893797150838977,2591,False
2021,Saudi Arabia,Cameroon,0.001,0.0,1000.0,0.2063,0.0,4181,6.257494646039539e-12,0.9893797150901552,4414,False
2021,Serbia,Croatia,669.644,1.0,38.46372102191612,0.0,0.0,4182,4.190293744752501e-06,0.9893839053839,1201,False
2021,Serbia,Kyrgyzstan,0.013000000000000001,0.0,461.5384615384615,0.0,0.0,4183,8.134743039851402e-11,0.9893839054652475,4243,False
2021,Serbia,"Korea, Republic of",14896.82,15.0,45.224417023230465,0.0,0.0,4184,9.321677139301473e-05,0.9894771222366405,484,False
2021,Serbia,Kazakhstan,0.211,0.0,341.2322274881517,0.0,0.0,4185,1.3203313703143427e-09,0.9894771235569719,3701,False
2021,Serbia,Italy,1145.5439999999999,1.0,31.950758766140808,0.0,0.0,4186,7.168235446802717e-06,0.9894842917924187,1035,False
2021,Serbia,Ireland,4143.986,4.0,24.41996666977157,0.0,0.0,4187,2.5930970208262804e-05,0.989510222762627,728,False
2021,Serbia,Iran (Islamic Republic of),2.02,0.0,434.65346534653463,0.0,0.0,4188,1.264013918499987e-08,0.9895102354027662,3099,False
2021,Serbia,Hungary,31.979000000000003,0.0,129.14725288470558,0.0,0.0,4189,2.0010842128569844e-07,0.9895104355111874,2156,False
2021,Serbia,Greece,40679.76,41.0,17.518712008133775,0.0,0.0,4190,0.00025455338040217344,0.9897649888915896,311,False
2021,Serbia,Germany,13.002,0.0,224.7346562067374,0.0,0.0,4191,8.135994538780609e-08,0.9897650702515349,2487,False
2021,Serbia,Georgia,0.422,0.0,353.0805687203792,0.0,0.0,4192,2.6406627406286855e-09,0.9897650728921976,3543,False
2021,Serbia,France,7.022,0.0,286.38564511535174,0.0,0.0,4193,4.3940127404489645e-08,0.989765116832325,2681,False
2021,Serbia,Ethiopia,0.332,0.0,81.32530120481927,0.0,0.0,4194,2.0774882224851272e-09,0.9897651189098132,3599,False
2021,Serbia,Egypt,1983.164,2.0,48.43472350244357,0.0,0.0,4195,1.2409638112218357e-05,0.9897775285479254,896,False
2021,Serbia,Cyprus,13053.9,13.0,19.078819356667356,0.0,0.0,4196,8.168470935993554e-05,0.9898592132572854,506,False
2021,Serbia,Bulgaria,9.184999999999999,0.0,114.75231355470878,0.0,0.0,4197,5.747508832387316e-08,0.9898592707323738,2596,False
2021,Saudi Arabia,Denmark,0.001,0.0,0.0,0.2645,0.0,4198,6.257494646039539e-12,0.9898592707386313,4414,False
2021,Serbia,Belgium,0.07100000000000001,0.0,281.6901408450704,0.0,0.0,4199,4.442821198688073e-10,0.9898592711829135,3967,False
2021,Serbia,Belarus,1.118,0.0,420.3935599284436,0.0,0.0,4200,6.9958790142722054e-09,0.9898592781787925,3272,False
2021,Serbia,Azerbaijan,1.364,0.0,340.9090909090909,0.0,0.0,4201,8.535222697197932e-09,0.9898592867140152,3215,False
2021,Serbia,Austria,1592.0700000000002,2.0,31.01371170865602,0.0,0.0,4202,9.96236950112017e-06,0.9898692490835164,937,False
2021,Serbia,Algeria,44991.546,45.0,33.938353663152625,0.0,0.0,4203,0.0002815343582120417,0.9901507834417284,291,False
2021,Senegal,"Switzerland, Liechtenstein",0.065,0.0,153.84615384615384,0.0,0.0,4204,4.0673715199257005e-10,0.9901507838484656,3983,False
2021,Senegal,Mali,0.04,0.0,75.0,0.0,0.0,4205,2.502997858415816e-10,0.9901507840987653,4074,False
2021,Senegal,China,0.001,0.0,1000.0,0.2127,0.0,4206,6.257494646039539e-12,0.9901507841050229,4414,False
2021,Saudi Arabia,Uganda,0.001,0.0,0.0,0.0,0.0,4207,6.257494646039539e-12,0.9901507841112804,4414,False
2021,Saudi Arabia,"Switzerland, Liechtenstein",0.772,0.0,154.14507772020724,0.0,0.0,4208,4.830785866742524e-09,0.9901507889420663,3383,False
2021,Saudi Arabia,Netherlands (Kingdom of the),0.001,0.0,1000.0,0.3914,0.0,4209,6.257494646039539e-12,0.9901507889483239,4414,False
2021,Saudi Arabia,Mali,0.001,0.0,0.0,0.0,0.0,4210,6.257494646039539e-12,0.9901507889545814,4414,False
2021,Saudi Arabia,Lebanon,0.001,0.0,0.0,0.3709,0.0,4211,6.257494646039539e-12,0.990150788960839,4414,False
2021,Saudi Arabia,Ethiopia,0.178,0.0,168.53932584269663,0.0,0.0,4212,1.1138340469950378e-09,0.990150790074673,3734,False
2021,Netherlands (Kingdom of the),Austria,5.769,0.0,66.21598197261224,0.0,0.0,4213,3.6099486613002105e-08,0.9901508261741596,2755,False
2021,Nepal,United States of America,6.465,0.0,77.03016241299304,0.0,0.0,4214,4.045470288664562e-08,0.9901508666288625,2720,False
2021,Nepal,United Kingdom,26.594,0.0,83.25186132210273,0.0,0.0,4215,1.664118126167755e-07,0.9901510330406752,2230,False
2021,Kazakhstan,United States of America,14.733,0.0,87.49066720966538,0.0,0.0,4216,9.219166862010053e-08,0.9901511252323438,2450,False
2021,Kazakhstan,"Switzerland, Liechtenstein",0.006,0.0,0.0,0.0,0.0,4217,3.7544967876237236e-11,0.9901511252698888,4310,False
2021,Kazakhstan,Tajikistan,472.49,0.0,45.643294037969056,0.0,0.0,4218,2.956603645307222e-06,0.9901540818735342,1311,False
2021,Kazakhstan,Tunisia,0.031,0.0,64.51612903225806,0.0,0.0,4219,1.9398233402722572e-10,0.9901540820675165,4114,False
2021,Kazakhstan,Turkiye,23257.362,23.0,42.87528396384766,0.0,0.0,4220,0.00014553281819600344,0.9902996148857125,413,False
2021,Kazakhstan,Ukraine,3849.616,4.0,58.38478435251724,0.0,0.0,4221,2.4088951509308147e-05,0.9903237038372218,736,False
2021,Kazakhstan,United Kingdom,17340.46,17.0,25.854504436445172,0.0,0.0,4222,0.00010850783560986278,0.9904322116728317,458,False
2021,Kazakhstan,Uzbekistan,753.025,1.0,51.97835397231168,0.0,0.0,4223,4.7120499058339234e-06,0.9904369237227375,1164,False
2021,Kazakhstan,Azerbaijan,0.974,0.0,73.92197125256673,0.0,0.0,4224,6.0947997852425114e-09,0.9904369298175373,3323,False
2021,Kenya,Burundi,3.747,0.0,331.73205230851346,0.0,0.0,4225,2.344683243871015e-08,0.9904369532643698,2901,False
2021,Kenya,France,0.001,0.0,2000.0,0.2093,0.0,4226,6.257494646039539e-12,0.9904369532706273,4414,False
2021,Kenya,Rwanda,16.231,0.0,298.19481239603226,0.0,0.0,4227,1.0156539559986777e-07,0.990437054836023,2413,False
2021,Kenya,"Switzerland, Liechtenstein",0.001,0.0,1000.0,0.0,0.0,4228,6.257494646039539e-12,0.9904370548422805,4414,False
2021,Kenya,Uganda,543.0210000000001,1.0,22.22013513289541,0.0,0.0,4229,3.397951000187037e-06,0.9904404527932807,1258,False
2021,Kenya,Zimbabwe,0.004,0.0,1000.0,0.0,0.0,4230,2.5029978584158157e-11,0.9904404528183107,4342,False
2021,Kazakhstan,Russian Federation,146.876,0.0,64.96636618644298,0.0,0.0,4231,9.190757836317034e-07,0.9904413718940943,1665,False
2021,Kazakhstan,Poland,154.147,0.0,49.92636898544895,0.0,0.0,4232,9.645740272030568e-07,0.9904423364681215,1647,False
2021,Kazakhstan,Norway,0.10300000000000001,0.0,38.83495145631068,0.0,0.0,4233,6.445219485420726e-10,0.9904423371126435,3882,False
2021,Kazakhstan,Montenegro,0.014,0.0,142.85714285714286,0.0,0.0,4234,8.760492504455356e-11,0.9904423372002484,4236,False
2021,Kazakhstan,Mongolia,2.243,0.0,101.64957646009809,0.0,0.0,4235,1.4035560491066686e-08,0.9904423512358089,3067,False
2021,Kazakhstan,Lebanon,0.779,0.0,35.94351732991014,0.0,0.0,4236,4.8745883292648015e-09,0.9904423561103972,3382,False
2021,Kazakhstan,Kyrgyzstan,179.71800000000002,0.0,73.33155276600006,0.0,0.0,4237,1.124584422796934e-06,0.99044348069482,1606,False
2021,Kazakhstan,Italy,1.679,0.0,47.64740917212627,0.0,0.0,4238,1.0506333510700387e-08,0.9904434912011535,3155,False
2021,Kazakhstan,Israel,0.896,0.0,49.107142857142854,0.0,0.0,4239,5.606715202851428e-09,0.9904434968078687,3346,False
2021,Kazakhstan,Ireland,0.005,0.0,400.0,0.0,0.0,4240,3.12874732301977e-11,0.9904434968391562,4322,False
2021,Kazakhstan,Iran (Islamic Republic of),11003.063,11.0,57.42410090717466,0.0,0.0,4241,6.885160781253576e-05,0.9905123484469688,534,False
2021,Kazakhstan,Greece,11947.92,12.0,23.144028416661644,0.0,0.0,4242,7.476404543130873e-05,0.9905871124924001,521,False
2021,Kazakhstan,Germany,216.243,0.0,76.05795332103236,0.0,0.0,4243,1.3531394147435281e-06,0.9905884656318148,1548,False
2021,Kazakhstan,France,0.001,0.0,2000.0,0.0,0.0,4244,6.257494646039539e-12,0.9905884656380723,4414,False
2021,Kazakhstan,Czechia,7.441,0.0,241.63418895309772,0.0,0.0,4245,4.656201766118021e-08,0.99058851220009,2662,False
2021,Kazakhstan,China,4402.196,4.0,46.168548606195635,0.0,0.0,4246,2.7546717900816675e-05,0.9906160589179909,717,False
2021,Kazakhstan,Belgium,583.7520000000001,1.0,52.128301059353966,0.0,0.0,4247,3.6528250146148734e-06,0.9906197117430054,1233,False
2021,"Korea, Dem. People's Rep. of",Sierra Leone,0.02,0.0,250.0,0.0,0.0,4248,1.251498929207908e-10,0.9906197118681553,4191,False
2021,"Korea, Republic of",Austria,0.417,0.0,302.158273381295,0.0,0.0,4249,2.6093752673984878e-09,0.9906197144775306,3546,False
2021,"Korea, Republic of","China, Macao SAR",0.8470000000000001,0.0,136.9539551357733,0.0,0.0,4250,5.30009796519549e-09,0.9906197197776285,3359,False
2021,Kyrgyzstan,Ukraine,0.635,0.0,83.46456692913385,0.0,0.0,4251,3.9735091002351075e-09,0.9906197237511376,3433,False
2021,Lao People's Dem. Rep.,United Arab Emirates,0.043000000000000003,0.0,162.7906976744186,0.0,0.0,4252,2.690722697797002e-10,0.9906197240202099,4063,False
2021,Lao People's Dem. Rep.,Thailand,878.448,1.0,21.40138061672404,0.0,0.0,4253,5.496883656824141e-06,0.9906252209038667,1117,False
2021,Lao People's Dem. Rep.,"Switzerland, Liechtenstein",0.006,0.0,166.66666666666666,0.0,0.0,4254,3.7544967876237236e-11,0.9906252209414117,4310,False
2021,Lao People's Dem. Rep.,Portugal,96.0,0.0,70.52083333333333,0.0,0.0,4255,6.007194860197958e-07,0.9906258216608977,1807,False
2021,Lao People's Dem. Rep.,New Zealand,5.439,0.0,37.50689464975179,0.0,0.0,4256,3.403451337980905e-08,0.9906258556954112,2779,False
2021,Lao People's Dem. Rep.,Netherlands (Kingdom of the),142.06900000000002,0.0,74.46381687771434,0.0,0.0,4257,8.889960068681914e-07,0.9906267446914181,1683,False
2021,Lao People's Dem. Rep.,Italy,51.783,0.0,83.36712820809917,0.0,0.0,4258,3.2403184525586546e-07,0.9906270687232633,2003,False
2021,Lao People's Dem. Rep.,Germany,5.933,0.0,197.5391875948087,0.0,0.0,4259,3.7125715734952584e-08,0.9906271058489791,2746,False
2021,Lao People's Dem. Rep.,France,50.711,0.0,77.2219045177575,0.0,0.0,4260,3.173238109953111e-07,0.9906274231727901,2008,False
2021,Lao People's Dem. Rep.,Denmark,14.139000000000001,0.0,76.31374213169248,0.0,0.0,4261,8.847471680035305e-08,0.9906275116475068,2464,False
2021,Lao People's Dem. Rep.,China,4360.605,4.0,70.66542371987374,0.0,0.0,4262,2.7286462440993243e-05,0.9906547981099478,719,False
2021,Lao People's Dem. Rep.,Belgium,541.812,1.0,85.80097893734357,0.0,0.0,4263,3.3903856891599747e-06,0.990658188495637,1262,False
2021,Lao People's Dem. Rep.,Australia,369.038,0.0,21.862247248250856,0.0,0.0,4264,2.3092533091851394e-06,0.9906604977489463,1389,False
2021,Kyrgyzstan,Uzbekistan,5.382000000000001,0.0,56.29877369007803,0.0,0.0,4265,3.36778361849848e-08,0.9906605314267825,2783,False
2021,Kyrgyzstan,Tajikistan,1.241,0.0,80.58017727639,0.0,0.0,4266,7.765550855735068e-09,0.9906605391923333,3236,False
2021,"Korea, Republic of",Egypt,0.001,0.0,0.0,0.4318,0.0,4267,6.257494646039539e-12,0.9906605391985909,4414,False
2021,Kyrgyzstan,Russian Federation,15.326,0.0,105.63747879420592,0.0,0.0,4268,9.590236294520198e-08,0.9906606351009538,2435,False
2021,Kyrgyzstan,Lithuania,0.23600000000000002,0.0,148.3050847457627,0.0,0.0,4269,1.4767687364653313e-09,0.9906606365777225,3673,False
2021,Kyrgyzstan,Kazakhstan,1.1729999999999998,0.0,22.165387894288152,0.0,0.0,4270,7.340041219804379e-09,0.9906606439177638,3253,False
2021,Kyrgyzstan,Iran (Islamic Republic of),0.729,0.0,57.61316872427984,0.0,0.0,4271,4.561713596962824e-09,0.9906606484794773,3397,False
2021,Kyrgyzstan,Belarus,0.134,0.0,89.55223880597015,0.0,0.0,4272,8.385042825692983e-10,0.9906606493179816,3817,False
2021,"Korea, Republic of",Zambia,0.04,0.0,550.0,0.0,0.0,4273,2.502997858415816e-10,0.9906606495682814,4074,False
2021,"Korea, Republic of","Switzerland, Liechtenstein",0.167,0.0,203.59281437125748,0.0,0.0,4274,1.0450016058886031e-09,0.990660650613283,3755,False
2021,"Korea, Republic of",Slovakia,0.074,0.0,256.7567567567568,0.0,0.0,4275,4.630546038069259e-10,0.9906606510763376,3960,False
2021,"Korea, Republic of",Paraguay,0.028,0.0,214.28571428571428,0.0,0.0,4276,1.752098500891071e-10,0.9906606512515475,4130,False
2021,"Korea, Republic of",Palau,1.449,0.0,71.7736369910283,0.0,0.0,4277,9.067109742111293e-09,0.9906606603186572,3201,False
2021,"Korea, Republic of",Mongolia,2.3680000000000003,0.0,105.57432432432431,0.0,0.0,4278,1.4817747321821631e-08,0.9906606751364045,3056,False
2021,"Korea, Republic of",Lao People's Dem. Rep.,695.633,1.0,20.323935178463355,0.0,0.0,4279,4.352919773108423e-06,0.9906650280561776,1191,False
2021,"Korea, Republic of",Hungary,0.001,0.0,0.0,0.0,0.0,4280,6.257494646039539e-12,0.9906650280624352,4414,False
2021,"Korea, Republic of",Ethiopia,345.659,0.0,29.96884212475301,0.0,0.0,4281,2.162959341855381e-06,0.990667191021777,1409,False
2021,Kazakhstan,Belarus,0.094,0.0,85.1063829787234,0.0,0.0,4282,5.882044967277167e-10,0.9906671916099815,3913,False
2021,Kazakhstan,Algeria,0.001,0.0,0.0,0.0,0.0,4283,6.257494646039539e-12,0.9906671916162391,4414,False
2021,Lao People's Dem. Rep.,Viet Nam,103.97,0.0,44.75329421948639,0.0,0.0,4284,6.505917183487309e-07,0.9906678422079574,1779,False
2021,Italy,Bolivia (Plurinational State of),2.839,0.0,300.4579077139838,0.0,0.0,4285,1.776502730010625e-08,0.9906678599729848,3006,False
2021,Italy,Albania,5895.323,6.0,44.39485334391347,0.0,0.0,4286,3.6889952109173754e-05,0.9907047499250939,663,False
2021,Italy,Andorra,0.673,0.0,105.49777117384843,0.0,0.0,4287,4.21129389678461e-09,0.9907047541363878,3415,False
2021,Italy,Armenia,0.1,0.0,230.0,0.0,0.0,4288,6.257494646039539e-10,0.9907047547621373,3889,False
2021,Italy,Austria,139.93400000000003,0.0,89.1277316449183,0.0,0.0,4289,8.756362557988971e-07,0.9907056303983931,1688,False
2021,Italy,Azerbaijan,3.593,0.0,317.56192596715834,0.0,0.0,4290,2.2483178263220065e-08,0.9907056528815713,2918,False
2021,Italy,Belarus,0.005,0.0,1000.0,0.0,0.0,4291,3.12874732301977e-11,0.9907056529128588,4322,False
2021,Italy,Burundi,1.766,0.0,7.927519818799547,0.0,0.0,4292,1.1050735544905826e-08,0.9907056639635944,3140,False
2021,Kazakhstan,Afghanistan,75.229,0.0,84.07661938879953,0.0,0.0,4293,4.7074506472690847e-07,0.9907061347086591,1890,False
2021,Italy,"China, Macao SAR",15.514000000000001,0.0,137.0375145030295,0.0,0.0,4294,9.707877193865742e-08,0.990706231787431,2428,False
2021,Italy,Cote d'Ivoire,6.8020000000000005,0.0,126.28638635695383,0.0,0.0,4295,4.256347858236095e-08,0.9907062743509096,2700,False
2021,Italy,Czechia,0.023,0.0,347.82608695652175,0.0,0.0,4296,1.439223768589094e-10,0.9907062744948321,4172,False
2021,Italy,Ethiopia,298.907,0.0,232.42011729400784,0.0,0.0,4297,1.8704089521637404e-06,0.9907081449037842,1449,False
2021,Italy,Greenland,0.195,0.0,87.17948717948718,0.0,0.0,4298,1.2202114559777102e-09,0.9907081461239957,3716,False
2021,Italy,Kazakhstan,1.571,0.0,460.21642266072564,0.0,0.0,4299,9.830524088928116e-09,0.9907081559545198,3179,False
2021,Israel,State of Palestine,772.592,1.0,29.215938037152856,0.0,0.0,4300,4.83449030357298e-06,0.9907129904448233,1156,False
2021,Israel,Austria,0.001,0.0,0.0,0.0,0.0,4301,6.257494646039539e-12,0.9907129904510809,4414,False
2021,Ireland,Luxembourg,3.1630000000000003,0.0,73.66424280746126,0.0,0.0,4302,1.9792455565423065e-08,0.9907130102435364,2970,False
2021,Iran (Islamic Republic of),Turkiye,5699.0560000000005,6.0,39.79641540634098,0.0,0.0,4303,3.5661812407479515e-05,0.9907486720559439,669,False
2021,Iran (Islamic Republic of),Tajikistan,0.10700000000000001,0.0,93.45794392523364,0.0,0.0,4304,6.695519271262308e-10,0.9907486727254958,3865,False
2021,Iran (Islamic Republic of),"Switzerland, Liechtenstein",6.3740000000000006,0.0,150.14119861939128,0.0,0.0,4305,3.988527087385603e-08,0.9907487126107667,2723,False
2021,Iran (Islamic Republic of),Slovenia,0.001,0.0,0.0,0.2324,0.0,4306,6.257494646039539e-12,0.9907487126170242,4414,False
2021,Iran (Islamic Republic of),Slovakia,0.065,0.0,153.84615384615384,0.0,0.0,4307,4.0673715199257005e-10,0.9907487130237614,3983,False
2021,Iran (Islamic Republic of),Lebanon,0.001,0.0,0.0,0.2297,0.0,4308,6.257494646039539e-12,0.990748713030019,4414,False
2021,Iran (Islamic Republic of),Kyrgyzstan,0.001,0.0,0.0,0.0,0.0,4309,6.257494646039539e-12,0.9907487130362765,4414,False
2021,Iran (Islamic Republic of),Kazakhstan,55.933,0.0,51.311390413530475,0.0,0.0,4310,3.5000044803692955e-07,0.9907490630367246,1979,False
2021,Iran (Islamic Republic of),Finland,0.001,0.0,0.0,0.1191,0.0,4311,6.257494646039539e-12,0.9907490630429822,4414,False
2021,Iran (Islamic Republic of),Denmark,0.001,0.0,0.0,0.256,0.0,4312,6.257494646039539e-12,0.9907490630492397,4414,False
2021,Iran (Islamic Republic of),Burundi,0.003,0.0,0.0,0.0,0.0,4313,1.8772483938118618e-11,0.9907490630680122,4364,False
2021,Iran (Islamic Republic of),Azerbaijan,0.054,0.0,148.14814814814815,0.0,0.0,4314,3.379047108861351e-10,0.990749063405917,4022,False
2021,Iran (Islamic Republic of),Austria,0.14200000000000002,0.0,161.9718309859155,0.0,0.0,4315,8.885642397376146e-10,0.9907490642944812,3800,False
2021,Iran (Islamic Republic of),Afghanistan,0.312,0.0,67.3076923076923,0.0,0.0,4316,1.952338329564336e-09,0.9907490662468195,3618,False
2021,Italy,Kyrgyzstan,0.8,0.0,456.25,0.0,0.0,4317,5.005995716831631e-09,0.9907490712528152,3376,False
2021,Italy,Luxembourg,0.013000000000000001,0.0,16615.384615384613,0.0,0.0,4318,8.134743039851402e-11,0.9907490713341627,4243,False
2021,Italy,"Moldova, Republic of",2.436,0.0,239.32676518883417,0.0,0.0,4319,1.5243256957752318e-08,0.9907490865774197,3051,False
2021,Japan,Cote d'Ivoire,4.462,0.0,105.10981622590766,0.0,0.0,4320,2.7920941110628422e-08,0.9907491144983608,2846,False
2021,Jordan,Angola,0.001,0.0,1000.0,0.2152,0.0,4321,6.257494646039539e-12,0.9907491145046183,4414,False
2021,Japan,"Switzerland, Liechtenstein",13.166,0.0,80.66231201579826,0.0,0.0,4322,8.238617450975658e-08,0.9907491968907929,2484,False
2021,Japan,Slovakia,0.8310000000000001,0.0,74.60890493381467,0.0,0.0,4323,5.199978050858857e-09,0.9907492020907709,3368,False
2021,Japan,Palau,0.783,0.0,68.96551724137932,0.0,0.0,4324,4.89961830784896e-09,0.9907492069903892,3381,False
2021,Japan,Nepal,0.001,0.0,0.0,0.0,0.0,4325,6.257494646039539e-12,0.9907492069966467,4414,False
2021,Japan,Mongolia,128.799,0.0,46.00967398815208,0.0,0.0,4326,8.059590529152466e-07,0.9907500129556996,1717,False
2021,Japan,Mali,1.008,0.0,36.70634920634921,0.0,0.0,4327,6.307554603207856e-09,0.9907500192632542,3303,False
2021,Japan,Luxembourg,0.08800000000000001,0.0,488.63636363636357,0.0,0.0,4328,5.506595288514795e-10,0.9907500198139138,3924,False
2021,Japan,Lao People's Dem. Rep.,1.098,0.0,32.78688524590164,0.0,0.0,4329,6.870729121351415e-09,0.9907500266846428,3276,False
2021,Japan,Kazakhstan,0.001,0.0,0.0,0.0,0.0,4330,6.257494646039539e-12,0.9907500266909004,4414,False
2021,Japan,Greenland,0.43,0.0,272.09302325581393,0.0,0.0,4331,2.6907226977970017e-09,0.990750029381623,3538,False
2021,Japan,Ethiopia,0.001,0.0,0.0,0.0,0.0,4332,6.257494646039539e-12,0.9907500293878806,4414,False
2021,Japan,Eswatini,48.74,0.0,31.185884283955684,0.0,0.0,4333,3.0499028904796713e-07,0.9907503343781696,2032,False
2021,Japan,Czechia,28.023,0.0,138.17221567997717,0.0,0.0,4334,1.75353772465966e-07,0.9907505097319421,2206,False
2021,Japan,"China, Macao SAR",175.013,0.0,99.95257495157502,0.0,0.0,4335,1.0951429104873179e-06,0.9907516048748526,1613,False
2021,Italy,North Macedonia,4.662,0.0,143.5006435006435,0.0,0.0,4336,2.9172440039836333e-08,0.9907516340472926,2830,False
2021,Japan,Central African Republic,0.084,0.0,47.61904761904761,0.0,0.0,4337,5.256295502673213e-10,0.9907516345729221,3934,False
2021,Japan,Burundi,23.68,0.0,26.35135135135135,0.0,0.0,4338,1.481774732182163e-07,0.9907517827503953,2273,False
2021,Japan,Austria,0.687,0.0,81.51382823871906,0.0,0.0,4339,4.298898821829164e-09,0.9907517870492941,3412,False
2021,Jamaica,Montserrat,0.14100000000000001,0.0,106.38297872340425,0.0,0.0,4340,8.823067450915751e-10,0.9907517879316009,3802,False
2021,Italy,Zambia,0.016,0.0,562.5,0.0,0.0,4341,1.0011991433663263e-10,0.9907517880317208,4220,False
2021,Italy,Uzbekistan,0.041,0.0,414.6341463414634,0.0,0.0,4342,2.5655728048762113e-10,0.9907517882882781,4070,False
2021,Italy,Uganda,0.006,0.0,166.66666666666666,0.0,0.0,4343,3.7544967876237236e-11,0.9907517883258231,4310,False
2021,Italy,Turkiye,38192.212,38.0,152.39358223084852,0.0,0.0,4344,0.00023898756211040704,0.9909907758879335,319,False
2021,Italy,"Switzerland, Liechtenstein",29896.095,30.0,32.57234765945184,0.0,0.0,4345,0.00018707465439998946,0.9911778505423335,362,False
2021,Italy,State of Palestine,462.589,0.0,62.90897535393189,0.0,0.0,4346,2.8946481908167844e-06,0.9911807451905243,1318,False
2021,Italy,Slovakia,9.887999999999998,0.0,113.06634304207122,0.0,0.0,4347,6.187410706003895e-08,0.9911808070646314,2571,False
2021,Italy,Serbia,8.258000000000001,0.0,266.16614192298374,0.0,0.0,4348,5.167439078699452e-08,0.9911808587390222,2623,False
2021,Italy,Rwanda,0.111,0.0,54.054054054054056,0.0,0.0,4349,6.945819057103888e-10,0.9911808594336041,3853,False
2021,Italy,Paraguay,2.345,0.0,143.71002132196162,0.0,0.0,4350,1.467382494496272e-08,0.991180874107429,3057,False
2021,Lao People's Dem. Rep.,United Kingdom,247.0,0.0,64.22267206477733,0.0,0.0,4351,1.545601177571766e-06,0.9911824197086067,1504,False
2021,Latvia,Czechia,0.608,0.0,751.6447368421053,0.0,0.0,4352,3.8045567447920396e-09,0.9911824235131634,3441,False
2021,Nepal,New Zealand,0.126,0.0,142.85714285714286,0.0,0.0,4353,7.88444325400982e-10,0.9911824243016077,3832,False
2021,"Moldova, Republic of",Romania,350.0,0.0,13.757142857142858,0.0,0.0,4354,2.1901231261138385e-06,0.9911846144247338,1402,False
2021,"Moldova, Republic of",Mauritania,0.373,0.0,29.490616621983914,0.0,0.0,4355,2.334045502972748e-09,0.9911846167587793,3578,False
2021,"Moldova, Republic of",Morocco,0.10200000000000001,0.0,49.01960784313725,0.0,0.0,4356,6.382644538960331e-10,0.9911846173970438,3886,False
2021,"Moldova, Republic of",Myanmar,1423.3700000000001,1.0,43.35766525920877,0.0,0.0,4357,8.9067301543333e-06,0.9911935241271981,970,False
2021,"Moldova, Republic of",Netherlands (Kingdom of the),0.005,0.0,0.0,0.0,0.0,4358,3.12874732301977e-11,0.9911935241584856,4322,False
2021,"Moldova, Republic of",Norway,0.151,0.0,344.3708609271523,0.0,0.0,4359,9.448816915519704e-10,0.9911935251033673,3784,False
2021,"Moldova, Republic of",Poland,4.365,0.0,81.32875143184421,0.0,0.0,4360,2.731396412996259e-08,0.9911935524173314,2857,False
2021,"Moldova, Republic of",Russian Federation,3.086,0.0,199.28710304601427,0.0,0.0,4361,1.9310628477678017e-08,0.9911935717279599,2980,False
2021,Mexico,Nepal,0.002,0.0,0.0,0.0,0.0,4362,1.2514989292079079e-11,0.9911935717404748,4382,False
2021,"Moldova, Republic of",Saudi Arabia,2161.3489999999997,2.0,46.991022736263325,0.0,0.0,4363,1.352462979572291e-05,0.9912070963702706,862,False
2021,"Moldova, Republic of",Serbia,0.182,0.0,131.86813186813188,0.0,0.0,4364,1.1388640255791962e-09,0.9912070975091346,3726,False
2021,"Moldova, Republic of",Tunisia,0.073,0.0,54.79452054794521,0.0,0.0,4365,4.5679710916088634e-10,0.9912070979659318,3963,False
2021,"Moldova, Republic of",Turkiye,84566.547,85.0,123.25899980284166,0.0,0.0,4366,0.000529174715086551,0.9917362726810183,214,False
2021,"Moldova, Republic of",Ukraine,0.12200000000000001,0.0,434.4262295081967,0.0,0.0,4367,7.634143468168238e-10,0.9917362734444326,3842,False
2021,"Moldova, Republic of",United Kingdom,44.0,0.0,48.11363636363637,0.0,0.0,4368,2.7532976442573973e-07,0.991736548774197,2068,False
2021,"Moldova, Republic of",Libya,21.436,0.0,60.27243888785221,0.0,0.0,4369,1.3413565523250355e-07,0.9917366829098523,2313,False
2021,"Moldova, Republic of",Lebanon,2593.1430000000005,3.0,35.36133564558529,0.0,0.0,4370,1.622657843891491e-05,0.9917529094882912,822,False
2021,"Moldova, Republic of",Kazakhstan,0.002,0.0,0.0,0.0,0.0,4371,1.2514989292079079e-11,0.9917529095008062,4382,False
2021,"Moldova, Republic of",Italy,879.1720000000001,1.0,37.82195065356949,0.0,0.0,4372,5.501414082947874e-06,0.9917584109148891,1116,False
2021,"Moldova, Republic of",Ireland,193.518,0.0,30.22974607013301,0.0,0.0,4373,1.2109378489122795e-06,0.991759621852738,1584,False
2021,"Moldova, Republic of",Indonesia,0.232,0.0,64.6551724137931,0.0,0.0,4374,1.4517387578811732e-09,0.9917596233044768,3679,False
2021,"Moldova, Republic of",Greece,244588.88,245.0,17.477474854948433,0.0,0.0,4375,0.0015305136070808073,0.9932901369115575,104,False
2021,"Moldova, Republic of",France,0.097,0.0,257.73195876288656,0.0,0.0,4376,6.069769806658353e-10,0.9932901375185346,3902,False
2021,"Moldova, Republic of",Ethiopia,0.012,0.0,83.33333333333333,0.0,0.0,4377,7.508993575247447e-11,0.9932901375936245,4248,False
2021,"Moldova, Republic of",Cyprus,51411.299999999996,51.0,19.51942471791221,0.0,0.0,4378,0.00032170593449593255,0.9936118435281205,281,False
2021,"Moldova, Republic of",Bulgaria,88.64700000000002,0.0,30.706058862680063,0.0,0.0,4379,5.547081278874671e-07,0.9936123982362484,1834,False
2021,"Moldova, Republic of",Belarus,3.859,0.0,304.2238922000518,0.0,0.0,4380,2.4147671839066582e-08,0.9936124223839202,2896,False
2021,Mexico,Zambia,0.738,0.0,731.7073170731708,0.0,0.0,4381,4.61803104877718e-09,0.9936124270019513,3394,False
2021,Mexico,Turkiye,298536.068,299.0,51.46510471223865,0.0,0.0,4382,0.001868087847159696,0.995480514849111,88,False
2021,Mexico,"Switzerland, Liechtenstein",1.7970000000000002,0.0,52.30940456316082,0.0,0.0,4383,1.1244717878933053e-08,0.9954805260938289,3135,False
2021,Mexico,Slovakia,0.088,0.0,56.81818181818182,0.0,0.0,4384,5.506595288514794e-10,0.9954805266444884,3926,False
2021,Mexico,Serbia,0.044,0.0,22.72727272727273,0.0,0.0,4385,2.753297644257397e-10,0.9954805269198181,4060,False
2021,"Moldova, Republic of",United States of America,35.9,0.0,63.844011142061284,0.0,0.0,4386,2.2464405779281946e-07,0.9954807515638759,2127,False
2021,Mongolia,Netherlands (Kingdom of the),0.019,0.0,52.631578947368425,0.0,0.0,4387,1.1889239827475124e-10,0.9954807516827684,4201,False
2021,Mongolia,Russian Federation,2.6470000000000002,0.0,59.69021533811862,0.0,0.0,4388,1.6563588328066663e-08,0.9954807682463567,3025,False
2021,Myanmar,Mali,2.637,0.0,21.99469093667046,0.0,0.0,4389,1.6501013381606264e-08,0.99548078474737,3027,False
2021,Nepal,"Korea, Republic of",4.421,0.0,71.47704139334992,0.0,0.0,4390,2.7664383830140806e-08,0.9954808124117538,2851,False
2021,Nepal,Japan,5.907,0.0,36.73607584222109,0.0,0.0,4391,3.6963020874155556e-08,0.9954808493747747,2747,False
2021,Nepal,Italy,0.318,0.0,138.36477987421384,0.0,0.0,4392,1.9898832974405733e-09,0.9954808513646579,3613,False
2021,Nepal,Ireland,0.031,0.0,96.7741935483871,0.0,0.0,4393,1.9398233402722572e-10,0.9954808515586403,4114,False
2021,Nepal,India,8.263,0.0,33.159869296865544,0.0,0.0,4394,5.170567826022471e-08,0.9954809032643186,2622,False
2021,Nepal,France,0.001,0.0,1000.0,0.0,0.0,4395,6.257494646039539e-12,0.9954809032705761,4414,False
2021,Nepal,"China, Macao SAR",0.032,0.0,125.0,0.0,0.0,4396,2.0023982867326526e-10,0.995480903470816,4109,False
2021,Nepal,"China, Hong Kong SAR",0.422,0.0,37.91469194312796,0.0,0.0,4397,2.6406627406286855e-09,0.9954809061114787,3543,False
2021,Nepal,Belgium,0.243,0.0,115.22633744855968,0.0,0.0,4398,1.520571198987608e-09,0.9954809076320499,3668,False
2021,Nepal,Australia,35.713,0.0,89.63122672416206,0.0,0.0,4399,2.2347390629401007e-07,0.9954811311059562,2128,False
2021,Myanmar,Slovakia,37.74,0.0,111.49973502914679,0.0,0.0,4400,2.3615784794153222e-07,0.9954813672638041,2109,False
2021,Myanmar,Serbia,56.599,0.0,118.95969893461016,0.0,0.0,4401,3.5416793947119187e-07,0.9954817214317435,1974,False
2021,Myanmar,Mongolia,7.039000000000001,0.0,27.134536155703934,0.0,0.0,4402,4.404650481347232e-08,0.9954817654782483,2679,False
2021,Myanmar,"Moldova, Republic of",1.092,0.0,160.25641025641025,0.0,0.0,4403,6.8331841534751775e-09,0.9954817723114324,3279,False
2021,Myanmar,Lao People's Dem. Rep.,395.463,0.0,13.017652726045167,0.0,0.0,4404,2.4746076052067344e-06,0.9954842469190376,1369,False
2021,Montenegro,Serbia,0.017,0.0,117.6470588235294,0.0,0.0,4405,1.0637740898267218e-10,0.995484247025415,4214,False
2021,Myanmar,Hungary,15.245000000000001,0.0,40.537881272548375,0.0,0.0,4406,9.539550587887278e-08,0.9954843424209209,2436,False
2021,Myanmar,Czechia,119.44200000000001,0.0,130.86686425210561,0.0,0.0,4407,7.474076755122546e-07,0.9954850898285964,1745,False
2021,Myanmar,Cote d'Ivoire,3189.109,3.0,37.28815791495368,0.0,0.0,4408,1.9955832493136507e-05,0.9955050456610895,775,False
2021,Myanmar,"China, Macao SAR",705.08,1.0,28.294661598683835,0.0,0.0,4409,4.412034325029558e-06,0.9955094576954145,1188,False
2021,Myanmar,Central African Republic,0.04,0.0,25.0,0.0,0.0,4410,2.502997858415816e-10,0.9955094579457143,4074,False
2021,Myanmar,Burkina Faso,6.981,0.0,14.324595330181923,0.0,0.0,4411,4.368357012400202e-08,0.9955095016292844,2685,False
2021,Mozambique,Zimbabwe,505.993,1.0,42.99861855796424,0.0,0.0,4412,3.1662484884334843e-06,0.9955126678777728,1282,False
2021,Mozambique,Zambia,27.021,0.0,132.34151215721104,0.0,0.0,4413,1.690837628306344e-07,0.9955128369615357,2223,False
2021,Mozambique,Malawi,0.5720000000000001,0.0,136.36363636363635,0.0,0.0,4414,3.5792869375346167e-09,0.9955128405408227,3457,False
2021,Mozambique,Eswatini,8.458,0.0,174.15464648853157,0.0,0.0,4415,5.292588971620242e-08,0.9955128934667123,2615,False
2021,Morocco,"Switzerland, Liechtenstein",0.003,0.0,333.3333333333333,0.0,0.0,4416,1.8772483938118618e-11,0.9955128934854849,4364,False
2021,Morocco,Mali,0.051000000000000004,0.0,98.0392156862745,0.0,0.0,4417,3.1913222694801655e-10,0.9955128938046172,4032,False
2021,Morocco,Ethiopia,0.001,0.0,0.0,0.0,0.0,4418,6.257494646039539e-12,0.9955128938108747,4414,False
2021,Morocco,Cote d'Ivoire,0.022,0.0,272.72727272727275,0.0,0.0,4419,1.3766488221286984e-10,0.9955128939485396,4178,False
2021,Mexico,Paraguay,3.46,0.0,31.213872832369944,0.0,0.0,4420,2.1650931475296806e-08,0.9955129155994711,2930,False
2021,Mexico,Luxembourg,0.046,0.0,108.69565217391305,0.0,0.0,4421,2.878447537178188e-10,0.9955129158873158,4054,False
2021,Latvia,Eswatini,0.02,0.0,100.0,0.0,0.0,4422,1.251498929207908e-10,0.9955129160124657,4191,False
2021,Luxembourg,Germany,260.817,0.0,34.45327566838051,0.0,0.0,4423,1.6320609810960944e-06,0.9955145480734469,1485,False
2021,Lithuania,Uzbekistan,0.092,0.0,380.4347826086957,0.0,0.0,4424,5.756895074356376e-10,0.9955145486491364,3916,False
2021,Lithuania,Zimbabwe,1.391,0.0,98.49029475197699,0.0,0.0,4425,8.704175052641e-09,0.9955145573533114,3209,False
2021,Luxembourg,Austria,0.16,0.0,106.25,0.0,0.0,4426,1.0011991433663264e-09,0.9955145583545105,3770,False
2021,Luxembourg,Belgium,104.167,0.0,31.219100098879682,0.0,0.0,4427,6.518244447940007e-07,0.9955152101789553,1777,False
2021,Luxembourg,Denmark,0.081,0.0,12.345679012345679,0.0,0.0,4428,5.068570663292027e-10,0.9955152106858124,3940,False
2021,Luxembourg,France,265.989,0.0,36.58046009421442,0.0,0.0,4429,1.664424743405411e-06,0.9955168751105558,1478,False
2021,Luxembourg,Ghana,0.014,0.0,428.57142857142856,0.0,0.0,4430,8.760492504455356e-11,0.9955168751981607,4236,False
2021,Mexico,Ethiopia,0.036000000000000004,0.0,83.33333333333333,0.0,0.0,4431,2.2526980725742343e-10,0.9955168754234305,4095,False
2021,Luxembourg,Israel,186.411,0.0,34.06451336026308,0.0,0.0,4432,1.1664658344628765e-06,0.995518041889265,1596,False
2021,Luxembourg,Italy,0.998,0.0,34.06813627254509,0.0,0.0,4433,6.24497965674746e-09,0.9955180481342446,3311,False
2021,Luxembourg,Netherlands (Kingdom of the),54.68600000000001,0.0,24.631532750612585,0.0,0.0,4434,3.4219735221331827e-07,0.9955183903315968,1986,False
2021,Luxembourg,Oman,0.007,0.0,1571.4285714285713,0.0,0.0,4435,4.380246252227678e-11,0.9955183903753994,4297,False
2021,Luxembourg,Spain,37963.3,38.0,18.162435826179493,0.0,0.0,4436,0.00023755514649599285,0.9957559455218954,321,False
2021,Malawi,Benin,17.2,0.0,213.43023255813955,0.0,0.0,4437,1.0762890791188007e-07,0.9957560531508033,2387,False
2021,Lithuania,Uganda,0.58,0.0,74.13793103448276,0.0,0.0,4438,3.6293468947029326e-09,0.9957560567801502,3455,False
2021,Lithuania,Turkiye,433419.488,433.0,16.33492769942084,0.0,0.0,4439,0.0027121201256491982,0.9984681769057995,58,False
2021,Lithuania,"Switzerland, Liechtenstein",0.002,0.0,0.0,0.0,0.0,4440,1.2514989292079079e-11,0.9984681769183145,4382,False
2021,Afghanistan,Netherlands (Kingdom of the),0.075,0.0,120.0,0.0,0.0,4441,4.693120984529654e-10,0.9984681773876266,3955,False
2021,Lithuania,Eswatini,0.024,0.0,83.33333333333333,0.0,0.0,4442,1.5017987150494894e-10,0.9984681775378065,4166,False
2021,Lithuania,Botswana,0.002,0.0,0.0,0.0,0.0,4443,1.2514989292079079e-11,0.9984681775503215,4382,False
2021,Lithuania,Belarus,0.001,0.0,0.0,0.0,0.0,4444,6.257494646039539e-12,0.998468177556579,4414,False
2021,Lithuania,Austria,0.23800000000000002,0.0,58.8235294117647,0.0,0.0,4445,1.4892837257574104e-09,0.9984681790458627,3670,False
2021,Liberia,Mali,0.128,0.0,109.375,0.0,0.0,4446,8.00959314693061e-10,0.998468179846822,3827,False
2021,Lebanon,United States of America,0.001,0.0,0.0,0.2813,0.0,4447,6.257494646039539e-12,0.9984681798530796,4414,False
2021,Lebanon,Turkiye,19.529,0.0,23.401095806236878,0.0,0.0,4448,1.2220261294250615e-07,0.9984683020556925,2345,False
2021,Lebanon,Cote d'Ivoire,0.608,0.0,128.28947368421052,0.0,0.0,4449,3.8045567447920396e-09,0.9984683058602493,3441,False
2021,Lebanon,Bahrain,0.001,0.0,0.0,0.228,0.0,4450,6.257494646039539e-12,0.9984683058665068,4414,False
2021,Latvia,Zimbabwe,0.138,0.0,94.20289855072463,0.0,0.0,4451,8.635342611534565e-10,0.998468306730041,3809,False
2021,Latvia,Uganda,0.058,0.0,68.9655172413793,0.0,0.0,4452,3.629346894702933e-10,0.9984683070929757,4006,False
2021,Latvia,Turkiye,192352.93300000002,192.0,22.42142572372421,0.0,0.0,4453,0.0012036474483975023,0.9996719545413733,121,False
2021,Latvia,Mali,0.026000000000000002,0.0,115.38461538461537,0.0,0.0,4454,1.6269486079702804e-10,0.9996719547040681,4149,False
2021,Malawi,Kenya,0.049,0.0,387.7551020408163,0.0,0.0,4455,3.066172376559374e-10,0.9996719550106854,4041,False
2021,Malawi,Mozambique,71.0,0.0,174.04225352112675,0.0,0.0,4456,4.4428211986880727e-07,0.9996723992928053,1904,False
2021,Malawi,Rwanda,0.202,0.0,79.20792079207921,0.0,0.0,4457,1.264013918499987e-09,0.9996724005568192,3708,False
2021,Mali,Guinea,3718.8,4.0,0.9489620307626115,0.0,0.0,4458,2.327037108969184e-05,0.9996956709279089,748,False
2021,Mexico,Cote d'Ivoire,134.724,0.0,329.68884534307176,0.0,0.0,4459,8.430347086930308e-07,0.9996965139626176,1703,False
2021,Mexico,Burkina Faso,0.107,0.0,1093.4579439252336,0.0,0.0,4460,6.695519271262307e-10,0.9996965146321696,3867,False
2021,Mexico,Bolivia (Plurinational State of),7.063,0.0,218.17924394733117,0.0,0.0,4461,4.419668468497726e-08,0.9996965588288542,2678,False
2021,Mexico,Austria,3.662,0.0,107.86455488803932,0.0,0.0,4462,2.2914945393796793e-08,0.9996965817437996,2911,False
2021,Mauritius,Zimbabwe,40927.821,41.0,55.90893783473105,0.0,0.0,4463,0.0002561056207815646,0.9999526873645812,310,False
2021,Mauritania,Zimbabwe,0.843,0.0,179.12218268090155,0.0,0.0,4464,5.275067986611331e-09,0.9999526926396491,3361,False
2021,Mauritania,Mali,0.011,0.0,90.90909090909092,0.0,0.0,4465,6.883244110643492e-11,0.9999526927084816,4265,False
2021,Malta,Mali,0.216,0.0,180.55555555555557,0.0,0.0,4466,1.3516188435445404e-09,0.9999526940601005,3692,False
2021,Malta,Cote d'Ivoire,0.11,0.0,90.9090909090909,0.0,0.0,4467,6.883244110643493e-10,0.9999526947484249,3857,False
2021,Mali,United States of America,4.633,0.0,78.56680336714872,0.0,0.0,4468,2.8990972695101186e-08,0.9999527237393976,2832,False
2021,Mali,United Kingdom,6.96,0.0,126.00574712643679,0.0,0.0,4469,4.355216273643519e-08,0.9999527672915604,2689,False
2021,Mali,Tunisia,1.224,0.0,116.01307189542484,0.0,0.0,4470,7.659173446752395e-09,0.9999527749507338,3244,False
2021,Mali,Niger,501.973,1.0,5.081946638564226,0.0,0.0,4471,3.1410933599564057e-06,0.9999559160440937,1286,False
2021,Mali,Mauritania,152.06900000000002,0.0,23.712919792988707,0.0,0.0,4472,9.515709533285867e-07,0.9999568676150471,1650,False
2021,Mali,France,78.292,0.0,34.473509426250445,0.0,0.0,4473,4.899117708277276e-07,0.9999573575268179,1875,False
2021,Malawi,Senegal,1.353,0.0,82.7790096082779,0.0,0.0,4474,8.466390256091496e-09,0.9999573659932082,3219,False
2021,Mali,Cote d'Ivoire,4855.146000000001,5.0,22.8466867937648,0.0,0.0,4475,3.0381050100740288e-05,0.999987747043309,696,False
2021,Mali,Burkina Faso,1717.633,2.0,8.480857086467248,0.0,0.0,4476,1.0748079301360832e-05,0.9999984951226103,918,False
2021,Malaysia,Thailand,0.001,0.0,0.0,0.419,0.0,4477,6.257494646039539e-12,0.9999984951288678,4414,False
2021,Malaysia,Slovakia,25.152,0.0,91.28498727735368,0.0,0.0,4478,1.573885053371865e-07,0.9999986525173732,2248,False
2021,Malaysia,Seychelles,0.001,0.0,7000.0,0.235,0.0,4479,6.257494646039539e-12,0.9999986525236307,4414,False
2021,Malaysia,Ethiopia,92.02,0.0,15.659639208867638,0.0,0.0,4480,5.758146573285583e-07,0.999999228338288,1822,False
2021,Malaysia,Cote d'Ivoire,68.691,0.0,35.34669752951624,0.0,0.0,4481,4.29833564731102e-07,0.9999996581718528,1914,False
2021,Malaysia,"China, Macao SAR",0.251,0.0,99.60159362549801,0.0,0.0,4482,1.5706311561559244e-09,0.999999659742484,3660,False
2021,Malawi,Zimbabwe,0.333,0.0,99.09909909909909,0.0,0.0,4483,2.0837457171311667e-09,0.9999996618262297,3597,False
2021,Malawi,Zambia,0.007,0.0,142.85714285714286,0.0,0.0,4484,4.380246252227678e-11,0.9999996618700322,4297,False
2021,Malawi,United States of America,21.332,0.0,30.65816613538346,0.0,0.0,4485,1.3348487578931546e-07,0.999999795354908,2316,False
2021,Malawi,United Kingdom,21.0,0.0,78.80952380952381,0.0,0.0,4486,1.3140738756683033e-07,0.9999999267622955,2324,False
2021,Malawi,United Arab Emirates,0.018000000000000002,0.0,277.77777777777777,0.0,0.0,4487,1.1263490362871171e-10,0.9999999268749304,4206,False
2021,Malawi,"Tanzania, United Republic of",9.653,0.0,26.2094685589972,0.0,0.0,4488,6.040359581821967e-08,0.9999999872785262,2580,False
2021,Zimbabwe,Zambia,2.033,0.0,330.05410723069355,0.0,0.0,4489,1.2721486615398382e-08,1.0000000000000129,3095,False
