model_family,specification,term,coefficient,std_error,p_value,significance,term_type,evaluation_scope,target_scale
OLS,pooled,const,-1.5961693754140935,0.22193152104565714,6.376924781182527e-13,***,structural,in_sample,log_trade_tonnes
OLS,pooled,Log_Origin_GDP,-0.037599262840116235,0.0035509818214944223,3.372602719961344e-26,***,structural,in_sample,log_trade_tonnes
OLS,pooled,Log_Destination_GDP,0.01309843126330546,0.00317166016220876,3.63024614957887e-05,***,structural,in_sample,log_trade_tonnes
OLS,pooled,Log_Distance,-0.1649076966458695,0.02246747843598741,2.1384936620092428e-13,***,structural,in_sample,log_trade_tonnes
OLS,pooled,cepii_contig,1.0335156557638725,0.06439323999560022,5.710467420790228e-58,***,structural,in_sample,log_trade_tonnes
OLS,pooled,cepii_comlang_ethno,-0.07146870895215628,0.047703084823360165,0.13408158275936663,,structural,in_sample,log_trade_tonnes
OLS,pooled,cepii_wto_o,0.8619510487694589,0.0904634066959928,1.6007448011867185e-21,***,structural,in_sample,log_trade_tonnes
OLS,pooled,cepii_wto_d,0.1818761670137518,0.05964453873203894,0.0022934873874870206,***,structural,in_sample,log_trade_tonnes
OLS,pooled,cepii_fta_wto,-0.4402222245986488,0.04462676750047245,5.930974025650227e-23,***,structural,in_sample,log_trade_tonnes
OLS,pooled,Log_cost_per_ton_seamodes,0.7993942104002915,0.002108269822114497,0.0,***,structural,in_sample,log_trade_tonnes
OLS,pooled,lsbci,4.515483083988181,0.13314196232981432,4.0312973794915e-252,***,structural,in_sample,log_trade_tonnes
OLS,pooled,Log_origin_production_qty,0.13653076133253889,0.002748134777531535,0.0,***,structural,in_sample,log_trade_tonnes
OLS,pooled,Log_destination_production_qty,0.005202971255354218,0.0020817237451531607,0.012441882736034332,**,structural,in_sample,log_trade_tonnes
OLS,pooled,Log_Origin_Daily_Calorific_Food,0.004586372250816552,0.0018850688710437282,0.014974307746163363,**,structural,in_sample,log_trade_tonnes
OLS,pooled,Log_Destination_Daily_Calorific_Food,0.026737212050919033,0.0016027454321975573,1.7679278452245342e-62,***,structural,in_sample,log_trade_tonnes
OLS,product_fe,const,-1.313078138713133,0.2276303609495841,7.999605375223825e-09,***,structural,in_sample,log_trade_tonnes
OLS,product_fe,Log_Origin_GDP,-0.026825921458039005,0.0035656051709988825,5.331859180448876e-14,***,structural,in_sample,log_trade_tonnes
OLS,product_fe,Log_Destination_GDP,0.02369343080605529,0.0031683172458879935,7.532562285380417e-14,***,structural,in_sample,log_trade_tonnes
OLS,product_fe,Log_Distance,-0.21265506162916215,0.022778243770984676,1.0015113644067402e-20,***,structural,in_sample,log_trade_tonnes
OLS,product_fe,cepii_contig,1.085793271848654,0.06433578493125645,6.646722452980188e-64,***,structural,in_sample,log_trade_tonnes
OLS,product_fe,cepii_comlang_ethno,-0.002113024179708538,0.04715161122294897,0.9642560413734788,,structural,in_sample,log_trade_tonnes
OLS,product_fe,cepii_wto_o,0.8540280694456693,0.09228684874395178,2.1612290632892012e-20,***,structural,in_sample,log_trade_tonnes
OLS,product_fe,cepii_wto_d,0.21192130639600568,0.05934834869101707,0.0003558874698319681,***,structural,in_sample,log_trade_tonnes
OLS,product_fe,cepii_fta_wto,-0.4093124425187951,0.04460088862895641,4.423385319365918e-20,***,structural,in_sample,log_trade_tonnes
OLS,product_fe,Log_cost_per_ton_seamodes,0.8043910587956188,0.0021078824805481474,0.0,***,structural,in_sample,log_trade_tonnes
OLS,product_fe,lsbci,4.786704592452986,0.13204747067697234,9.9813914966547e-288,***,structural,in_sample,log_trade_tonnes
OLS,product_fe,Log_origin_production_qty,0.14534232822190812,0.002813153361308342,0.0,***,structural,in_sample,log_trade_tonnes
OLS,product_fe,Log_destination_production_qty,0.01391517714814748,0.002207152060087704,2.8896763220988955e-10,***,structural,in_sample,log_trade_tonnes
OLS,product_fe,Log_Origin_Daily_Calorific_Food,-0.010694468646641508,0.002130990048445882,5.206440112377747e-07,***,structural,in_sample,log_trade_tonnes
OLS,product_fe,Log_Destination_Daily_Calorific_Food,0.011921885654257986,0.0018682456447584206,1.7556041862588376e-10,***,structural,in_sample,log_trade_tonnes
OLS,product_fe,"PR_Buckwheat, millet and canary seeds; other cereals",-0.2697491305674986,0.089893660637369,0.0026930841040222206,***,FE_dummy,in_sample,log_trade_tonnes
OLS,product_fe,PR_Grain sorghum,-1.9295060504925685,0.10408943573633393,1.0385245191252164e-76,***,FE_dummy,in_sample,log_trade_tonnes
OLS,product_fe,PR_Maize (corn),-0.4114721996412336,0.07676673347085965,8.320690163134713e-08,***,FE_dummy,in_sample,log_trade_tonnes
OLS,product_fe,PR_Oats,-1.4254790792752614,0.08778270488047217,2.6845195442748524e-59,***,FE_dummy,in_sample,log_trade_tonnes
OLS,product_fe,PR_Rice,0.46647528924232434,0.07678975362221405,1.2421395395001617e-09,***,FE_dummy,in_sample,log_trade_tonnes
OLS,product_fe,PR_Rye,-0.7559864089372218,0.10638827210134692,1.1952478854157068e-12,***,FE_dummy,in_sample,log_trade_tonnes
OLS,product_fe,PR_Wheat and meslin,0.5179817584670025,0.08151587443718009,2.0928703285721135e-10,***,FE_dummy,in_sample,log_trade_tonnes
OLS,origin_destination_fe,const,1.7702242711015974,0.8592798451950967,0.03938655019537993,**,structural,in_sample,log_trade_tonnes
OLS,origin_destination_fe,Log_Origin_GDP,-0.05440401660650583,0.022516466765845296,0.01568396146624436,**,structural,in_sample,log_trade_tonnes
OLS,origin_destination_fe,Log_Destination_GDP,-0.011819695404384465,0.01116937451069861,0.28995352660617013,,structural,in_sample,log_trade_tonnes
OLS,origin_destination_fe,Log_Distance,-0.5911074460756832,0.028141828954081585,5.955122777162414e-98,***,structural,in_sample,log_trade_tonnes
OLS,origin_destination_fe,cepii_contig,1.0680891259856289,0.06685221609884359,1.852172055317873e-57,***,structural,in_sample,log_trade_tonnes
OLS,origin_destination_fe,cepii_comlang_ethno,0.1693549808528342,0.05719522951765399,0.0030664357105383744,***,structural,in_sample,log_trade_tonnes
OLS,origin_destination_fe,cepii_wto_o,1.0586359418802747,0.5469511433261602,0.052926278128345626,*,structural,in_sample,log_trade_tonnes
OLS,origin_destination_fe,cepii_wto_d,0.2704621865691371,0.17009633402505162,0.11182285841460773,,structural,in_sample,log_trade_tonnes
OLS,origin_destination_fe,cepii_fta_wto,-0.01643205860920791,0.04837093865400145,0.7340754434566256,,structural,in_sample,log_trade_tonnes
OLS,origin_destination_fe,Log_cost_per_ton_seamodes,0.7579027324791356,0.0027562665698463084,0.0,***,structural,in_sample,log_trade_tonnes
OLS,origin_destination_fe,lsbci,1.614275710794284,0.2618497740717539,7.053103533588278e-10,***,structural,in_sample,log_trade_tonnes
OLS,origin_destination_fe,Log_origin_production_qty,0.09394178827994408,0.0031432951387724423,2.955878663218548e-196,***,structural,in_sample,log_trade_tonnes
OLS,origin_destination_fe,Log_destination_production_qty,-0.007395314559552589,0.0024449688832051788,0.002488740782109177,***,structural,in_sample,log_trade_tonnes
OLS,origin_destination_fe,Log_Origin_Daily_Calorific_Food,0.028077781426048304,0.0019893969000296355,3.126620255223718e-45,***,structural,in_sample,log_trade_tonnes
OLS,origin_destination_fe,Log_Destination_Daily_Calorific_Food,0.020947126254474802,0.0017755098638329984,4.006064516488565e-32,***,structural,in_sample,log_trade_tonnes
OLS,origin_destination_fe,O_AGO,-3.5739989155448693,0.370777746629627,5.461469450357438e-22,***,FE_dummy,in_sample,log_trade_tonnes
OLS,origin_destination_fe,O_ALB,-2.3336677605026397,0.9630024685190276,0.015379169681368425,**,FE_dummy,in_sample,log_trade_tonnes
OLS,origin_destination_fe,O_ARE,-0.6003237241742501,0.25166477799769343,0.017060087659549868,**,FE_dummy,in_sample,log_trade_tonnes
OLS,origin_destination_fe,O_ARG,3.6038894959874463,0.20021632324762897,1.9489493241771637e-72,***,FE_dummy,in_sample,log_trade_tonnes
OLS,origin_destination_fe,O_ARM,-0.46230771895783523,0.815560832968543,0.5708102143979553,,FE_dummy,in_sample,log_trade_tonnes
OLS,origin_destination_fe,O_ATG,3.3056779985900047,0.7191039267692396,4.287398916233006e-06,***,FE_dummy,in_sample,log_trade_tonnes
OLS,origin_destination_fe,O_AUS,2.0740707212593095,0.2145010268869924,4.072286416980788e-22,***,FE_dummy,in_sample,log_trade_tonnes
OLS,origin_destination_fe,O_AUT,-0.9260150875842486,0.19143868208428724,1.3172279753628545e-06,***,FE_dummy,in_sample,log_trade_tonnes
OLS,origin_destination_fe,O_AZE,-0.8142637541377287,0.78464957978556,0.2993902273604072,,FE_dummy,in_sample,log_trade_tonnes
OLS,origin_destination_fe,O_BDI,-4.2837002315729205,0.7787841052335703,3.787205500991556e-08,***,FE_dummy,in_sample,log_trade_tonnes
OLS,origin_destination_fe,O_BEL,-1.0635314396082869,0.20572843619354045,2.3460951422396318e-07,***,FE_dummy,in_sample,log_trade_tonnes
OLS,origin_destination_fe,O_BEN,-3.146835019849065,0.6616116072809197,1.9715608119932352e-06,***,FE_dummy,in_sample,log_trade_tonnes
OLS,origin_destination_fe,O_BFA,-2.883108635021269,0.3805601497945627,3.5648046708497874e-14,***,FE_dummy,in_sample,log_trade_tonnes
OLS,origin_destination_fe,O_BGD,-1.085124553539492,0.257174985859544,2.4495157478875302e-05,***,FE_dummy,in_sample,log_trade_tonnes
OLS,origin_destination_fe,O_BGR,-0.27283932937789757,0.20258776787139635,0.17805399952824807,,FE_dummy,in_sample,log_trade_tonnes
OLS,origin_destination_fe,O_BHR,-2.2499972025757273,0.5904384520143354,0.000138561134160725,***,FE_dummy,in_sample,log_trade_tonnes
OLS,origin_destination_fe,O_BIH,-0.13776541420058155,0.7242553055915959,0.8491393685814215,,FE_dummy,in_sample,log_trade_tonnes
OLS,origin_destination_fe,O_BLR,0.2534083258805594,0.6884372372224918,0.7128045423226628,,FE_dummy,in_sample,log_trade_tonnes
OLS,origin_destination_fe,O_BLZ,1.2610820139218866,0.4980354671463846,0.011337749034099452,**,FE_dummy,in_sample,log_trade_tonnes
OLS,origin_destination_fe,O_BOL,-1.7148385082790805,0.3374117686627048,3.7282972153055447e-07,***,FE_dummy,in_sample,log_trade_tonnes
OLS,origin_destination_fe,O_BRA,3.077187421658321,0.23465008266878354,2.7398137650041143e-39,***,FE_dummy,in_sample,log_trade_tonnes
OLS,origin_destination_fe,O_BRB,0.8441379779534348,0.8276106201670715,0.3077427039510743,,FE_dummy,in_sample,log_trade_tonnes
OLS,origin_destination_fe,O_BTN,-2.2624051048533427,1.0716555768428024,0.03476106996164654,**,FE_dummy,in_sample,log_trade_tonnes
OLS,origin_destination_fe,O_BWA,-4.429911880918062,0.5788949370937516,1.9732542662135536e-14,***,FE_dummy,in_sample,log_trade_tonnes
OLS,origin_destination_fe,O_CAF,-0.05797046135732777,2.2913566100061202,0.9798159736060859,,FE_dummy,in_sample,log_trade_tonnes
OLS,origin_destination_fe,O_CAN,2.5548212145983515,0.22955315664731277,9.009848235831424e-29,***,FE_dummy,in_sample,log_trade_tonnes
OLS,origin_destination_fe,O_CHL,-0.6189709837160107,0.23333108066108538,0.007983699357682424,***,FE_dummy,in_sample,log_trade_tonnes
OLS,origin_destination_fe,O_CHN,-1.2356324779718217,0.2240094551353592,3.468346281701829e-08,***,FE_dummy,in_sample,log_trade_tonnes
OLS,origin_destination_fe,O_CIV,-2.302345954743221,0.3865128038766483,2.573611665858578e-09,***,FE_dummy,in_sample,log_trade_tonnes
OLS,origin_destination_fe,O_CMR,-3.4929631652123634,0.42850380432569385,3.593377620983749e-16,***,FE_dummy,in_sample,log_trade_tonnes
OLS,origin_destination_fe,O_COL,-3.15746293694655,0.3200708726895201,5.9101057237135e-23,***,FE_dummy,in_sample,log_trade_tonnes
OLS,origin_destination_fe,O_COM,2.3861747724361155,0.6977501722471988,0.0006266430763781099,***,FE_dummy,in_sample,log_trade_tonnes
OLS,origin_destination_fe,O_CRI,-1.670775739517855,0.49118686792352656,0.0006701532741906688,***,FE_dummy,in_sample,log_trade_tonnes
OLS,origin_destination_fe,O_CUB,-0.5200335271427289,3.135556547519097,0.8682746267556039,,FE_dummy,in_sample,log_trade_tonnes
OLS,origin_destination_fe,O_CYP,-1.1217100309782428,0.4089907538634167,0.00609494461035843,***,FE_dummy,in_sample,log_trade_tonnes
OLS,origin_destination_fe,O_CZE,-0.46256082556393663,0.1962458389910007,0.018420874888538993,**,FE_dummy,in_sample,log_trade_tonnes
OLS,origin_destination_fe,O_DEU,-0.42479576480221287,0.2044477785558839,0.03773041120772668,**,FE_dummy,in_sample,log_trade_tonnes
OLS,origin_destination_fe,O_DJI,3.209145551479645,18.656529427435323,0.8634281534841863,,FE_dummy,in_sample,log_trade_tonnes
OLS,origin_destination_fe,O_DNK,-0.49454685128407827,0.21070558178019902,0.01892022902537623,**,FE_dummy,in_sample,log_trade_tonnes
OLS,origin_destination_fe,O_DOM,-3.0066020497814887,0.8663820400071882,0.0005198852676699003,***,FE_dummy,in_sample,log_trade_tonnes
OLS,origin_destination_fe,O_DZA,0.1348098047653437,0.8419046835928906,0.87278277904866,,FE_dummy,in_sample,log_trade_tonnes
OLS,origin_destination_fe,O_ECU,-1.9305905615771541,0.41649818038036385,3.5643447688790712e-06,***,FE_dummy,in_sample,log_trade_tonnes
OLS,origin_destination_fe,O_EGY,-2.648940064244886,0.23244708687296176,4.383574544736639e-30,***,FE_dummy,in_sample,log_trade_tonnes
OLS,origin_destination_fe,O_ESP,-1.183846727962893,0.19437286754784977,1.124906749487616e-09,***,FE_dummy,in_sample,log_trade_tonnes
OLS,origin_destination_fe,O_EST,0.2895908099995701,0.24899312855987246,0.244810272800688,,FE_dummy,in_sample,log_trade_tonnes
OLS,origin_destination_fe,O_ETH,-1.138946739139578,0.6165035588476709,0.06468494574219794,*,FE_dummy,in_sample,log_trade_tonnes
OLS,origin_destination_fe,O_FIN,-0.18284448706268874,0.2399750657913659,0.44610107446396896,,FE_dummy,in_sample,log_trade_tonnes
OLS,origin_destination_fe,O_FJI,-0.5895422650526838,0.6358108989518193,0.35380768070050883,,FE_dummy,in_sample,log_trade_tonnes
OLS,origin_destination_fe,O_FRA,-0.5276491675887229,0.19559163763110346,0.006981860738053464,***,FE_dummy,in_sample,log_trade_tonnes
OLS,origin_destination_fe,O_GAB,-3.2585415738590315,0.6688000176848748,1.1035055959226768e-06,***,FE_dummy,in_sample,log_trade_tonnes
OLS,origin_destination_fe,O_GBR,-1.449269734364997,0.22889778931620797,2.427659224864872e-10,***,FE_dummy,in_sample,log_trade_tonnes
OLS,origin_destination_fe,O_GEO,-2.234894449801554,0.5565383517798402,5.926807998816985e-05,***,FE_dummy,in_sample,log_trade_tonnes
OLS,origin_destination_fe,O_GHA,-3.3081080225629718,0.3651078175963556,1.2969542017032163e-19,***,FE_dummy,in_sample,log_trade_tonnes
OLS,origin_destination_fe,O_GIN,-5.147940514093747,0.536665405861477,8.601085405901157e-22,***,FE_dummy,in_sample,log_trade_tonnes
OLS,origin_destination_fe,O_GMB,-3.2992494341856977,1.2360172709993613,0.007601895042071846,***,FE_dummy,in_sample,log_trade_tonnes
OLS,origin_destination_fe,O_GNB,-3.5307401605645716,0.5488576233783912,1.252010963216973e-10,***,FE_dummy,in_sample,log_trade_tonnes
OLS,origin_destination_fe,O_GRC,-1.4968785463797254,0.21476529109852507,3.1731393047528715e-12,***,FE_dummy,in_sample,log_trade_tonnes
OLS,origin_destination_fe,O_GRD,1.281181568069873,1.5398837816534623,0.4054095816754285,,FE_dummy,in_sample,log_trade_tonnes
OLS,origin_destination_fe,O_GTM,-3.2798976163900364,0.3424946231742956,1.0039540115029858e-21,***,FE_dummy,in_sample,log_trade_tonnes
OLS,origin_destination_fe,O_GUY,4.911788612011286,0.2733883263485651,3.575157732297089e-72,***,FE_dummy,in_sample,log_trade_tonnes
OLS,origin_destination_fe,O_HND,-2.9122224546135524,0.5237929676853906,2.6997080450417766e-08,***,FE_dummy,in_sample,log_trade_tonnes
OLS,origin_destination_fe,O_HRV,-0.7758845519898213,0.24018754114176216,0.0012364825422812732,***,FE_dummy,in_sample,log_trade_tonnes
OLS,origin_destination_fe,O_HTI,-1.7943049453364153,0.5360043342750528,0.0008152728363669598,***,FE_dummy,in_sample,log_trade_tonnes
OLS,origin_destination_fe,O_HUN,-0.1618955500673636,0.18979307879512575,0.39365330312654,,FE_dummy,in_sample,log_trade_tonnes
OLS,origin_destination_fe,O_IDN,-1.9502986201547512,0.2592712126407081,5.384827152296128e-14,***,FE_dummy,in_sample,log_trade_tonnes
OLS,origin_destination_fe,O_IND,0.5178347410025196,0.203823682201486,0.01106619862780368,**,FE_dummy,in_sample,log_trade_tonnes
OLS,origin_destination_fe,O_IRL,-1.269788571823931,0.288863369680711,1.1036029171162265e-05,***,FE_dummy,in_sample,log_trade_tonnes
OLS,origin_destination_fe,O_IRN,-1.449583761822593,0.5923701705075255,0.014401443994366962,**,FE_dummy,in_sample,log_trade_tonnes
OLS,origin_destination_fe,O_IRQ,-4.034354271070835,0.7359639332340657,4.211909013391943e-08,***,FE_dummy,in_sample,log_trade_tonnes
OLS,origin_destination_fe,O_ISL,-6.2602508833575,7.5663350123348865,0.4080204681713874,,FE_dummy,in_sample,log_trade_tonnes
OLS,origin_destination_fe,O_ISR,-2.418786899956145,0.4553629525526134,1.0856082093983194e-07,***,FE_dummy,in_sample,log_trade_tonnes
OLS,origin_destination_fe,O_ITA,-1.6031759875784086,0.19457283820051052,1.7298316586741018e-16,***,FE_dummy,in_sample,log_trade_tonnes
OLS,origin_destination_fe,O_JAM,0.7609789014635969,0.5022004173681203,0.12969916561488815,,FE_dummy,in_sample,log_trade_tonnes
OLS,origin_destination_fe,O_JOR,-2.1196750314029082,0.38391082554301115,3.36559608897055e-08,***,FE_dummy,in_sample,log_trade_tonnes
OLS,origin_destination_fe,O_JPN,-1.0301755258934906,0.22818998861446588,6.345080979973572e-06,***,FE_dummy,in_sample,log_trade_tonnes
OLS,origin_destination_fe,O_KAZ,0.703500684701819,0.25909602633350337,0.0066233321786653655,***,FE_dummy,in_sample,log_trade_tonnes
OLS,origin_destination_fe,O_KEN,-3.1093266273274973,0.30431874103631573,1.658368814107035e-24,***,FE_dummy,in_sample,log_trade_tonnes
OLS,origin_destination_fe,O_KGZ,-2.5634302925034644,0.9568593646722885,0.007384145940847851,***,FE_dummy,in_sample,log_trade_tonnes
OLS,origin_destination_fe,O_KHM,1.8653552371732325,0.23221649294214813,9.525085672033175e-16,***,FE_dummy,in_sample,log_trade_tonnes
OLS,origin_destination_fe,O_KOR,-2.6740874335634883,0.23157732743177192,7.619688819604322e-31,***,FE_dummy,in_sample,log_trade_tonnes
OLS,origin_destination_fe,O_KWT,-3.050039382962301,1.0237142123748746,0.0028882705811256195,***,FE_dummy,in_sample,log_trade_tonnes
OLS,origin_destination_fe,O_LAO,-1.1589115008397006,0.9362384832466336,0.21577616323419113,,FE_dummy,in_sample,log_trade_tonnes
OLS,origin_destination_fe,O_LBN,-1.6203372765240818,0.5809023143131642,0.00528146833372254,***,FE_dummy,in_sample,log_trade_tonnes
OLS,origin_destination_fe,O_LBR,-3.8355146786806875,0.9673426624759759,7.33956220243217e-05,***,FE_dummy,in_sample,log_trade_tonnes
OLS,origin_destination_fe,O_LBY,-1.3738776049594603,1.3678927541338413,0.3151977827540078,,FE_dummy,in_sample,log_trade_tonnes
OLS,origin_destination_fe,O_LCA,-1.1660927431666435,3.4996850848874783,0.7389838200317931,,FE_dummy,in_sample,log_trade_tonnes
OLS,origin_destination_fe,O_LKA,-0.015490315201543266,0.22257225819925675,0.9445145902115003,,FE_dummy,in_sample,log_trade_tonnes
OLS,origin_destination_fe,O_LTU,-0.2790807407975314,0.21359764011948154,0.19135803974683385,,FE_dummy,in_sample,log_trade_tonnes
OLS,origin_destination_fe,O_LUX,-1.1031162115494626,0.28026119337885,8.284093378319675e-05,***,FE_dummy,in_sample,log_trade_tonnes
OLS,origin_destination_fe,O_LVA,0.11939502691428074,0.2449673655925688,0.6259808722122597,,FE_dummy,in_sample,log_trade_tonnes
OLS,origin_destination_fe,O_MAR,-2.8587654121962838,0.35018113738949586,3.249793673871319e-16,***,FE_dummy,in_sample,log_trade_tonnes
OLS,origin_destination_fe,O_MDG,-1.6964791869035547,0.6213295867203206,0.006325724829212802,***,FE_dummy,in_sample,log_trade_tonnes
OLS,origin_destination_fe,O_MEX,-1.2509605228682334,0.23404581281119438,9.044765735878302e-08,***,FE_dummy,in_sample,log_trade_tonnes
OLS,origin_destination_fe,O_MKD,-2.6949647403648775,0.32151314672441256,5.1978725756070346e-17,***,FE_dummy,in_sample,log_trade_tonnes
OLS,origin_destination_fe,O_MLI,0.5753840392214346,0.5771708842792568,0.31881104600603505,,FE_dummy,in_sample,log_trade_tonnes
OLS,origin_destination_fe,O_MLT,-1.6061133535989311,0.35577248321170635,6.348443944592402e-06,***,FE_dummy,in_sample,log_trade_tonnes
OLS,origin_destination_fe,O_MMR,2.573282823386673,0.24012748941864479,8.53319621274198e-27,***,FE_dummy,in_sample,log_trade_tonnes
OLS,origin_destination_fe,O_MNE,-1.6830047397765437,1.1691567679088675,0.1500080448801174,,FE_dummy,in_sample,log_trade_tonnes
OLS,origin_destination_fe,O_MNG,-2.2209019600306212,1.4664828481272483,0.12991399105167786,,FE_dummy,in_sample,log_trade_tonnes
OLS,origin_destination_fe,O_MOZ,-0.2546103848578536,0.7743696480244849,0.7423091623138551,,FE_dummy,in_sample,log_trade_tonnes
OLS,origin_destination_fe,O_MRT,-1.7281055115432518,1.392832665305761,0.21471181220994506,,FE_dummy,in_sample,log_trade_tonnes
OLS,origin_destination_fe,O_MUS,3.6820667955243143,0.6038255310140518,1.0747195227719163e-09,***,FE_dummy,in_sample,log_trade_tonnes
OLS,origin_destination_fe,O_MWI,-2.8966313513287885,0.6002544443498202,1.3953165034304518e-06,***,FE_dummy,in_sample,log_trade_tonnes
OLS,origin_destination_fe,O_MYS,-1.581496078038891,0.2751457627036663,9.03863264387774e-09,***,FE_dummy,in_sample,log_trade_tonnes
OLS,origin_destination_fe,O_NAM,-2.2038494083519073,0.9717477347558772,0.023333876984647558,**,FE_dummy,in_sample,log_trade_tonnes
OLS,origin_destination_fe,O_NER,-2.731751450813386,0.5623529063454029,1.1874677677328291e-06,***,FE_dummy,in_sample,log_trade_tonnes
OLS,origin_destination_fe,O_NGA,-3.624555205323407,0.2909337387236101,1.2594487081741352e-35,***,FE_dummy,in_sample,log_trade_tonnes
OLS,origin_destination_fe,O_NIC,-1.6617988826898755,0.4381431122358259,0.00014894485975661264,***,FE_dummy,in_sample,log_trade_tonnes
OLS,origin_destination_fe,O_NLD,-0.967795479616128,0.20073088698581262,1.4258416006378837e-06,***,FE_dummy,in_sample,log_trade_tonnes
OLS,origin_destination_fe,O_NOR,-2.6085790840612253,0.38582578032182724,1.3701559659392935e-11,***,FE_dummy,in_sample,log_trade_tonnes
OLS,origin_destination_fe,O_NPL,-3.001592198509083,0.3988327171290866,5.2341269697366615e-14,***,FE_dummy,in_sample,log_trade_tonnes
OLS,origin_destination_fe,O_NZL,-0.6908537569040698,0.23085524874735844,0.0027662639922488813,***,FE_dummy,in_sample,log_trade_tonnes
OLS,origin_destination_fe,O_OMN,-2.0932817969938027,0.5895417855284816,0.00038421854375800106,***,FE_dummy,in_sample,log_trade_tonnes
OLS,origin_destination_fe,O_PAK,2.013082705172027,0.20411934564823744,6.065445275494971e-23,***,FE_dummy,in_sample,log_trade_tonnes
OLS,origin_destination_fe,O_PAN,-1.362734598582752,0.4083158347968294,0.0008455025072815388,***,FE_dummy,in_sample,log_trade_tonnes
OLS,origin_destination_fe,O_PER,-1.939360128892818,0.23628169975028143,2.252209512516925e-16,***,FE_dummy,in_sample,log_trade_tonnes
OLS,origin_destination_fe,O_PHL,-3.460763977972437,0.26580630640226416,9.4329398890233e-39,***,FE_dummy,in_sample,log_trade_tonnes
OLS,origin_destination_fe,O_PNG,-1.8545440833841396,0.9909839744934924,0.0612873286022631,*,FE_dummy,in_sample,log_trade_tonnes
OLS,origin_destination_fe,O_POL,-0.017091341370600546,0.19464799491570645,0.9300305441327323,,FE_dummy,in_sample,log_trade_tonnes
OLS,origin_destination_fe,O_PRK,-1.9446420900336812,1.53857288921292,0.20625663246325698,,FE_dummy,in_sample,log_trade_tonnes
OLS,origin_destination_fe,O_PRT,-1.3650836658123982,0.2167958790951266,3.041841059909608e-10,***,FE_dummy,in_sample,log_trade_tonnes
OLS,origin_destination_fe,O_PRY,4.129353746287715,0.27454422123610916,3.9696621460213097e-51,***,FE_dummy,in_sample,log_trade_tonnes
OLS,origin_destination_fe,O_QAT,-4.306632209355697,1.2358313283865152,0.0004924943001936678,***,FE_dummy,in_sample,log_trade_tonnes
OLS,origin_destination_fe,O_ROU,1.9329863610788618,0.20862693766777227,1.9457167933958445e-20,***,FE_dummy,in_sample,log_trade_tonnes
OLS,origin_destination_fe,O_RUS,1.8681926836234035,0.2004839335857128,1.1809010456849946e-20,***,FE_dummy,in_sample,log_trade_tonnes
OLS,origin_destination_fe,O_RWA,-2.1953077549920437,0.7029302397341921,0.0017896876444841027,***,FE_dummy,in_sample,log_trade_tonnes
OLS,origin_destination_fe,O_SAU,-2.5718714628884896,0.3009195218624566,1.2664843026630834e-17,***,FE_dummy,in_sample,log_trade_tonnes
OLS,origin_destination_fe,O_SDN,1.013278474934208,0.6062195554288438,0.09462865989226761,*,FE_dummy,in_sample,log_trade_tonnes
OLS,origin_destination_fe,O_SEN,-3.55857755464224,0.3341014562585805,1.721531175515092e-26,***,FE_dummy,in_sample,log_trade_tonnes
OLS,origin_destination_fe,O_SLE,-3.8501573841861685,0.8595305291132543,7.486280355268297e-06,***,FE_dummy,in_sample,log_trade_tonnes
OLS,origin_destination_fe,O_SLV,-2.2952153722277377,0.3566736876861436,1.2342731839383578e-10,***,FE_dummy,in_sample,log_trade_tonnes
OLS,origin_destination_fe,O_SOM,1.0804582238673421,0.7773749351589406,0.16456518344040327,,FE_dummy,in_sample,log_trade_tonnes
OLS,origin_destination_fe,O_SRB,1.0979164686189595,0.5778414388581655,0.05742909206116305,*,FE_dummy,in_sample,log_trade_tonnes
OLS,origin_destination_fe,O_SSD,0.5056098600477783,1.547985635124671,0.7439519957467206,,FE_dummy,in_sample,log_trade_tonnes
OLS,origin_destination_fe,O_STP,1.2047648195792753,0.8375311389126796,0.15030026888454817,,FE_dummy,in_sample,log_trade_tonnes
OLS,origin_destination_fe,O_SUR,3.036810982324759,0.3549726539178191,1.1781138346619161e-17,***,FE_dummy,in_sample,log_trade_tonnes
OLS,origin_destination_fe,O_SVK,-1.3667110519214536,0.8820384194098798,0.12126360825985526,,FE_dummy,in_sample,log_trade_tonnes
OLS,origin_destination_fe,O_SVN,-1.0483294176202556,0.2552493362412535,4.006926561276007e-05,***,FE_dummy,in_sample,log_trade_tonnes
OLS,origin_destination_fe,O_SWE,-0.17227187277829603,0.2509566118704064,0.4924225850225433,,FE_dummy,in_sample,log_trade_tonnes
OLS,origin_destination_fe,O_SWZ,0.14492341752464702,1.6425853969611297,0.9296947892275838,,FE_dummy,in_sample,log_trade_tonnes
OLS,origin_destination_fe,O_SYR,-1.4891551870112842,0.7150512746660763,0.03728905130060563,**,FE_dummy,in_sample,log_trade_tonnes
OLS,origin_destination_fe,O_TCD,-5.411406448229994,3.2114923697998754,0.091986060031108,*,FE_dummy,in_sample,log_trade_tonnes
OLS,origin_destination_fe,O_TGO,-2.168081787864968,0.4290085151783579,4.3332439087102866e-07,***,FE_dummy,in_sample,log_trade_tonnes
OLS,origin_destination_fe,O_THA,1.729273595766715,0.2069059018494416,6.39105653564518e-17,***,FE_dummy,in_sample,log_trade_tonnes
OLS,origin_destination_fe,O_TJK,-0.27397450075992147,0.6594565196571457,0.6778088594123626,,FE_dummy,in_sample,log_trade_tonnes
OLS,origin_destination_fe,O_TKM,0.7424473176861468,0.9043755796248812,0.41167463216094224,,FE_dummy,in_sample,log_trade_tonnes
OLS,origin_destination_fe,O_TLS,-1.636060546433476,1.3907412496395655,0.2394372141462855,,FE_dummy,in_sample,log_trade_tonnes
OLS,origin_destination_fe,O_TTO,0.36166598582962484,0.43711042312076526,0.4080093154010156,,FE_dummy,in_sample,log_trade_tonnes
OLS,origin_destination_fe,O_TUN,-3.7745787828267123,0.6662099529881783,1.463831543853565e-08,***,FE_dummy,in_sample,log_trade_tonnes
OLS,origin_destination_fe,O_TUR,-1.1646374274393982,0.18743488817732273,5.179831410764961e-10,***,FE_dummy,in_sample,log_trade_tonnes
OLS,origin_destination_fe,O_UGA,-1.7962625900680544,0.3585769406263656,5.459424142800177e-07,***,FE_dummy,in_sample,log_trade_tonnes
OLS,origin_destination_fe,O_UKR,1.5571871028993545,0.17917023427278708,3.589349239407358e-18,***,FE_dummy,in_sample,log_trade_tonnes
OLS,origin_destination_fe,O_URY,2.523384269786256,0.24465748112568755,6.094577201055227e-25,***,FE_dummy,in_sample,log_trade_tonnes
OLS,origin_destination_fe,O_USA,2.098886949742968,0.2263687767494511,1.8272057220513783e-20,***,FE_dummy,in_sample,log_trade_tonnes
OLS,origin_destination_fe,O_UZB,-1.2981957244219804,0.680647988694752,0.056482545856626286,*,FE_dummy,in_sample,log_trade_tonnes
OLS,origin_destination_fe,O_VCT,3.835764148079394,0.5286978784940336,4.013193737788307e-13,***,FE_dummy,in_sample,log_trade_tonnes
OLS,origin_destination_fe,O_VEN,-3.587509640745611,1.2155915296143278,0.0031649473496456553,***,FE_dummy,in_sample,log_trade_tonnes
OLS,origin_destination_fe,O_VNM,1.271808005588783,0.21002134036254258,1.3988374363907989e-09,***,FE_dummy,in_sample,log_trade_tonnes
OLS,origin_destination_fe,O_YEM,-3.722139348891094,0.7318932202391351,3.664045047963312e-07,***,FE_dummy,in_sample,log_trade_tonnes
OLS,origin_destination_fe,O_ZAF,-1.162963288811825,0.20074645844790057,6.906002953498583e-09,***,FE_dummy,in_sample,log_trade_tonnes
OLS,origin_destination_fe,O_ZMB,-2.415244623782167,0.2979938616710404,5.273914841826098e-16,***,FE_dummy,in_sample,log_trade_tonnes
OLS,origin_destination_fe,O_ZWE,-4.161703463915555,0.35672492933798533,1.8921560166278373e-31,***,FE_dummy,in_sample,log_trade_tonnes
OLS,origin_destination_fe,D_AFG,-0.8225823192436299,0.4841415989430011,0.08930916555342454,*,FE_dummy,in_sample,log_trade_tonnes
OLS,origin_destination_fe,D_AGO,1.416721077003639,0.25022214722896613,1.497468643515853e-08,***,FE_dummy,in_sample,log_trade_tonnes
OLS,origin_destination_fe,D_ALB,0.8041459261261017,0.3665378918968707,0.028242904442754152,**,FE_dummy,in_sample,log_trade_tonnes
OLS,origin_destination_fe,D_AND,-2.066930225853721,0.414437784848715,6.122538727161843e-07,***,FE_dummy,in_sample,log_trade_tonnes
OLS,origin_destination_fe,D_ARE,1.2614254654142,0.18086637984198659,3.0728785332464795e-12,***,FE_dummy,in_sample,log_trade_tonnes
OLS,origin_destination_fe,D_ARG,-1.9090579578115952,0.28551835397923064,2.289022686053457e-11,***,FE_dummy,in_sample,log_trade_tonnes
OLS,origin_destination_fe,D_ARM,-0.4703402671601944,0.2753458795610244,0.08760298701976327,*,FE_dummy,in_sample,log_trade_tonnes
OLS,origin_destination_fe,D_ATG,-1.6563957368934432,0.2617793025625251,2.492439131676183e-10,***,FE_dummy,in_sample,log_trade_tonnes
OLS,origin_destination_fe,D_AUS,3.066993550993694,0.2166762184348001,1.7460499555758374e-45,***,FE_dummy,in_sample,log_trade_tonnes
OLS,origin_destination_fe,D_AUT,0.6936055092311121,0.16170133717856702,1.7913753409799062e-05,***,FE_dummy,in_sample,log_trade_tonnes
OLS,origin_destination_fe,D_AZE,-0.8953359426671832,0.2583557110285948,0.0005292143326716675,***,FE_dummy,in_sample,log_trade_tonnes
OLS,origin_destination_fe,D_BDI,1.7323665710128158,0.310354625780536,2.3791360137413275e-08,***,FE_dummy,in_sample,log_trade_tonnes
OLS,origin_destination_fe,D_BEL,2.1194321521268398,0.17216604194631205,7.963152028390351e-35,***,FE_dummy,in_sample,log_trade_tonnes
OLS,origin_destination_fe,D_BEN,2.9711961659200457,0.3161611823615893,5.575499520064511e-21,***,FE_dummy,in_sample,log_trade_tonnes
OLS,origin_destination_fe,D_BFA,0.35199068783699267,0.30933804546032745,0.2551690914836283,,FE_dummy,in_sample,log_trade_tonnes
OLS,origin_destination_fe,D_BGR,-0.8230152879351744,0.17604691810794007,2.9398660734705095e-06,***,FE_dummy,in_sample,log_trade_tonnes
OLS,origin_destination_fe,D_BHR,-0.23613211365568876,0.1702948153795041,0.16556139869448472,,FE_dummy,in_sample,log_trade_tonnes
OLS,origin_destination_fe,D_BHS,-1.148688969167076,0.4167844894166111,0.005849972846512822,***,FE_dummy,in_sample,log_trade_tonnes
OLS,origin_destination_fe,D_BIH,-1.0973095577238219,0.21518809862277574,3.409044488080227e-07,***,FE_dummy,in_sample,log_trade_tonnes
OLS,origin_destination_fe,D_BLR,-0.854611068295404,0.24735675948448346,0.0005503467533409735,***,FE_dummy,in_sample,log_trade_tonnes
OLS,origin_destination_fe,D_BLZ,-0.5849673260342605,0.30247494162524563,0.05312093730617113,*,FE_dummy,in_sample,log_trade_tonnes
OLS,origin_destination_fe,D_BMU,-2.1166656094056413,0.35936754709108937,3.862557294863878e-09,***,FE_dummy,in_sample,log_trade_tonnes
OLS,origin_destination_fe,D_BOL,-1.81615364482244,0.34862873562889246,1.89431462690355e-07,***,FE_dummy,in_sample,log_trade_tonnes
OLS,origin_destination_fe,D_BRA,2.156970505586741,0.3185075191402947,1.269105531536148e-11,***,FE_dummy,in_sample,log_trade_tonnes
OLS,origin_destination_fe,D_BRB,0.19479619757551778,0.32854048368027955,0.5532388197348213,,FE_dummy,in_sample,log_trade_tonnes
OLS,origin_destination_fe,D_BRN,1.618222139328086,0.3040090770637217,1.0210331466544687e-07,***,FE_dummy,in_sample,log_trade_tonnes
OLS,origin_destination_fe,D_BWA,-0.603753245862719,0.3523548394435036,0.08662412593291845,*,FE_dummy,in_sample,log_trade_tonnes
OLS,origin_destination_fe,D_CAF,-0.1675222639382497,0.5119117926940031,0.7434800919938105,,FE_dummy,in_sample,log_trade_tonnes
OLS,origin_destination_fe,D_CHL,-0.6453631196955923,0.2226416732989301,0.003747577837243515,***,FE_dummy,in_sample,log_trade_tonnes
OLS,origin_destination_fe,D_CHN,1.7557273296661244,0.32652013179398093,7.570037620324934e-08,***,FE_dummy,in_sample,log_trade_tonnes
OLS,origin_destination_fe,D_CIV,1.5614953873542012,0.29614872572584644,1.344510041041938e-07,***,FE_dummy,in_sample,log_trade_tonnes
OLS,origin_destination_fe,D_CMR,-0.08820754346494619,0.24798098959177528,0.7220631143230712,,FE_dummy,in_sample,log_trade_tonnes
OLS,origin_destination_fe,D_COG,2.522093882485197,0.2396402711234467,6.661461300885543e-26,***,FE_dummy,in_sample,log_trade_tonnes
OLS,origin_destination_fe,D_COL,-0.9043451269155807,0.31823539029872366,0.004486678904548594,***,FE_dummy,in_sample,log_trade_tonnes
OLS,origin_destination_fe,D_COM,2.116640677804002,0.45027360219325563,2.591596551111576e-06,***,FE_dummy,in_sample,log_trade_tonnes
OLS,origin_destination_fe,D_CPV,2.0480364839419543,0.2644424805627734,9.57826800928238e-15,***,FE_dummy,in_sample,log_trade_tonnes
OLS,origin_destination_fe,D_CRI,0.9518960871220356,0.32949254366508285,0.003864984362799356,***,FE_dummy,in_sample,log_trade_tonnes
OLS,origin_destination_fe,D_CYM,2.037920708250966,0.37153327860206575,4.130876185287569e-08,***,FE_dummy,in_sample,log_trade_tonnes
OLS,origin_destination_fe,D_CYP,3.757791440924055,0.2446679843550903,3.0954214077051815e-53,***,FE_dummy,in_sample,log_trade_tonnes
OLS,origin_destination_fe,D_CZE,-0.5120743041697274,0.17227992812029005,0.002955404186859739,***,FE_dummy,in_sample,log_trade_tonnes
OLS,origin_destination_fe,D_DEU,3.550874034640916,0.1573170875664361,8.26983110382246e-113,***,FE_dummy,in_sample,log_trade_tonnes
OLS,origin_destination_fe,D_DNK,0.6926031988625423,0.1738604064856621,6.785791570731482e-05,***,FE_dummy,in_sample,log_trade_tonnes
OLS,origin_destination_fe,D_DOM,1.5649778345887824,0.31487528044784,6.690062111871684e-07,***,FE_dummy,in_sample,log_trade_tonnes
OLS,origin_destination_fe,D_DZA,2.8804791590783223,0.2544631065384689,1.0467446367704134e-29,***,FE_dummy,in_sample,log_trade_tonnes
OLS,origin_destination_fe,D_ECU,2.824121711051302,0.3792014660280599,9.508983421755051e-14,***,FE_dummy,in_sample,log_trade_tonnes
OLS,origin_destination_fe,D_EGY,2.654802529060553,0.25477056296760475,2.0018121728374267e-25,***,FE_dummy,in_sample,log_trade_tonnes
OLS,origin_destination_fe,D_ESP,3.603668294780439,0.19380400777777518,3.567140171843131e-77,***,FE_dummy,in_sample,log_trade_tonnes
OLS,origin_destination_fe,D_EST,-1.1504806081449108,0.15577720171026913,1.5196887975029582e-13,***,FE_dummy,in_sample,log_trade_tonnes
OLS,origin_destination_fe,D_ETH,0.19831429357210154,0.24560311201263813,0.41940243776812836,,FE_dummy,in_sample,log_trade_tonnes
OLS,origin_destination_fe,D_FIN,0.3477163839349454,0.20997437034949162,0.09772295048589427,*,FE_dummy,in_sample,log_trade_tonnes
OLS,origin_destination_fe,D_FJI,0.3268004427407971,0.3679081216859968,0.37439743976587714,,FE_dummy,in_sample,log_trade_tonnes
OLS,origin_destination_fe,D_FRA,1.270462969456344,0.161477540415878,3.611110452403204e-15,***,FE_dummy,in_sample,log_trade_tonnes
OLS,origin_destination_fe,D_GBR,1.3532453109942402,0.16275036807038015,9.186642474304061e-17,***,FE_dummy,in_sample,log_trade_tonnes
OLS,origin_destination_fe,D_GEO,-0.7860428391656727,0.23358515920614914,0.0007650948747577151,***,FE_dummy,in_sample,log_trade_tonnes
OLS,origin_destination_fe,D_GHA,0.4211772283127558,0.17555566918164303,0.016435010761000835,**,FE_dummy,in_sample,log_trade_tonnes
OLS,origin_destination_fe,D_GIN,1.3651072481078548,0.37682823153600825,0.000291628827228428,***,FE_dummy,in_sample,log_trade_tonnes
OLS,origin_destination_fe,D_GMB,3.2145664920551877,0.2577351120765806,1.0564286570181118e-35,***,FE_dummy,in_sample,log_trade_tonnes
OLS,origin_destination_fe,D_GRC,2.042901776455581,0.1909266719811021,1.0185656530485424e-26,***,FE_dummy,in_sample,log_trade_tonnes
OLS,origin_destination_fe,D_GRD,-0.994123487440609,0.3428198876553427,0.0037335087691678856,***,FE_dummy,in_sample,log_trade_tonnes
OLS,origin_destination_fe,D_GRL,0.1852775582257766,0.3096828011393736,0.5496519732807628,,FE_dummy,in_sample,log_trade_tonnes
OLS,origin_destination_fe,D_GTM,0.19725103950481895,0.3259708805276223,0.5451002032526505,,FE_dummy,in_sample,log_trade_tonnes
OLS,origin_destination_fe,D_GUY,-0.27853948728439715,0.40212644085263854,0.488518909216227,,FE_dummy,in_sample,log_trade_tonnes
OLS,origin_destination_fe,D_HKG,1.9998237976928868,0.2623721896260444,2.4960565573284128e-14,***,FE_dummy,in_sample,log_trade_tonnes
OLS,origin_destination_fe,D_HND,-0.951149360842275,0.339018273902828,0.005022313660281448,***,FE_dummy,in_sample,log_trade_tonnes
OLS,origin_destination_fe,D_HRV,-0.6114254649294883,0.21686666984803693,0.004811934346312352,***,FE_dummy,in_sample,log_trade_tonnes
OLS,origin_destination_fe,D_HUN,-0.7725447605228783,0.15365030222536682,4.957725650258329e-07,***,FE_dummy,in_sample,log_trade_tonnes
OLS,origin_destination_fe,D_IDN,2.565052049132775,0.31556107614021983,4.3447790462087537e-16,***,FE_dummy,in_sample,log_trade_tonnes
OLS,origin_destination_fe,D_IND,0.7139508868109382,0.3056849892206403,0.01951328878272856,**,FE_dummy,in_sample,log_trade_tonnes
OLS,origin_destination_fe,D_IRL,1.5692243894034226,0.20664773546956033,3.1085729651646763e-14,***,FE_dummy,in_sample,log_trade_tonnes
OLS,origin_destination_fe,D_IRN,2.807986726387854,0.2894309625674046,2.9637219703750386e-22,***,FE_dummy,in_sample,log_trade_tonnes
OLS,origin_destination_fe,D_ISL,0.6864531382150024,0.21541508572057813,0.0014392931861789227,***,FE_dummy,in_sample,log_trade_tonnes
OLS,origin_destination_fe,D_ISR,3.3407105960401524,0.1863854987028608,7.708341807269114e-72,***,FE_dummy,in_sample,log_trade_tonnes
OLS,origin_destination_fe,D_ITA,2.4136598440565322,0.1583119140478128,1.7441734615222504e-52,***,FE_dummy,in_sample,log_trade_tonnes
OLS,origin_destination_fe,D_JAM,1.6967767816026358,0.3165268176027877,8.294146528638697e-08,***,FE_dummy,in_sample,log_trade_tonnes
OLS,origin_destination_fe,D_JOR,0.9730318527666459,0.22198645094839825,1.1689824713393298e-05,***,FE_dummy,in_sample,log_trade_tonnes
OLS,origin_destination_fe,D_JPN,4.592800290290338,0.19939661345886697,2.1532180834436007e-117,***,FE_dummy,in_sample,log_trade_tonnes
OLS,origin_destination_fe,D_KAZ,-1.0726994916698513,0.2363964475967812,5.686728653402458e-06,***,FE_dummy,in_sample,log_trade_tonnes
OLS,origin_destination_fe,D_KEN,1.665344776086007,0.2630303148072943,2.4297869473672764e-10,***,FE_dummy,in_sample,log_trade_tonnes
OLS,origin_destination_fe,D_KGZ,-1.317433218310072,0.5158137498499039,0.010646663558864117,**,FE_dummy,in_sample,log_trade_tonnes
OLS,origin_destination_fe,D_KHM,0.10523425754355703,0.33513563471268104,0.7535172580952804,,FE_dummy,in_sample,log_trade_tonnes
OLS,origin_destination_fe,D_KIR,0.715808857119947,0.6266002834004039,0.253300593037709,,FE_dummy,in_sample,log_trade_tonnes
OLS,origin_destination_fe,D_KNA,-3.3576486037211426,0.34586619559265475,2.78914402934307e-22,***,FE_dummy,in_sample,log_trade_tonnes
OLS,origin_destination_fe,D_KOR,2.467357422169701,0.2778814043362026,6.735849296139963e-19,***,FE_dummy,in_sample,log_trade_tonnes
OLS,origin_destination_fe,D_KWT,1.173160075956736,0.2055631753591468,1.1494853995805158e-08,***,FE_dummy,in_sample,log_trade_tonnes
OLS,origin_destination_fe,D_LAO,2.1817560313613034,0.5248289623717891,3.2234100756340096e-05,***,FE_dummy,in_sample,log_trade_tonnes
OLS,origin_destination_fe,D_LBN,1.197420696700811,0.24931270667479163,1.5639434597815452e-06,***,FE_dummy,in_sample,log_trade_tonnes
OLS,origin_destination_fe,D_LBY,3.437731412105365,0.25675543030061493,6.999738999817852e-41,***,FE_dummy,in_sample,log_trade_tonnes
OLS,origin_destination_fe,D_LCA,-2.723122066710394,0.3692360360246273,1.643240024491537e-13,***,FE_dummy,in_sample,log_trade_tonnes
OLS,origin_destination_fe,D_LKA,1.6631496705691173,0.2612700384914633,1.94483577062755e-10,***,FE_dummy,in_sample,log_trade_tonnes
OLS,origin_destination_fe,D_LSO,2.431513525474198,0.5500690282640132,9.852798953524887e-06,***,FE_dummy,in_sample,log_trade_tonnes
OLS,origin_destination_fe,D_LTU,-0.39423360079803776,0.171921770657585,0.021842319203830153,**,FE_dummy,in_sample,log_trade_tonnes
OLS,origin_destination_fe,D_LUX,-0.345114999314091,0.22008383980969937,0.11685617429456106,,FE_dummy,in_sample,log_trade_tonnes
OLS,origin_destination_fe,D_LVA,-1.3069526245973015,0.1632684733469806,1.1953509959048777e-15,***,FE_dummy,in_sample,log_trade_tonnes
OLS,origin_destination_fe,D_MAC,0.8324212660026461,0.2845178419228795,0.0034365339254058443,***,FE_dummy,in_sample,log_trade_tonnes
OLS,origin_destination_fe,D_MAR,1.2759260605412408,0.2271916024216504,1.9533901358170413e-08,***,FE_dummy,in_sample,log_trade_tonnes
OLS,origin_destination_fe,D_MDG,2.3561745194140475,0.33895998780785597,3.6222337558779363e-12,***,FE_dummy,in_sample,log_trade_tonnes
OLS,origin_destination_fe,D_MDV,-0.7042545156888902,0.18804176393488453,0.00018024820919209977,***,FE_dummy,in_sample,log_trade_tonnes
OLS,origin_destination_fe,D_MKD,-1.4972831419637571,0.23808898680977267,3.2002348100495345e-10,***,FE_dummy,in_sample,log_trade_tonnes
OLS,origin_destination_fe,D_MLI,-0.09634039358803537,0.22261453522175312,0.6651834979852506,,FE_dummy,in_sample,log_trade_tonnes
OLS,origin_destination_fe,D_MLT,1.8821739967285172,0.24795856811772904,3.182324320631456e-14,***,FE_dummy,in_sample,log_trade_tonnes
OLS,origin_destination_fe,D_MMR,2.491127459905541,0.34539142029612946,5.49433645419653e-13,***,FE_dummy,in_sample,log_trade_tonnes
OLS,origin_destination_fe,D_MNE,-2.1408871964158633,0.2161906573788187,4.0488625386614496e-23,***,FE_dummy,in_sample,log_trade_tonnes
OLS,origin_destination_fe,D_MNG,-0.6247855242768774,0.2718789711658745,0.021560188033441393,**,FE_dummy,in_sample,log_trade_tonnes
OLS,origin_destination_fe,D_MOZ,1.2815190532745038,0.2691127150981451,1.916684880741656e-06,***,FE_dummy,in_sample,log_trade_tonnes
OLS,origin_destination_fe,D_MRT,2.5590887146747385,0.2977139508462358,8.268879545784563e-18,***,FE_dummy,in_sample,log_trade_tonnes
OLS,origin_destination_fe,D_MSR,-2.77588959467862,0.6016937103398536,3.9602136197416715e-06,***,FE_dummy,in_sample,log_trade_tonnes
OLS,origin_destination_fe,D_MUS,0.6907178951281219,0.2937588422926231,0.018707476610136997,**,FE_dummy,in_sample,log_trade_tonnes
OLS,origin_destination_fe,D_MWI,-2.12645411041028,0.27470745695622983,9.87970823611216e-15,***,FE_dummy,in_sample,log_trade_tonnes
OLS,origin_destination_fe,D_MYS,-1.2575995841578953,0.1902483505065689,3.8352953519791425e-11,***,FE_dummy,in_sample,log_trade_tonnes
OLS,origin_destination_fe,D_NAM,0.9632528093660616,0.23369612438882317,3.758947059803331e-05,***,FE_dummy,in_sample,log_trade_tonnes
OLS,origin_destination_fe,D_NER,1.2738615215770308,0.27363428016715463,3.234412730580676e-06,***,FE_dummy,in_sample,log_trade_tonnes
OLS,origin_destination_fe,D_NGA,2.4448824415931916,0.22467933839025975,1.4098391910663511e-27,***,FE_dummy,in_sample,log_trade_tonnes
OLS,origin_destination_fe,D_NIC,0.7740924580140821,0.37708141333524037,0.04008690148498659,**,FE_dummy,in_sample,log_trade_tonnes
OLS,origin_destination_fe,D_NLD,1.58857656397969,0.1505231782966971,4.883492970408769e-26,***,FE_dummy,in_sample,log_trade_tonnes
OLS,origin_destination_fe,D_NOR,0.11311965643007087,0.17427325601967358,0.5162778735225113,,FE_dummy,in_sample,log_trade_tonnes
OLS,origin_destination_fe,D_NPL,0.5820169308826623,0.39064860735043055,0.13625755243162452,,FE_dummy,in_sample,log_trade_tonnes
OLS,origin_destination_fe,D_NZL,1.5237945697915298,0.209259136341076,3.292622576235248e-13,***,FE_dummy,in_sample,log_trade_tonnes
OLS,origin_destination_fe,D_OMN,1.3896565602800617,0.21982007199432171,2.585488663054389e-10,***,FE_dummy,in_sample,log_trade_tonnes
OLS,origin_destination_fe,D_PAK,1.3794844648652214,0.24947639961607765,3.211102194835887e-08,***,FE_dummy,in_sample,log_trade_tonnes
OLS,origin_destination_fe,D_PAN,1.747759852344293,0.2579559081571385,1.2404459233983091e-11,***,FE_dummy,in_sample,log_trade_tonnes
OLS,origin_destination_fe,D_PER,2.8622711487450885,0.3373196603157103,2.1509359833870745e-17,***,FE_dummy,in_sample,log_trade_tonnes
OLS,origin_destination_fe,D_PHL,4.194993809943349,0.222062329141741,1.3509363146461548e-79,***,FE_dummy,in_sample,log_trade_tonnes
OLS,origin_destination_fe,D_PLW,-0.17310190605026443,0.3888843463097505,0.6562298663722262,,FE_dummy,in_sample,log_trade_tonnes
OLS,origin_destination_fe,D_POL,0.898556877053269,0.16660191033199698,6.912263842018865e-08,***,FE_dummy,in_sample,log_trade_tonnes
OLS,origin_destination_fe,D_PRT,3.3236328452275776,0.21301782481229534,6.988408656430318e-55,***,FE_dummy,in_sample,log_trade_tonnes
OLS,origin_destination_fe,D_PRY,-2.8808804577667657,0.360772981066425,1.4018105613427262e-15,***,FE_dummy,in_sample,log_trade_tonnes
OLS,origin_destination_fe,D_PSE,3.01662291300189,0.5099175515339974,3.3005914374930938e-09,***,FE_dummy,in_sample,log_trade_tonnes
OLS,origin_destination_fe,D_PYF,-0.16337508119535718,0.28264406696023914,0.563247851378989,,FE_dummy,in_sample,log_trade_tonnes
OLS,origin_destination_fe,D_QAT,3.0052623693253038,0.20314099929712096,1.6021208361656392e-49,***,FE_dummy,in_sample,log_trade_tonnes
OLS,origin_destination_fe,D_ROU,0.8121323043446517,0.17431012556110434,3.175595133130994e-06,***,FE_dummy,in_sample,log_trade_tonnes
OLS,origin_destination_fe,D_RUS,0.3255627110887044,0.19091465987131348,0.08814245026927733,*,FE_dummy,in_sample,log_trade_tonnes
OLS,origin_destination_fe,D_RWA,0.5491632907281918,0.28059833434053244,0.05033391506349262,*,FE_dummy,in_sample,log_trade_tonnes
OLS,origin_destination_fe,D_SAU,3.4346781523742136,0.21631949948334364,9.028740397714315e-57,***,FE_dummy,in_sample,log_trade_tonnes
OLS,origin_destination_fe,D_SDN,2.075479819288558,0.26678482559806316,7.275294503720733e-15,***,FE_dummy,in_sample,log_trade_tonnes
OLS,origin_destination_fe,D_SEN,2.0479606507622274,0.2681552938199865,2.2196412353488772e-14,***,FE_dummy,in_sample,log_trade_tonnes
OLS,origin_destination_fe,D_SGP,0.27358215631270766,0.21386174294448662,0.20080982107994394,,FE_dummy,in_sample,log_trade_tonnes
OLS,origin_destination_fe,D_SLB,0.7112794075066958,0.3123519702964224,0.02277590935725928,**,FE_dummy,in_sample,log_trade_tonnes
OLS,origin_destination_fe,D_SLE,1.0936270465031446,0.22779505312301648,1.5793413389573866e-06,***,FE_dummy,in_sample,log_trade_tonnes
OLS,origin_destination_fe,D_SLV,0.18760065480140933,0.3660056249501385,0.6082575879922477,,FE_dummy,in_sample,log_trade_tonnes
OLS,origin_destination_fe,D_SRB,-1.1510159919443168,0.23857213517106998,1.4028195717680053e-06,***,FE_dummy,in_sample,log_trade_tonnes
OLS,origin_destination_fe,D_STP,0.16508139015263074,0.3698588297378283,0.6553544001648751,,FE_dummy,in_sample,log_trade_tonnes
OLS,origin_destination_fe,D_SUR,2.333516916890569,0.3916238717316734,2.5445996468470352e-09,***,FE_dummy,in_sample,log_trade_tonnes
OLS,origin_destination_fe,D_SVK,-0.19880015180253904,0.47207541858238317,0.6736678422102287,,FE_dummy,in_sample,log_trade_tonnes
OLS,origin_destination_fe,D_SVN,-1.6153036978377535,0.1409076884350794,2.0107700084067563e-30,***,FE_dummy,in_sample,log_trade_tonnes
OLS,origin_destination_fe,D_SWE,-0.14874164772068937,0.14529674002239584,0.3059725243387579,,FE_dummy,in_sample,log_trade_tonnes
OLS,origin_destination_fe,D_SWZ,0.07271350620716173,0.3288602540394697,0.8250086416309717,,FE_dummy,in_sample,log_trade_tonnes
OLS,origin_destination_fe,D_SYC,-0.6456998680592629,0.2432341796932724,0.007939242414365074,***,FE_dummy,in_sample,log_trade_tonnes
OLS,origin_destination_fe,D_TGO,3.6466007928726314,0.32719996260194495,7.585564762142414e-29,***,FE_dummy,in_sample,log_trade_tonnes
OLS,origin_destination_fe,D_THA,2.0158814580767817,0.2526136810411809,1.4621937008113868e-15,***,FE_dummy,in_sample,log_trade_tonnes
OLS,origin_destination_fe,D_TJK,-1.3912890190650506,0.35696728887676604,9.71806955875591e-05,***,FE_dummy,in_sample,log_trade_tonnes
OLS,origin_destination_fe,D_TLS,1.8185707985718615,0.4415779620095815,3.816015821835149e-05,***,FE_dummy,in_sample,log_trade_tonnes
OLS,origin_destination_fe,D_TTO,0.8179870899564234,0.2784572319278276,0.0033079747951118175,***,FE_dummy,in_sample,log_trade_tonnes
OLS,origin_destination_fe,D_TUN,2.7305806880871755,0.25225580265112485,2.6308332007643216e-27,***,FE_dummy,in_sample,log_trade_tonnes
OLS,origin_destination_fe,D_TUR,3.8795276600276565,0.20249783132005356,8.241957420952201e-82,***,FE_dummy,in_sample,log_trade_tonnes
OLS,origin_destination_fe,D_UGA,0.49778897826785967,0.2325811605482941,0.032332085573979014,**,FE_dummy,in_sample,log_trade_tonnes
OLS,origin_destination_fe,D_UKR,-1.1103700375588308,0.19243850629918363,7.92718840184534e-09,***,FE_dummy,in_sample,log_trade_tonnes
OLS,origin_destination_fe,D_URY,-2.102220374670819,0.29714136808181063,1.496476612369504e-12,***,FE_dummy,in_sample,log_trade_tonnes
OLS,origin_destination_fe,D_USA,3.3977313880591686,0.18893703013567312,2.62837367112664e-72,***,FE_dummy,in_sample,log_trade_tonnes
OLS,origin_destination_fe,D_UZB,-0.954516163651877,0.27873414408646474,0.0006160043312602135,***,FE_dummy,in_sample,log_trade_tonnes
OLS,origin_destination_fe,D_VCT,-1.6773158032743005,0.3034805653159292,3.258831385505947e-08,***,FE_dummy,in_sample,log_trade_tonnes
OLS,origin_destination_fe,D_VNM,3.4313266069230264,0.22703982417523588,1.3229275294497807e-51,***,FE_dummy,in_sample,log_trade_tonnes
OLS,origin_destination_fe,D_WSM,1.4121005928377455,0.478530245690817,0.003168372830563442,***,FE_dummy,in_sample,log_trade_tonnes
OLS,origin_destination_fe,D_YEM,0.9337498364053246,0.3230212799153468,0.0038441430825058858,***,FE_dummy,in_sample,log_trade_tonnes
OLS,origin_destination_fe,D_ZMB,-1.2300417768949203,0.2782509059175488,9.84176919663286e-06,***,FE_dummy,in_sample,log_trade_tonnes
OLS,origin_destination_fe,D_ZWE,1.3822895089140477,0.3238912895456796,1.9744771635625597e-05,***,FE_dummy,in_sample,log_trade_tonnes
PPML,pooled,const,-6.283245323534513,1.3009247674313538,1.3664974427692588e-06,***,structural,in_sample,trade_tonnes_level
PPML,pooled,Log_Origin_GDP,0.014930669418775074,0.006371797340589366,0.0191169283930881,**,structural,in_sample,trade_tonnes_level
PPML,pooled,Log_Destination_GDP,0.26910713840221107,0.04199234312878012,1.469764694757984e-10,***,structural,in_sample,trade_tonnes_level
PPML,pooled,Log_Distance,0.20217616245829895,0.07822632291898603,0.009751946988544292,***,structural,in_sample,trade_tonnes_level
PPML,pooled,cepii_contig,0.3740094917544353,0.1873829993504719,0.04593797460615671,**,structural,in_sample,trade_tonnes_level
PPML,pooled,cepii_comlang_ethno,-0.3147169162142924,0.10539374641188272,0.0028255452781285207,***,structural,in_sample,trade_tonnes_level
PPML,pooled,cepii_wto_o,0.4232669585714391,0.2405224872702134,0.07844490670907628,*,structural,in_sample,trade_tonnes_level
PPML,pooled,cepii_wto_d,-0.3714072864043619,0.19491143427991386,0.05671274327317183,*,structural,in_sample,trade_tonnes_level
PPML,pooled,cepii_fta_wto,0.3590010602675695,0.11021301221369106,0.0011246233277168508,***,structural,in_sample,trade_tonnes_level
PPML,pooled,Log_cost_per_ton_seamodes,0.05782642553603581,0.002643189897203209,4.25403664019983e-106,***,structural,in_sample,trade_tonnes_level
PPML,pooled,lsbci,1.4304187457732638,0.49716871849985256,0.004013109692430486,***,structural,in_sample,trade_tonnes_level
PPML,pooled,Log_origin_production_qty,0.6508764920854604,0.03531582254430342,7.525101672141182e-76,***,structural,in_sample,trade_tonnes_level
PPML,pooled,Log_destination_production_qty,0.000541098908622594,0.009476578891454826,0.9544666918967928,,structural,in_sample,trade_tonnes_level
PPML,pooled,Log_Origin_Daily_Calorific_Food,-0.057532910157711586,0.00435164993515516,6.6427029116782365e-40,***,structural,in_sample,trade_tonnes_level
PPML,pooled,Log_Destination_Daily_Calorific_Food,0.06817689145977289,0.008449944850352229,7.126980576325649e-16,***,structural,in_sample,trade_tonnes_level
PPML,product_fe,Intercept,-6.141142070071961,1.2172943834168357,4.53732040347897e-07,***,structural,in_sample,trade_tonnes_level
PPML,product_fe,"C(product_label)[T.Buckwheat, millet and canary seeds; other cereals]",-1.121653560644775,0.21750009518710592,2.50903499913483e-07,***,FE_dummy,in_sample,trade_tonnes_level
PPML,product_fe,C(product_label)[T.Grain sorghum],-0.2728996321569407,0.44643041646528786,0.5410058562462876,,FE_dummy,in_sample,trade_tonnes_level
PPML,product_fe,C(product_label)[T.Maize (corn)],-0.10356429079791,0.11422394389796116,0.3645773146430469,,FE_dummy,in_sample,trade_tonnes_level
PPML,product_fe,C(product_label)[T.Oats],-1.1312337692442516,0.17699793631681027,1.6456121137913457e-10,***,FE_dummy,in_sample,trade_tonnes_level
PPML,product_fe,C(product_label)[T.Rice],-1.7143479188672759,0.15800480984896,1.994842923915511e-27,***,FE_dummy,in_sample,trade_tonnes_level
PPML,product_fe,C(product_label)[T.Rye],-0.347584090786574,0.24848470831311573,0.161868523090276,,FE_dummy,in_sample,trade_tonnes_level
PPML,product_fe,C(product_label)[T.Wheat and meslin],-0.2037376796650178,0.14434898249753772,0.15811950509858186,,FE_dummy,in_sample,trade_tonnes_level
PPML,product_fe,Log_Origin_GDP,-0.005817739676038608,0.006290341319109674,0.35503421974078486,,structural,in_sample,trade_tonnes_level
PPML,product_fe,Log_Destination_GDP,0.26166281292160737,0.04208553650919885,5.054449131494724e-10,***,structural,in_sample,trade_tonnes_level
PPML,product_fe,Log_Distance,0.2803754325621634,0.07676402930404794,0.0002597679294735861,***,structural,in_sample,trade_tonnes_level
PPML,product_fe,cepii_contig,0.5328060469199091,0.19269411353891544,0.005691661727307502,***,structural,in_sample,trade_tonnes_level
PPML,product_fe,cepii_comlang_ethno,-0.4292469715073315,0.10643562855995925,5.5086723457251775e-05,***,structural,in_sample,trade_tonnes_level
PPML,product_fe,cepii_wto_o,0.5604963814443815,0.235645028581606,0.017380299645272938,**,structural,in_sample,trade_tonnes_level
PPML,product_fe,cepii_wto_d,-0.33585088173784045,0.19456019867394128,0.08431045197479262,*,structural,in_sample,trade_tonnes_level
PPML,product_fe,cepii_fta_wto,0.34230882196055,0.1070989684128287,0.0013925461132408333,***,structural,in_sample,trade_tonnes_level
PPML,product_fe,Log_cost_per_ton_seamodes,0.06851803608004786,0.004094021484296985,7.149911539210299e-63,***,structural,in_sample,trade_tonnes_level
PPML,product_fe,lsbci,1.5171421503686144,0.5112478805940677,0.0030020541610416424,***,structural,in_sample,trade_tonnes_level
PPML,product_fe,Log_origin_production_qty,0.6189260371669522,0.03705600747426394,1.257960604605015e-62,***,structural,in_sample,trade_tonnes_level
PPML,product_fe,Log_destination_production_qty,-0.019099195727908524,0.00936234526200887,0.041350204524874416,**,structural,in_sample,trade_tonnes_level
PPML,product_fe,Log_Origin_Daily_Calorific_Food,-0.041712572959999916,0.004982524548329661,5.675688139382123e-17,***,structural,in_sample,trade_tonnes_level
PPML,product_fe,Log_Destination_Daily_Calorific_Food,0.08000699464660893,0.011197441067285565,8.992113099874732e-13,***,structural,in_sample,trade_tonnes_level
PPML,origin_destination_fe,Intercept,7.556117348887609,7.738205552116539,0.3288321340564456,,structural,in_sample,trade_tonnes_level
PPML,origin_destination_fe,C(origin_isocode)[T.AGO],-3.1204841782426773,1.1380217051658885,0.006106165934590167,***,FE_dummy,in_sample,trade_tonnes_level
PPML,origin_destination_fe,C(origin_isocode)[T.ALB],-0.8776635779815264,1.1771117948205747,0.4559044506591936,,FE_dummy,in_sample,trade_tonnes_level
PPML,origin_destination_fe,C(origin_isocode)[T.ARE],3.6769612513882604,1.4400878756386015,0.0106710759527466,**,FE_dummy,in_sample,trade_tonnes_level
PPML,origin_destination_fe,C(origin_isocode)[T.ARG],3.5667282521687413,1.4613965327225071,0.014661666957727615,**,FE_dummy,in_sample,trade_tonnes_level
PPML,origin_destination_fe,C(origin_isocode)[T.ARM],0.7351026599629091,1.2362825143298612,0.5521059711263775,,FE_dummy,in_sample,trade_tonnes_level
PPML,origin_destination_fe,C(origin_isocode)[T.ATG],17.426519585301047,1.50627556384757,5.897739473537353e-31,***,FE_dummy,in_sample,trade_tonnes_level
PPML,origin_destination_fe,C(origin_isocode)[T.AUS],2.5937837464727322,1.7316896238630786,0.13417636219755844,,FE_dummy,in_sample,trade_tonnes_level
PPML,origin_destination_fe,C(origin_isocode)[T.AUT],0.4016713985352483,1.3841462688066253,0.7716675739904233,,FE_dummy,in_sample,trade_tonnes_level
PPML,origin_destination_fe,C(origin_isocode)[T.AZE],-0.6211619800712265,1.2133637961501103,0.6086973178996424,,FE_dummy,in_sample,trade_tonnes_level
PPML,origin_destination_fe,C(origin_isocode)[T.BDI],-2.863831432062931,1.243764250409572,0.02130408197007193,**,FE_dummy,in_sample,trade_tonnes_level
PPML,origin_destination_fe,C(origin_isocode)[T.BEL],0.33588077846321285,1.5235657857396538,0.8255152391526068,,FE_dummy,in_sample,trade_tonnes_level
PPML,origin_destination_fe,C(origin_isocode)[T.BEN],-1.4898082767842764,1.054418334077701,0.15767938046851182,,FE_dummy,in_sample,trade_tonnes_level
PPML,origin_destination_fe,C(origin_isocode)[T.BFA],-2.2304618813095645,0.949388729215278,0.018805396700300393,**,FE_dummy,in_sample,trade_tonnes_level
PPML,origin_destination_fe,C(origin_isocode)[T.BGD],-3.595763758814962,1.3527549993145607,0.00785815904790506,***,FE_dummy,in_sample,trade_tonnes_level
PPML,origin_destination_fe,C(origin_isocode)[T.BGR],1.8619356179918505,0.986430515760989,0.05908656525362259,*,FE_dummy,in_sample,trade_tonnes_level
PPML,origin_destination_fe,C(origin_isocode)[T.BHR],8.268174442332118,1.737978834445293,1.961504430545032e-06,***,FE_dummy,in_sample,trade_tonnes_level
PPML,origin_destination_fe,C(origin_isocode)[T.BIH],-0.2761928474568159,1.1507170894255367,0.8103162801458781,,FE_dummy,in_sample,trade_tonnes_level
PPML,origin_destination_fe,C(origin_isocode)[T.BLR],1.3679450587203998,1.2246915084456096,0.2640066691303343,,FE_dummy,in_sample,trade_tonnes_level
PPML,origin_destination_fe,C(origin_isocode)[T.BLZ],1.547652970917781,1.1261334661012905,0.16934643113656478,,FE_dummy,in_sample,trade_tonnes_level
PPML,origin_destination_fe,C(origin_isocode)[T.BOL],-1.0036775123743862,0.972121655986933,0.30185629751131005,,FE_dummy,in_sample,trade_tonnes_level
PPML,origin_destination_fe,C(origin_isocode)[T.BRA],3.2462921999168817,1.8064818910183564,0.07233173185698043,*,FE_dummy,in_sample,trade_tonnes_level
PPML,origin_destination_fe,C(origin_isocode)[T.BRB],12.954291980248692,1.4336469010790618,1.6265633820567269e-19,***,FE_dummy,in_sample,trade_tonnes_level
PPML,origin_destination_fe,C(origin_isocode)[T.BTN],-1.6237689814211111,1.3600112989701303,0.23250227590153327,,FE_dummy,in_sample,trade_tonnes_level
PPML,origin_destination_fe,C(origin_isocode)[T.BWA],-1.4007887217366173,1.359101899139263,0.30269450442344026,,FE_dummy,in_sample,trade_tonnes_level
PPML,origin_destination_fe,C(origin_isocode)[T.CAF],5.62569952440408,1.8147481367972136,0.0019352773523464933,***,FE_dummy,in_sample,trade_tonnes_level
PPML,origin_destination_fe,C(origin_isocode)[T.CAN],2.6078503892853595,1.7874668678770993,0.14457492740855432,,FE_dummy,in_sample,trade_tonnes_level
PPML,origin_destination_fe,C(origin_isocode)[T.CHL],-0.001666968450933263,1.3141616910958913,0.9989879114246889,,FE_dummy,in_sample,trade_tonnes_level
PPML,origin_destination_fe,C(origin_isocode)[T.CHN],-2.07887718832583,2.5168582174445313,0.4088148426429412,,FE_dummy,in_sample,trade_tonnes_level
PPML,origin_destination_fe,C(origin_isocode)[T.CIV],-0.8531225654607335,0.9440929713600372,0.36618497947613216,,FE_dummy,in_sample,trade_tonnes_level
PPML,origin_destination_fe,C(origin_isocode)[T.CMR],-2.4206142836306177,1.2611228229170697,0.05493221307452332,*,FE_dummy,in_sample,trade_tonnes_level
PPML,origin_destination_fe,C(origin_isocode)[T.COL],-3.630197941596509,1.3667881111736573,0.007907211870688829,***,FE_dummy,in_sample,trade_tonnes_level
PPML,origin_destination_fe,C(origin_isocode)[T.COM],0.5690401591815089,1.4227754063386435,0.6891927563693017,,FE_dummy,in_sample,trade_tonnes_level
PPML,origin_destination_fe,C(origin_isocode)[T.CRI],2.279431812102401,1.0702491888365144,0.033186964196896124,**,FE_dummy,in_sample,trade_tonnes_level
PPML,origin_destination_fe,C(origin_isocode)[T.CUB],-0.4201809262765847,1.1019434481687458,0.7029739950527698,,FE_dummy,in_sample,trade_tonnes_level
PPML,origin_destination_fe,C(origin_isocode)[T.CYP],2.8052967884395454,0.913823211993472,0.0021416897059842012,***,FE_dummy,in_sample,trade_tonnes_level
PPML,origin_destination_fe,C(origin_isocode)[T.CZE],0.3804168560415426,1.2041826661858057,0.7520686089572926,,FE_dummy,in_sample,trade_tonnes_level
PPML,origin_destination_fe,C(origin_isocode)[T.DEU],0.5826797310271444,2.060434474421883,0.7773342984804825,,FE_dummy,in_sample,trade_tonnes_level
PPML,origin_destination_fe,C(origin_isocode)[T.DJI],14.547330445272006,1.3386024153811238,1.6455817047287408e-27,***,FE_dummy,in_sample,trade_tonnes_level
PPML,origin_destination_fe,C(origin_isocode)[T.DNK],1.2630417186631921,1.3674817365618925,0.3556810598507394,,FE_dummy,in_sample,trade_tonnes_level
PPML,origin_destination_fe,C(origin_isocode)[T.DOM],-2.9347945408450142,1.2584905525027943,0.01970091804339757,**,FE_dummy,in_sample,trade_tonnes_level
PPML,origin_destination_fe,C(origin_isocode)[T.DZA],-2.263790010471392,1.6616176490626922,0.17307128029734153,,FE_dummy,in_sample,trade_tonnes_level
PPML,origin_destination_fe,C(origin_isocode)[T.ECU],-2.0178442423803093,1.1599435639787745,0.08192830695930307,*,FE_dummy,in_sample,trade_tonnes_level
PPML,origin_destination_fe,C(origin_isocode)[T.EGY],-3.249261588566198,1.3870529579393605,0.019151702247964145,**,FE_dummy,in_sample,trade_tonnes_level
PPML,origin_destination_fe,C(origin_isocode)[T.ESP],-0.6474920921966285,1.748362588918358,0.711127685907919,,FE_dummy,in_sample,trade_tonnes_level
PPML,origin_destination_fe,C(origin_isocode)[T.EST],1.280331320116091,0.8883008154834351,0.149492522974349,,FE_dummy,in_sample,trade_tonnes_level
PPML,origin_destination_fe,C(origin_isocode)[T.ETH],-2.610494398379276,1.2308162842459327,0.03392637955587571,**,FE_dummy,in_sample,trade_tonnes_level
PPML,origin_destination_fe,C(origin_isocode)[T.FIN],1.9242524580048017,1.2700752224148653,0.12975475959882762,,FE_dummy,in_sample,trade_tonnes_level
PPML,origin_destination_fe,C(origin_isocode)[T.FJI],3.2102336759999015,1.1097665883144547,0.0038193292153423076,***,FE_dummy,in_sample,trade_tonnes_level
PPML,origin_destination_fe,C(origin_isocode)[T.FRA],0.7570270635323282,1.949478890035838,0.6977771808619724,,FE_dummy,in_sample,trade_tonnes_level
PPML,origin_destination_fe,C(origin_isocode)[T.GAB],-1.0649090925534856,1.146766001901094,0.3530863932909408,,FE_dummy,in_sample,trade_tonnes_level
PPML,origin_destination_fe,C(origin_isocode)[T.GBR],0.9243765697129802,1.9818743892946695,0.6409182504993773,,FE_dummy,in_sample,trade_tonnes_level
PPML,origin_destination_fe,C(origin_isocode)[T.GEO],-0.14640011350755283,0.9634354717889468,0.8792213832618301,,FE_dummy,in_sample,trade_tonnes_level
PPML,origin_destination_fe,C(origin_isocode)[T.GHA],-2.9520092916493366,1.1107550477544543,0.00786852237977944,***,FE_dummy,in_sample,trade_tonnes_level
PPML,origin_destination_fe,C(origin_isocode)[T.GIN],-5.721634369159835,0.9783789692788906,4.972919607240648e-09,***,FE_dummy,in_sample,trade_tonnes_level
PPML,origin_destination_fe,C(origin_isocode)[T.GMB],-3.025740636522693,1.4735844133159217,0.04004153339725993,**,FE_dummy,in_sample,trade_tonnes_level
PPML,origin_destination_fe,C(origin_isocode)[T.GNB],-6.48524468727656,1.3666399682034343,2.0810118363325932e-06,***,FE_dummy,in_sample,trade_tonnes_level
PPML,origin_destination_fe,C(origin_isocode)[T.GRC],0.2699313799215965,1.2361892522569533,0.8271504598571887,,FE_dummy,in_sample,trade_tonnes_level
PPML,origin_destination_fe,C(origin_isocode)[T.GRD],12.660409740921315,1.571159579392685,7.755045729214363e-16,***,FE_dummy,in_sample,trade_tonnes_level
PPML,origin_destination_fe,C(origin_isocode)[T.GTM],-2.9634114167442673,1.112929190957456,0.007751341351350524,***,FE_dummy,in_sample,trade_tonnes_level
PPML,origin_destination_fe,C(origin_isocode)[T.GUY],2.7229895273628717,0.9370229556196212,0.003660804272853947,***,FE_dummy,in_sample,trade_tonnes_level
PPML,origin_destination_fe,C(origin_isocode)[T.HND],-0.7335839157025668,1.1927808116559633,0.5385415894357259,,FE_dummy,in_sample,trade_tonnes_level
PPML,origin_destination_fe,C(origin_isocode)[T.HRV],0.44707013999452594,0.9930341444655704,0.6525617579188692,,FE_dummy,in_sample,trade_tonnes_level
PPML,origin_destination_fe,C(origin_isocode)[T.HTI],-1.5312185767780735,1.0456386197273857,0.14308850567166165,,FE_dummy,in_sample,trade_tonnes_level
PPML,origin_destination_fe,C(origin_isocode)[T.HUN],1.1673808064781594,1.1398763059383028,0.30577417233534476,,FE_dummy,in_sample,trade_tonnes_level
PPML,origin_destination_fe,C(origin_isocode)[T.IDN],-2.2015008069477213,1.7833694509570424,0.21703100964080924,,FE_dummy,in_sample,trade_tonnes_level
PPML,origin_destination_fe,C(origin_isocode)[T.IND],0.34217568845145674,1.93600726280816,0.8597102809494863,,FE_dummy,in_sample,trade_tonnes_level
PPML,origin_destination_fe,C(origin_isocode)[T.IRL],1.8750069665453188,1.4536001481922982,0.19708343733863176,,FE_dummy,in_sample,trade_tonnes_level
PPML,origin_destination_fe,C(origin_isocode)[T.IRN],-2.8944900163922096,1.5703559753792,0.06529889641307729,*,FE_dummy,in_sample,trade_tonnes_level
PPML,origin_destination_fe,C(origin_isocode)[T.IRQ],-7.0300381569275,1.425136341187069,8.102255997798612e-07,***,FE_dummy,in_sample,trade_tonnes_level
PPML,origin_destination_fe,C(origin_isocode)[T.ISL],-2.656066676154586,1.288426656906419,0.03925720364748334,**,FE_dummy,in_sample,trade_tonnes_level
PPML,origin_destination_fe,C(origin_isocode)[T.ISR],1.6787970054753714,1.4329162838688123,0.2413598501046621,,FE_dummy,in_sample,trade_tonnes_level
PPML,origin_destination_fe,C(origin_isocode)[T.ITA],-1.4472872619698374,1.858034811561313,0.43601834888793956,,FE_dummy,in_sample,trade_tonnes_level
PPML,origin_destination_fe,C(origin_isocode)[T.JAM],2.6041533722964427,1.2983487946515981,0.04488372704043458,**,FE_dummy,in_sample,trade_tonnes_level
PPML,origin_destination_fe,C(origin_isocode)[T.JOR],-1.4385807920612053,1.021417516649715,0.1590079187066753,,FE_dummy,in_sample,trade_tonnes_level
PPML,origin_destination_fe,C(origin_isocode)[T.JPN],-1.7586500423179434,2.180852497781937,0.4200094484458954,,FE_dummy,in_sample,trade_tonnes_level
PPML,origin_destination_fe,C(origin_isocode)[T.KAZ],1.3256223926417279,1.1650453801710672,0.25519190278208825,,FE_dummy,in_sample,trade_tonnes_level
PPML,origin_destination_fe,C(origin_isocode)[T.KEN],-1.7594979990227944,1.098084859963253,0.10908191330115467,,FE_dummy,in_sample,trade_tonnes_level
PPML,origin_destination_fe,C(origin_isocode)[T.KGZ],-10.991910110065257,12.206531084462238,0.36785732506093083,,FE_dummy,in_sample,trade_tonnes_level
PPML,origin_destination_fe,C(origin_isocode)[T.KHM],-0.08480216018709977,0.9436242639454662,0.9283916601191217,,FE_dummy,in_sample,trade_tonnes_level
PPML,origin_destination_fe,C(origin_isocode)[T.KOR],-3.5467015181724846,1.9336738960456679,0.06662762214004773,*,FE_dummy,in_sample,trade_tonnes_level
PPML,origin_destination_fe,C(origin_isocode)[T.KWT],-4.658181977538698,1.1321814969109605,3.882852655288193e-05,***,FE_dummy,in_sample,trade_tonnes_level
PPML,origin_destination_fe,C(origin_isocode)[T.LAO],-10.283782764667578,12.212050657940678,0.39973129812655284,,FE_dummy,in_sample,trade_tonnes_level
PPML,origin_destination_fe,C(origin_isocode)[T.LBN],-2.6759586050136854,1.2733362225112401,0.03559416896001485,**,FE_dummy,in_sample,trade_tonnes_level
PPML,origin_destination_fe,C(origin_isocode)[T.LBR],-1.8476093683142056,1.2328135720016733,0.13395323086161334,,FE_dummy,in_sample,trade_tonnes_level
PPML,origin_destination_fe,C(origin_isocode)[T.LBY],0.08484308050125546,1.6245992366476905,0.9583502049010932,,FE_dummy,in_sample,trade_tonnes_level
PPML,origin_destination_fe,C(origin_isocode)[T.LCA],12.830859704354383,1.586959439878953,6.20702116173321e-16,***,FE_dummy,in_sample,trade_tonnes_level
PPML,origin_destination_fe,C(origin_isocode)[T.LKA],-2.530638029633295,1.1073123943412513,0.022290109694359114,**,FE_dummy,in_sample,trade_tonnes_level
PPML,origin_destination_fe,C(origin_isocode)[T.LTU],1.8342007098757835,0.9621330501568734,0.056599640753604664,*,FE_dummy,in_sample,trade_tonnes_level
PPML,origin_destination_fe,C(origin_isocode)[T.LUX],2.5019311756517273,1.0114428134957207,0.013374965543352896,**,FE_dummy,in_sample,trade_tonnes_level
PPML,origin_destination_fe,C(origin_isocode)[T.LVA],1.8538961401953578,0.900517362272537,0.03952287484367642,**,FE_dummy,in_sample,trade_tonnes_level
PPML,origin_destination_fe,C(origin_isocode)[T.MAR],-1.2493657614079556,1.2176754854301022,0.3048796950889936,,FE_dummy,in_sample,trade_tonnes_level
PPML,origin_destination_fe,C(origin_isocode)[T.MDG],-2.436919798718452,1.1207035312309168,0.029670954520236777,**,FE_dummy,in_sample,trade_tonnes_level
PPML,origin_destination_fe,C(origin_isocode)[T.MEX],0.8532011829978384,1.74107498197267,0.624103643773815,,FE_dummy,in_sample,trade_tonnes_level
PPML,origin_destination_fe,C(origin_isocode)[T.MKD],-2.549450197708814,0.921379319016868,0.005657595643864193,***,FE_dummy,in_sample,trade_tonnes_level
PPML,origin_destination_fe,C(origin_isocode)[T.MLI],-0.8769914042959186,0.9214184860773776,0.341206520518075,,FE_dummy,in_sample,trade_tonnes_level
PPML,origin_destination_fe,C(origin_isocode)[T.MLT],2.579079239680602,1.028391493397928,0.012145898276574868,**,FE_dummy,in_sample,trade_tonnes_level
PPML,origin_destination_fe,C(origin_isocode)[T.MMR],-0.019527521183008517,1.0139656624019824,0.9846348400476375,,FE_dummy,in_sample,trade_tonnes_level
PPML,origin_destination_fe,C(origin_isocode)[T.MNE],0.3290627233079909,1.284072296993533,0.7977462594215762,,FE_dummy,in_sample,trade_tonnes_level
PPML,origin_destination_fe,C(origin_isocode)[T.MNG],0.18638543074081967,1.1475246320907118,0.8709720480586185,,FE_dummy,in_sample,trade_tonnes_level
PPML,origin_destination_fe,C(origin_isocode)[T.MOZ],2.013015530879075,0.9975903222060092,0.04360397228453958,**,FE_dummy,in_sample,trade_tonnes_level
PPML,origin_destination_fe,C(origin_isocode)[T.MRT],-0.16663789914046212,0.9249761808419947,0.8570318906252802,,FE_dummy,in_sample,trade_tonnes_level
PPML,origin_destination_fe,C(origin_isocode)[T.MUS],10.951595314564333,1.0733194110983275,1.912888568431109e-24,***,FE_dummy,in_sample,trade_tonnes_level
PPML,origin_destination_fe,C(origin_isocode)[T.MWI],-4.435566597172138,0.9300822636528444,1.8513842998184245e-06,***,FE_dummy,in_sample,trade_tonnes_level
PPML,origin_destination_fe,C(origin_isocode)[T.MYS],-1.0259142707565874,1.428488316272903,0.47264521538490656,,FE_dummy,in_sample,trade_tonnes_level
PPML,origin_destination_fe,C(origin_isocode)[T.NAM],-0.5639050318401377,1.08563843134996,0.6034661419696952,,FE_dummy,in_sample,trade_tonnes_level
PPML,origin_destination_fe,C(origin_isocode)[T.NER],-5.32549984831162,0.9568002161809864,2.607316207551635e-08,***,FE_dummy,in_sample,trade_tonnes_level
PPML,origin_destination_fe,C(origin_isocode)[T.NGA],-4.020950528002729,1.4648582761560516,0.006052165320505432,***,FE_dummy,in_sample,trade_tonnes_level
PPML,origin_destination_fe,C(origin_isocode)[T.NIC],-2.7242596150000837,0.9034989589012717,0.0025678215557253664,***,FE_dummy,in_sample,trade_tonnes_level
PPML,origin_destination_fe,C(origin_isocode)[T.NLD],2.6148753668068045,1.6586557210219597,0.11490997698970451,,FE_dummy,in_sample,trade_tonnes_level
PPML,origin_destination_fe,C(origin_isocode)[T.NOR],-3.6398652980794917,1.6452275775850016,0.02694055767288883,**,FE_dummy,in_sample,trade_tonnes_level
PPML,origin_destination_fe,C(origin_isocode)[T.NPL],-3.593078256512177,0.9070194516096817,7.450766441140612e-05,***,FE_dummy,in_sample,trade_tonnes_level
PPML,origin_destination_fe,C(origin_isocode)[T.NZL],-0.6564644245647636,1.2429618022272704,0.5973984967598992,,FE_dummy,in_sample,trade_tonnes_level
PPML,origin_destination_fe,C(origin_isocode)[T.OMN],2.5048581365475635,1.142694056538159,0.02837490897056018,**,FE_dummy,in_sample,trade_tonnes_level
PPML,origin_destination_fe,C(origin_isocode)[T.PAK],1.1877486056054432,1.3539665841194455,0.38035831566532163,,FE_dummy,in_sample,trade_tonnes_level
PPML,origin_destination_fe,C(origin_isocode)[T.PAN],0.3752737247231755,1.168803521010675,0.7481534682096802,,FE_dummy,in_sample,trade_tonnes_level
PPML,origin_destination_fe,C(origin_isocode)[T.PER],-1.7015079928358074,1.265277135774515,0.1786991997124957,,FE_dummy,in_sample,trade_tonnes_level
PPML,origin_destination_fe,C(origin_isocode)[T.PHL],-5.696194460421231,1.4145662697144272,5.653785691190737e-05,***,FE_dummy,in_sample,trade_tonnes_level
PPML,origin_destination_fe,C(origin_isocode)[T.PNG],4.421001927799441,1.0565885915724804,2.8614354474635565e-05,***,FE_dummy,in_sample,trade_tonnes_level
PPML,origin_destination_fe,C(origin_isocode)[T.POL],1.7482998491946358,1.492195288475637,0.2413458848084078,,FE_dummy,in_sample,trade_tonnes_level
PPML,origin_destination_fe,C(origin_isocode)[T.PRK],-10.687694154259631,12.24855185662978,0.38289859965592676,,FE_dummy,in_sample,trade_tonnes_level
PPML,origin_destination_fe,C(origin_isocode)[T.PRT],-0.5954661968999211,1.2797946240094256,0.6417290786573722,,FE_dummy,in_sample,trade_tonnes_level
PPML,origin_destination_fe,C(origin_isocode)[T.PRY],3.206817145738174,0.8648059042731792,0.00020879124314250057,***,FE_dummy,in_sample,trade_tonnes_level
PPML,origin_destination_fe,C(origin_isocode)[T.QAT],-0.6873883303074063,1.432774090721787,0.6313977445167034,,FE_dummy,in_sample,trade_tonnes_level
PPML,origin_destination_fe,C(origin_isocode)[T.ROU],2.1230150725423207,1.2617854887755329,0.0924625605805325,*,FE_dummy,in_sample,trade_tonnes_level
PPML,origin_destination_fe,C(origin_isocode)[T.RUS],2.5192306792210064,1.7619120406337918,0.1527664705513077,,FE_dummy,in_sample,trade_tonnes_level
PPML,origin_destination_fe,C(origin_isocode)[T.RWA],0.9013406108644033,1.3036520610624907,0.48931633618603965,,FE_dummy,in_sample,trade_tonnes_level
PPML,origin_destination_fe,C(origin_isocode)[T.SAU],-1.8195826418928047,1.6813877504979429,0.2791676797678796,,FE_dummy,in_sample,trade_tonnes_level
PPML,origin_destination_fe,C(origin_isocode)[T.SDN],-1.0097392053074308,1.08220572660847,0.3508002825766148,,FE_dummy,in_sample,trade_tonnes_level
PPML,origin_destination_fe,C(origin_isocode)[T.SEN],-1.9629350316726955,1.0061266106178808,0.051059172315024846,*,FE_dummy,in_sample,trade_tonnes_level
PPML,origin_destination_fe,C(origin_isocode)[T.SLE],-4.503610265135631,1.118064372322928,5.624329471446155e-05,***,FE_dummy,in_sample,trade_tonnes_level
PPML,origin_destination_fe,C(origin_isocode)[T.SLV],-2.4784548023889417,0.9777748686926299,0.011251447679053176,**,FE_dummy,in_sample,trade_tonnes_level
PPML,origin_destination_fe,C(origin_isocode)[T.SOM],-1.0732390025081022,1.2309030870368738,0.3832564620240092,,FE_dummy,in_sample,trade_tonnes_level
PPML,origin_destination_fe,C(origin_isocode)[T.SRB],0.29841263496762316,1.1782548440974008,0.8000621801572165,,FE_dummy,in_sample,trade_tonnes_level
PPML,origin_destination_fe,C(origin_isocode)[T.SSD],-8.453652415029458,12.21745166003369,0.4889796916533875,,FE_dummy,in_sample,trade_tonnes_level
PPML,origin_destination_fe,C(origin_isocode)[T.STP],0.6519839950746722,1.6268176560206888,0.6885875295912675,,FE_dummy,in_sample,trade_tonnes_level
PPML,origin_destination_fe,C(origin_isocode)[T.SUR],2.510816648879917,1.0151310529596091,0.013383738859828109,**,FE_dummy,in_sample,trade_tonnes_level
PPML,origin_destination_fe,C(origin_isocode)[T.SVK],-8.789415321867658,12.19242416288255,0.4709762538606094,,FE_dummy,in_sample,trade_tonnes_level
PPML,origin_destination_fe,C(origin_isocode)[T.SVN],2.210145055074512,0.9938731077072406,0.02616393266676014,**,FE_dummy,in_sample,trade_tonnes_level
PPML,origin_destination_fe,C(origin_isocode)[T.SWE],2.1731194958248827,1.4627388016009575,0.13737143374578484,,FE_dummy,in_sample,trade_tonnes_level
PPML,origin_destination_fe,C(origin_isocode)[T.SWZ],0.9817554335474404,1.2467505374341878,0.4310176783646025,,FE_dummy,in_sample,trade_tonnes_level
PPML,origin_destination_fe,C(origin_isocode)[T.SYR],-4.395312635932753,1.3311558131096235,0.0009604020767276699,***,FE_dummy,in_sample,trade_tonnes_level
PPML,origin_destination_fe,C(origin_isocode)[T.TCD],-1.444317696582895,1.1779001596485148,0.22013092067044748,,FE_dummy,in_sample,trade_tonnes_level
PPML,origin_destination_fe,C(origin_isocode)[T.TGO],-1.3875844722663697,1.0080304308166006,0.16865750057717122,,FE_dummy,in_sample,trade_tonnes_level
PPML,origin_destination_fe,C(origin_isocode)[T.THA],1.1655565724515131,1.4728651527764942,0.42873790363146624,,FE_dummy,in_sample,trade_tonnes_level
PPML,origin_destination_fe,C(origin_isocode)[T.TJK],-0.10089782870176578,0.9795470670112448,0.91795934045428,,FE_dummy,in_sample,trade_tonnes_level
PPML,origin_destination_fe,C(origin_isocode)[T.TKM],-2.9071348713430476,1.2897166318930473,0.024190628148607896,**,FE_dummy,in_sample,trade_tonnes_level
PPML,origin_destination_fe,C(origin_isocode)[T.TLS],-3.4312330805654074,1.4882733843947868,0.02113788038055566,**,FE_dummy,in_sample,trade_tonnes_level
PPML,origin_destination_fe,C(origin_isocode)[T.TTO],3.7456007827231677,0.9539109248386359,8.616478661457626e-05,***,FE_dummy,in_sample,trade_tonnes_level
PPML,origin_destination_fe,C(origin_isocode)[T.TUN],-2.7344147872877462,0.9972802902076512,0.006109016411005279,***,FE_dummy,in_sample,trade_tonnes_level
PPML,origin_destination_fe,C(origin_isocode)[T.TUR],0.2543565273797177,1.5416884144033265,0.868955245138598,,FE_dummy,in_sample,trade_tonnes_level
PPML,origin_destination_fe,C(origin_isocode)[T.UGA],-0.2701921716178346,0.9337633218360927,0.7723071990006323,,FE_dummy,in_sample,trade_tonnes_level
PPML,origin_destination_fe,C(origin_isocode)[T.UKR],2.023419643564016,1.1496384756229334,0.0783995586960654,*,FE_dummy,in_sample,trade_tonnes_level
PPML,origin_destination_fe,C(origin_isocode)[T.URY],3.0731272649853305,1.0192551017284603,0.0025691846906989615,***,FE_dummy,in_sample,trade_tonnes_level
PPML,origin_destination_fe,C(origin_isocode)[T.USA],2.7893119722215967,2.536417587151446,0.271460526113973,,FE_dummy,in_sample,trade_tonnes_level
PPML,origin_destination_fe,C(origin_isocode)[T.UZB],-4.106899657628342,1.352254987839664,0.0023888610327145485,***,FE_dummy,in_sample,trade_tonnes_level
PPML,origin_destination_fe,C(origin_isocode)[T.VCT],7.096174199232963,1.6354176997025496,1.4309398215934994e-05,***,FE_dummy,in_sample,trade_tonnes_level
PPML,origin_destination_fe,C(origin_isocode)[T.VEN],-10.924476929336251,12.252794700771313,0.37261239503710486,,FE_dummy,in_sample,trade_tonnes_level
PPML,origin_destination_fe,C(origin_isocode)[T.VNM],0.582604415631081,1.3941416074998845,0.6760240936687876,,FE_dummy,in_sample,trade_tonnes_level
PPML,origin_destination_fe,C(origin_isocode)[T.YEM],-7.95228708638796,12.199979484570612,0.5145121968938272,,FE_dummy,in_sample,trade_tonnes_level
PPML,origin_destination_fe,C(origin_isocode)[T.ZAF],0.8019580386036541,1.4037352570183421,0.5677943288103946,,FE_dummy,in_sample,trade_tonnes_level
PPML,origin_destination_fe,C(origin_isocode)[T.ZMB],-1.0433384809631465,0.9560095026711987,0.27512005002455275,,FE_dummy,in_sample,trade_tonnes_level
PPML,origin_destination_fe,C(origin_isocode)[T.ZWE],-4.815275333257196,0.9194864679269539,1.6328009655194723e-07,***,FE_dummy,in_sample,trade_tonnes_level
PPML,origin_destination_fe,C(destination_isocode)[T.AFG],-0.9470627879308067,0.6987095130325713,0.175275605523862,,FE_dummy,in_sample,trade_tonnes_level
PPML,origin_destination_fe,C(destination_isocode)[T.AGO],1.7108374005366465,0.6534775612464714,0.008843365921657447,***,FE_dummy,in_sample,trade_tonnes_level
PPML,origin_destination_fe,C(destination_isocode)[T.ALB],2.424581290498562,0.7036790057722148,0.0005698383187853259,***,FE_dummy,in_sample,trade_tonnes_level
PPML,origin_destination_fe,C(destination_isocode)[T.AND],-3.335773291088369,0.7170154769258754,3.2824819417491836e-06,***,FE_dummy,in_sample,trade_tonnes_level
PPML,origin_destination_fe,C(destination_isocode)[T.ARE],2.3209449913862907,0.5818059971773145,6.62943422134042e-05,***,FE_dummy,in_sample,trade_tonnes_level
PPML,origin_destination_fe,C(destination_isocode)[T.ARG],-2.281543246855128,0.7057045787494038,0.0012249735382191115,***,FE_dummy,in_sample,trade_tonnes_level
PPML,origin_destination_fe,C(destination_isocode)[T.ARM],-1.6919879168549963,0.6989174100757545,0.015483430001803715,**,FE_dummy,in_sample,trade_tonnes_level
PPML,origin_destination_fe,C(destination_isocode)[T.ATG],-3.118714537433372,0.6104542442384685,3.2413854348105336e-07,***,FE_dummy,in_sample,trade_tonnes_level
PPML,origin_destination_fe,C(destination_isocode)[T.AUS],2.3236992980989672,0.674100335300221,0.0005666138109785954,***,FE_dummy,in_sample,trade_tonnes_level
PPML,origin_destination_fe,C(destination_isocode)[T.AUT],0.12121657623661806,0.6494298847792934,0.8519344717476974,,FE_dummy,in_sample,trade_tonnes_level
PPML,origin_destination_fe,C(destination_isocode)[T.AZE],1.1101691196148908,0.7572852348259576,0.1426522565808369,,FE_dummy,in_sample,trade_tonnes_level
PPML,origin_destination_fe,C(destination_isocode)[T.BDI],0.33358678701820765,0.690846603996499,0.6291904211968664,,FE_dummy,in_sample,trade_tonnes_level
PPML,origin_destination_fe,C(destination_isocode)[T.BEL],1.2469512222283934,0.5937756321355148,0.035725523500915075,**,FE_dummy,in_sample,trade_tonnes_level
PPML,origin_destination_fe,C(destination_isocode)[T.BEN],3.52108798717361,0.6538506455808931,7.238168285499202e-08,***,FE_dummy,in_sample,trade_tonnes_level
PPML,origin_destination_fe,C(destination_isocode)[T.BFA],-0.5579652842742966,0.7648926270421555,0.4657149641001993,,FE_dummy,in_sample,trade_tonnes_level
PPML,origin_destination_fe,C(destination_isocode)[T.BGR],-1.8979473838113445,0.6521556052480857,0.003611193200004084,***,FE_dummy,in_sample,trade_tonnes_level
PPML,origin_destination_fe,C(destination_isocode)[T.BHR],-0.0694867380668901,0.6190826374806828,0.910631957832785,,FE_dummy,in_sample,trade_tonnes_level
PPML,origin_destination_fe,C(destination_isocode)[T.BHS],-0.6855909579256467,0.592664940840081,0.24735673351263365,,FE_dummy,in_sample,trade_tonnes_level
PPML,origin_destination_fe,C(destination_isocode)[T.BIH],1.053597604001118,0.7488652345120212,0.1594494774568651,,FE_dummy,in_sample,trade_tonnes_level
PPML,origin_destination_fe,C(destination_isocode)[T.BLR],1.1919790611579382,0.6413636797189725,0.06309701202469177,*,FE_dummy,in_sample,trade_tonnes_level
PPML,origin_destination_fe,C(destination_isocode)[T.BLZ],-0.15253659350465704,0.7041969935940118,0.8285117576258767,,FE_dummy,in_sample,trade_tonnes_level
PPML,origin_destination_fe,C(destination_isocode)[T.BMU],-1.898488267558562,0.60668549353656,0.0017523574376422284,***,FE_dummy,in_sample,trade_tonnes_level
PPML,origin_destination_fe,C(destination_isocode)[T.BOL],-0.5146586370349229,0.8895664359424886,0.5628928691537445,,FE_dummy,in_sample,trade_tonnes_level
PPML,origin_destination_fe,C(destination_isocode)[T.BRA],3.698922998787588,0.6068278126930524,1.0909134212451377e-09,***,FE_dummy,in_sample,trade_tonnes_level
PPML,origin_destination_fe,C(destination_isocode)[T.BRB],-0.024843930480298263,0.5827056322111216,0.9659921175079756,,FE_dummy,in_sample,trade_tonnes_level
PPML,origin_destination_fe,C(destination_isocode)[T.BRN],1.0288096438663918,0.5873528390354371,0.07984190625499286,*,FE_dummy,in_sample,trade_tonnes_level
PPML,origin_destination_fe,C(destination_isocode)[T.BWA],0.9432970043248406,0.7391221851193962,0.20187083291690178,,FE_dummy,in_sample,trade_tonnes_level
PPML,origin_destination_fe,C(destination_isocode)[T.CAF],-2.9792951637721923,0.9281584644533161,0.0013278150152871834,***,FE_dummy,in_sample,trade_tonnes_level
PPML,origin_destination_fe,C(destination_isocode)[T.CHL],0.5436939742166882,0.7219857607188696,0.45141770713441276,,FE_dummy,in_sample,trade_tonnes_level
PPML,origin_destination_fe,C(destination_isocode)[T.CHN],4.626604939378317,0.6176710858511318,6.866280737734472e-14,***,FE_dummy,in_sample,trade_tonnes_level
PPML,origin_destination_fe,C(destination_isocode)[T.CIV],4.126812482210781,0.6729485827725002,8.654484938612532e-10,***,FE_dummy,in_sample,trade_tonnes_level
PPML,origin_destination_fe,C(destination_isocode)[T.CMR],0.9888424661396491,0.6649254066056154,0.13697573534341972,,FE_dummy,in_sample,trade_tonnes_level
PPML,origin_destination_fe,C(destination_isocode)[T.COG],3.4285687835027385,0.5695251552898035,1.7436533424085325e-09,***,FE_dummy,in_sample,trade_tonnes_level
PPML,origin_destination_fe,C(destination_isocode)[T.COL],2.283542985581123,0.9510153380015898,0.01634304807092798,**,FE_dummy,in_sample,trade_tonnes_level
PPML,origin_destination_fe,C(destination_isocode)[T.COM],4.184494259520126,0.5896748835437565,1.2816570696017989e-12,***,FE_dummy,in_sample,trade_tonnes_level
PPML,origin_destination_fe,C(destination_isocode)[T.CPV],0.5573876434838821,0.7319782785029738,0.44636974811561025,,FE_dummy,in_sample,trade_tonnes_level
PPML,origin_destination_fe,C(destination_isocode)[T.CRI],1.6993525281743822,0.5734992060342512,0.0030452822724015977,***,FE_dummy,in_sample,trade_tonnes_level
PPML,origin_destination_fe,C(destination_isocode)[T.CYM],-0.12204802539963314,0.5868474965000428,0.8352505934553146,,FE_dummy,in_sample,trade_tonnes_level
PPML,origin_destination_fe,C(destination_isocode)[T.CYP],1.5019379946113374,0.5720574821069847,0.0086521331172179,***,FE_dummy,in_sample,trade_tonnes_level
PPML,origin_destination_fe,C(destination_isocode)[T.CZE],1.0020600198115976,0.6720182577904152,0.1359299316527687,,FE_dummy,in_sample,trade_tonnes_level
PPML,origin_destination_fe,C(destination_isocode)[T.DEU],3.00479435479747,0.581442704535621,2.3683344574403966e-07,***,FE_dummy,in_sample,trade_tonnes_level
PPML,origin_destination_fe,C(destination_isocode)[T.DNK],-0.8839762671107607,0.5822363975341928,0.12895318046805462,,FE_dummy,in_sample,trade_tonnes_level
PPML,origin_destination_fe,C(destination_isocode)[T.DOM],2.9133177492143862,0.5574671262285033,1.7322551638868787e-07,***,FE_dummy,in_sample,trade_tonnes_level
PPML,origin_destination_fe,C(destination_isocode)[T.DZA],5.277486754226774,0.5120219180435729,6.541233180115484e-25,***,FE_dummy,in_sample,trade_tonnes_level
PPML,origin_destination_fe,C(destination_isocode)[T.ECU],2.818805113672589,0.6303453799314285,7.754861894909336e-06,***,FE_dummy,in_sample,trade_tonnes_level
PPML,origin_destination_fe,C(destination_isocode)[T.EGY],3.6940954833692894,0.6050086522840268,1.0225140657073675e-09,***,FE_dummy,in_sample,trade_tonnes_level
PPML,origin_destination_fe,C(destination_isocode)[T.ESP],4.4615610284039775,0.5845789318779705,2.3097193241755895e-14,***,FE_dummy,in_sample,trade_tonnes_level
PPML,origin_destination_fe,C(destination_isocode)[T.EST],-2.092462994716386,0.6609044217135179,0.0015451896496206396,***,FE_dummy,in_sample,trade_tonnes_level
PPML,origin_destination_fe,C(destination_isocode)[T.ETH],3.355189334619051,0.7023432569342026,1.7780942292884345e-06,***,FE_dummy,in_sample,trade_tonnes_level
PPML,origin_destination_fe,C(destination_isocode)[T.FIN],-0.2879558820227614,0.5706045674585821,0.613804331608576,,FE_dummy,in_sample,trade_tonnes_level
PPML,origin_destination_fe,C(destination_isocode)[T.FJI],1.9835406419726167,0.6454183343569213,0.0021173140416251095,***,FE_dummy,in_sample,trade_tonnes_level
PPML,origin_destination_fe,C(destination_isocode)[T.FRA],0.9692466841550634,0.5961203646559977,0.10396572523684852,,FE_dummy,in_sample,trade_tonnes_level
PPML,origin_destination_fe,C(destination_isocode)[T.GBR],2.2339844869702095,0.5875096525628003,0.0001432639087394912,***,FE_dummy,in_sample,trade_tonnes_level
PPML,origin_destination_fe,C(destination_isocode)[T.GEO],0.23275137689775113,0.6737910627466523,0.7297669655815419,,FE_dummy,in_sample,trade_tonnes_level
PPML,origin_destination_fe,C(destination_isocode)[T.GHA],1.4950553043685004,0.6346868554493673,0.018493842497617763,**,FE_dummy,in_sample,trade_tonnes_level
PPML,origin_destination_fe,C(destination_isocode)[T.GIN],2.5779445911819456,0.747174493295904,0.0005600515434139494,***,FE_dummy,in_sample,trade_tonnes_level
PPML,origin_destination_fe,C(destination_isocode)[T.GMB],2.2057423384742876,0.6453872176982834,0.0006315179663941896,***,FE_dummy,in_sample,trade_tonnes_level
PPML,origin_destination_fe,C(destination_isocode)[T.GRC],2.0708474758888635,0.5810125754648496,0.0003649617265431509,***,FE_dummy,in_sample,trade_tonnes_level
PPML,origin_destination_fe,C(destination_isocode)[T.GRD],-1.6503369939114412,0.6866924585013076,0.016247269058119195,**,FE_dummy,in_sample,trade_tonnes_level
PPML,origin_destination_fe,C(destination_isocode)[T.GRL],-1.1339389357224252,0.6393412634004938,0.07612849084721382,*,FE_dummy,in_sample,trade_tonnes_level
PPML,origin_destination_fe,C(destination_isocode)[T.GTM],1.4408522511365804,0.5822939377626287,0.013344469493127368,**,FE_dummy,in_sample,trade_tonnes_level
PPML,origin_destination_fe,C(destination_isocode)[T.GUY],0.550941591568888,0.6069426711416444,0.3640195657198091,,FE_dummy,in_sample,trade_tonnes_level
PPML,origin_destination_fe,C(destination_isocode)[T.HKG],2.426948685221767,0.6163791608479919,8.235956625939228e-05,***,FE_dummy,in_sample,trade_tonnes_level
PPML,origin_destination_fe,C(destination_isocode)[T.HND],1.4796521006438326,0.644773278742682,0.021742242934264897,**,FE_dummy,in_sample,trade_tonnes_level
PPML,origin_destination_fe,C(destination_isocode)[T.HRV],-1.965997630415139,0.6055496869468543,0.0011677884726623824,***,FE_dummy,in_sample,trade_tonnes_level
PPML,origin_destination_fe,C(destination_isocode)[T.HUN],-1.1704558191359213,0.6736612986901477,0.08230698794389092,*,FE_dummy,in_sample,trade_tonnes_level
PPML,origin_destination_fe,C(destination_isocode)[T.IDN],3.2101781275786085,0.5959756649971797,7.18729628323686e-08,***,FE_dummy,in_sample,trade_tonnes_level
PPML,origin_destination_fe,C(destination_isocode)[T.IND],1.4165265243134673,0.6788761379192376,0.03692649621997689,**,FE_dummy,in_sample,trade_tonnes_level
PPML,origin_destination_fe,C(destination_isocode)[T.IRL],1.9776292758331984,0.5864756557273156,0.0007460903535171481,***,FE_dummy,in_sample,trade_tonnes_level
PPML,origin_destination_fe,C(destination_isocode)[T.IRN],4.002288525258666,0.5360717627099492,8.269659019782613e-14,***,FE_dummy,in_sample,trade_tonnes_level
PPML,origin_destination_fe,C(destination_isocode)[T.ISL],-1.7256957617028488,0.5989345237268728,0.003960684535715489,***,FE_dummy,in_sample,trade_tonnes_level
PPML,origin_destination_fe,C(destination_isocode)[T.ISR],1.8461299393230188,0.5980504129553487,0.002022463874630963,***,FE_dummy,in_sample,trade_tonnes_level
PPML,origin_destination_fe,C(destination_isocode)[T.ITA],1.4218914265848241,0.5861145496313002,0.01526788308413484,**,FE_dummy,in_sample,trade_tonnes_level
PPML,origin_destination_fe,C(destination_isocode)[T.JAM],1.6916687013058507,0.5843450100931494,0.0037917941653677913,***,FE_dummy,in_sample,trade_tonnes_level
PPML,origin_destination_fe,C(destination_isocode)[T.JOR],2.563473804004032,0.600335303094897,1.9541157367793748e-05,***,FE_dummy,in_sample,trade_tonnes_level
PPML,origin_destination_fe,C(destination_isocode)[T.JPN],4.703434381372435,0.6018258002389404,5.484297961104255e-15,***,FE_dummy,in_sample,trade_tonnes_level
PPML,origin_destination_fe,C(destination_isocode)[T.KAZ],-0.5099111320574932,0.7028115533880417,0.4681267154138712,,FE_dummy,in_sample,trade_tonnes_level
PPML,origin_destination_fe,C(destination_isocode)[T.KEN],2.7028459963090152,0.6227847559691418,1.4252420505698096e-05,***,FE_dummy,in_sample,trade_tonnes_level
PPML,origin_destination_fe,C(destination_isocode)[T.KGZ],-3.4955098964958156,0.7896639869625058,9.573939946603256e-06,***,FE_dummy,in_sample,trade_tonnes_level
PPML,origin_destination_fe,C(destination_isocode)[T.KHM],0.7253211640867959,0.6620587437924772,0.2732739625917193,,FE_dummy,in_sample,trade_tonnes_level
PPML,origin_destination_fe,C(destination_isocode)[T.KIR],2.9740210677475916,0.6552664020323644,5.661706772921104e-06,***,FE_dummy,in_sample,trade_tonnes_level
PPML,origin_destination_fe,C(destination_isocode)[T.KNA],-3.8902569330356145,0.6514085272690565,2.3426282911723757e-09,***,FE_dummy,in_sample,trade_tonnes_level
PPML,origin_destination_fe,C(destination_isocode)[T.KOR],4.185509345390023,0.6035968135190751,4.082950979804165e-12,***,FE_dummy,in_sample,trade_tonnes_level
PPML,origin_destination_fe,C(destination_isocode)[T.KWT],3.116431803407542,0.5911731206422085,1.3523510455905648e-07,***,FE_dummy,in_sample,trade_tonnes_level
PPML,origin_destination_fe,C(destination_isocode)[T.LAO],3.338935144049946,0.8640854337455172,0.0001114875842102774,***,FE_dummy,in_sample,trade_tonnes_level
PPML,origin_destination_fe,C(destination_isocode)[T.LBN],2.4020638346618846,0.48492823717431793,7.291214620941154e-07,***,FE_dummy,in_sample,trade_tonnes_level
PPML,origin_destination_fe,C(destination_isocode)[T.LBY],3.3143524896791705,0.49303834382823125,1.7887610691165252e-11,***,FE_dummy,in_sample,trade_tonnes_level
PPML,origin_destination_fe,C(destination_isocode)[T.LCA],-1.8898602623893317,0.6547236475671651,0.0038955188939941185,***,FE_dummy,in_sample,trade_tonnes_level
PPML,origin_destination_fe,C(destination_isocode)[T.LKA],1.5777806221258424,0.6421669899475703,0.014011706355166395,**,FE_dummy,in_sample,trade_tonnes_level
PPML,origin_destination_fe,C(destination_isocode)[T.LSO],4.343532295087777,0.7727027113806456,1.8961311116425546e-08,***,FE_dummy,in_sample,trade_tonnes_level
PPML,origin_destination_fe,C(destination_isocode)[T.LTU],-1.2297167274535057,0.6270572802348385,0.049868345425892885,**,FE_dummy,in_sample,trade_tonnes_level
PPML,origin_destination_fe,C(destination_isocode)[T.LUX],-0.7173576916759762,0.6839186765250658,0.2942272469419286,,FE_dummy,in_sample,trade_tonnes_level
PPML,origin_destination_fe,C(destination_isocode)[T.LVA],-1.3033316790745713,0.6295494988802807,0.03842792391723251,**,FE_dummy,in_sample,trade_tonnes_level
PPML,origin_destination_fe,C(destination_isocode)[T.MAC],2.271849429334845,0.6692763057540168,0.0006875741308650516,***,FE_dummy,in_sample,trade_tonnes_level
PPML,origin_destination_fe,C(destination_isocode)[T.MAR],2.7018842426604035,0.6026324261674778,7.343902344114455e-06,***,FE_dummy,in_sample,trade_tonnes_level
PPML,origin_destination_fe,C(destination_isocode)[T.MDG],2.789152126169015,0.6368768025273986,1.1899463522206697e-05,***,FE_dummy,in_sample,trade_tonnes_level
PPML,origin_destination_fe,C(destination_isocode)[T.MDV],0.27722896281371984,0.6325023016066461,0.6611651543184993,,FE_dummy,in_sample,trade_tonnes_level
PPML,origin_destination_fe,C(destination_isocode)[T.MKD],-2.158531736326851,0.6758399208759824,0.0014038875119661252,***,FE_dummy,in_sample,trade_tonnes_level
PPML,origin_destination_fe,C(destination_isocode)[T.MLI],-0.13143018991840905,0.7528458253646495,0.8614113707606459,,FE_dummy,in_sample,trade_tonnes_level
PPML,origin_destination_fe,C(destination_isocode)[T.MLT],-0.22346018015074084,0.5861910387547736,0.7030495884627084,,FE_dummy,in_sample,trade_tonnes_level
PPML,origin_destination_fe,C(destination_isocode)[T.MMR],2.145542362411662,0.6614303829964113,0.0011794998355572966,***,FE_dummy,in_sample,trade_tonnes_level
PPML,origin_destination_fe,C(destination_isocode)[T.MNE],-3.1369966288136775,0.6345989532247245,7.682131791109393e-07,***,FE_dummy,in_sample,trade_tonnes_level
PPML,origin_destination_fe,C(destination_isocode)[T.MNG],-1.3177823580292192,0.8023683864601712,0.10051422816277139,,FE_dummy,in_sample,trade_tonnes_level
PPML,origin_destination_fe,C(destination_isocode)[T.MOZ],2.38416798293243,0.5994686136739855,6.975038497427849e-05,***,FE_dummy,in_sample,trade_tonnes_level
PPML,origin_destination_fe,C(destination_isocode)[T.MRT],1.56908728427111,0.7025641053666911,0.025524396501848557,**,FE_dummy,in_sample,trade_tonnes_level
PPML,origin_destination_fe,C(destination_isocode)[T.MSR],-3.0685424212394317,0.8392251778869183,0.0002557827437610058,***,FE_dummy,in_sample,trade_tonnes_level
PPML,origin_destination_fe,C(destination_isocode)[T.MUS],1.9620866018284435,0.5804902232412231,0.0007247236142287813,***,FE_dummy,in_sample,trade_tonnes_level
PPML,origin_destination_fe,C(destination_isocode)[T.MWI],-4.990933363088074,0.7865705925315959,2.2216301824262188e-10,***,FE_dummy,in_sample,trade_tonnes_level
PPML,origin_destination_fe,C(destination_isocode)[T.MYS],2.508871522976965,0.8514176091335559,0.003211855508283743,***,FE_dummy,in_sample,trade_tonnes_level
PPML,origin_destination_fe,C(destination_isocode)[T.NAM],1.3464666608620048,0.598118539712084,0.024374756567954722,**,FE_dummy,in_sample,trade_tonnes_level
PPML,origin_destination_fe,C(destination_isocode)[T.NER],-1.1615992242520368,0.7167066819226939,0.10507220277814677,,FE_dummy,in_sample,trade_tonnes_level
PPML,origin_destination_fe,C(destination_isocode)[T.NGA],2.9318888050495424,0.6136218630395682,1.7704229780998266e-06,***,FE_dummy,in_sample,trade_tonnes_level
PPML,origin_destination_fe,C(destination_isocode)[T.NIC],1.3391991988901377,0.5931344024500952,0.023955991862449084,**,FE_dummy,in_sample,trade_tonnes_level
PPML,origin_destination_fe,C(destination_isocode)[T.NLD],1.8175467044312263,0.5873591683783775,0.001971859460912753,***,FE_dummy,in_sample,trade_tonnes_level
PPML,origin_destination_fe,C(destination_isocode)[T.NOR],-1.2107703793085196,0.5616925146824028,0.03111686127613952,**,FE_dummy,in_sample,trade_tonnes_level
PPML,origin_destination_fe,C(destination_isocode)[T.NPL],0.6750442029888194,0.6943314074438487,0.3309401658069816,,FE_dummy,in_sample,trade_tonnes_level
PPML,origin_destination_fe,C(destination_isocode)[T.NZL],1.894076943820797,0.6532525286550094,0.0037381084302508076,***,FE_dummy,in_sample,trade_tonnes_level
PPML,origin_destination_fe,C(destination_isocode)[T.OMN],1.307562406942296,0.5836466931136769,0.02506937241499159,**,FE_dummy,in_sample,trade_tonnes_level
PPML,origin_destination_fe,C(destination_isocode)[T.PAK],0.10640397996751405,0.6737692014258304,0.8745170924016995,,FE_dummy,in_sample,trade_tonnes_level
PPML,origin_destination_fe,C(destination_isocode)[T.PAN],0.4372339163712025,0.5874370270947609,0.45669032972056345,,FE_dummy,in_sample,trade_tonnes_level
PPML,origin_destination_fe,C(destination_isocode)[T.PER],3.8078449626150057,0.6122039140289968,4.974830334727203e-10,***,FE_dummy,in_sample,trade_tonnes_level
PPML,origin_destination_fe,C(destination_isocode)[T.PHL],3.637107525501004,0.6094650001182773,2.4061340909808014e-09,***,FE_dummy,in_sample,trade_tonnes_level
PPML,origin_destination_fe,C(destination_isocode)[T.PLW],0.8794695560741643,0.6104753639399257,0.14968904008259667,,FE_dummy,in_sample,trade_tonnes_level
PPML,origin_destination_fe,C(destination_isocode)[T.POL],0.10219295407471232,0.5863994738520326,0.8616517770193411,,FE_dummy,in_sample,trade_tonnes_level
PPML,origin_destination_fe,C(destination_isocode)[T.PRT],3.4441633768799558,0.5808224100563084,3.032954580794662e-09,***,FE_dummy,in_sample,trade_tonnes_level
PPML,origin_destination_fe,C(destination_isocode)[T.PRY],-4.0525963947370105,0.7300269561755924,2.8355798738618905e-08,***,FE_dummy,in_sample,trade_tonnes_level
PPML,origin_destination_fe,C(destination_isocode)[T.PSE],1.7578020469551332,0.7062519993290218,0.012813316127685737,**,FE_dummy,in_sample,trade_tonnes_level
PPML,origin_destination_fe,C(destination_isocode)[T.PYF],0.04954407500552017,0.5071779626272057,0.922181807263841,,FE_dummy,in_sample,trade_tonnes_level
PPML,origin_destination_fe,C(destination_isocode)[T.QAT],1.5131644069390426,0.5918475639997494,0.01056765985304129,**,FE_dummy,in_sample,trade_tonnes_level
PPML,origin_destination_fe,C(destination_isocode)[T.ROU],2.570122049712255,0.6149614022355481,2.9237876717646575e-05,***,FE_dummy,in_sample,trade_tonnes_level
PPML,origin_destination_fe,C(destination_isocode)[T.RUS],0.06320985346120704,0.6018201680841869,0.9163511056412028,,FE_dummy,in_sample,trade_tonnes_level
PPML,origin_destination_fe,C(destination_isocode)[T.RWA],1.851628995455159,0.6765837044419447,0.006205262187672086,***,FE_dummy,in_sample,trade_tonnes_level
PPML,origin_destination_fe,C(destination_isocode)[T.SAU],4.025518764717186,0.5788396694816441,3.5390880564122113e-12,***,FE_dummy,in_sample,trade_tonnes_level
PPML,origin_destination_fe,C(destination_isocode)[T.SDN],5.7422357992996025,0.5814443751349336,5.300151088036065e-23,***,FE_dummy,in_sample,trade_tonnes_level
PPML,origin_destination_fe,C(destination_isocode)[T.SEN],2.053498903271426,0.5885376138469879,0.00048455026043635357,***,FE_dummy,in_sample,trade_tonnes_level
PPML,origin_destination_fe,C(destination_isocode)[T.SGP],1.3053606806132725,0.6195352582859576,0.035117594765816613,**,FE_dummy,in_sample,trade_tonnes_level
PPML,origin_destination_fe,C(destination_isocode)[T.SLB],0.6905725478024083,0.6382375781464972,0.2792528842316603,,FE_dummy,in_sample,trade_tonnes_level
PPML,origin_destination_fe,C(destination_isocode)[T.SLE],1.22185306727271,0.6579414735004435,0.06329909956149907,*,FE_dummy,in_sample,trade_tonnes_level
PPML,origin_destination_fe,C(destination_isocode)[T.SLV],0.9249298430790239,0.5901152888298785,0.11702789836897604,,FE_dummy,in_sample,trade_tonnes_level
PPML,origin_destination_fe,C(destination_isocode)[T.SRB],-0.995721527385765,0.5739774173023239,0.08278071123709818,*,FE_dummy,in_sample,trade_tonnes_level
PPML,origin_destination_fe,C(destination_isocode)[T.STP],1.5127929063486374,0.6558949845994378,0.021085167375539643,**,FE_dummy,in_sample,trade_tonnes_level
PPML,origin_destination_fe,C(destination_isocode)[T.SUR],-1.1156894590959603,0.6322886601468304,0.07764354735998921,*,FE_dummy,in_sample,trade_tonnes_level
PPML,origin_destination_fe,C(destination_isocode)[T.SVK],-0.770471327821312,0.7855518861665327,0.3266900987362539,,FE_dummy,in_sample,trade_tonnes_level
PPML,origin_destination_fe,C(destination_isocode)[T.SVN],-1.0815061229781422,0.6520649581712308,0.09719914823059127,*,FE_dummy,in_sample,trade_tonnes_level
PPML,origin_destination_fe,C(destination_isocode)[T.SWE],-0.3151275211489863,0.5866533435030973,0.5911561436363117,,FE_dummy,in_sample,trade_tonnes_level
PPML,origin_destination_fe,C(destination_isocode)[T.SWZ],-0.0561799522955893,0.6975940436159855,0.9358126544706429,,FE_dummy,in_sample,trade_tonnes_level
PPML,origin_destination_fe,C(destination_isocode)[T.SYC],-0.7847179992233825,0.6409369471654421,0.22082796026850127,,FE_dummy,in_sample,trade_tonnes_level
PPML,origin_destination_fe,C(destination_isocode)[T.TGO],1.744627852681566,0.6128946227103103,0.00441974495462269,***,FE_dummy,in_sample,trade_tonnes_level
PPML,origin_destination_fe,C(destination_isocode)[T.THA],3.395230165884938,0.6114793061369265,2.81635596948897e-08,***,FE_dummy,in_sample,trade_tonnes_level
PPML,origin_destination_fe,C(destination_isocode)[T.TJK],-2.9634817642034457,0.7171975257093105,3.5957331900423264e-05,***,FE_dummy,in_sample,trade_tonnes_level
PPML,origin_destination_fe,C(destination_isocode)[T.TLS],4.693488116303247,0.5700946418238763,1.8285271275098523e-16,***,FE_dummy,in_sample,trade_tonnes_level
PPML,origin_destination_fe,C(destination_isocode)[T.TTO],1.1765043694826487,0.6018172125490883,0.05059254014105344,*,FE_dummy,in_sample,trade_tonnes_level
PPML,origin_destination_fe,C(destination_isocode)[T.TUN],2.2097966251780887,0.5717109160722602,0.00011098262219495185,***,FE_dummy,in_sample,trade_tonnes_level
PPML,origin_destination_fe,C(destination_isocode)[T.TUR],5.5609758030373,0.6331684838046918,1.594911987943002e-18,***,FE_dummy,in_sample,trade_tonnes_level
PPML,origin_destination_fe,C(destination_isocode)[T.UGA],1.9097042926355927,0.719800576310009,0.007975578405553118,***,FE_dummy,in_sample,trade_tonnes_level
PPML,origin_destination_fe,C(destination_isocode)[T.UKR],-1.4785910303773269,0.6030134767030634,0.014206336199727445,**,FE_dummy,in_sample,trade_tonnes_level
PPML,origin_destination_fe,C(destination_isocode)[T.URY],-0.9459790632792864,0.6996940907960257,0.17637867458382983,,FE_dummy,in_sample,trade_tonnes_level
PPML,origin_destination_fe,C(destination_isocode)[T.USA],2.834610672594061,0.6067502156658885,2.9858355732400873e-06,***,FE_dummy,in_sample,trade_tonnes_level
PPML,origin_destination_fe,C(destination_isocode)[T.UZB],-0.9058799954883112,0.611312516741549,0.1383773632583639,,FE_dummy,in_sample,trade_tonnes_level
PPML,origin_destination_fe,C(destination_isocode)[T.VCT],-0.9451536607362384,0.6295204886464579,0.13325558349384423,,FE_dummy,in_sample,trade_tonnes_level
PPML,origin_destination_fe,C(destination_isocode)[T.VNM],4.765501207926083,0.5505182146967433,4.869340184013481e-18,***,FE_dummy,in_sample,trade_tonnes_level
PPML,origin_destination_fe,C(destination_isocode)[T.WSM],-1.2598681797970586,0.7040301425404308,0.0735329014243231,*,FE_dummy,in_sample,trade_tonnes_level
PPML,origin_destination_fe,C(destination_isocode)[T.YEM],2.8466430083629084,0.6605450476345599,1.6359703969436513e-05,***,FE_dummy,in_sample,trade_tonnes_level
PPML,origin_destination_fe,C(destination_isocode)[T.ZMB],0.6804335239894364,0.8107573837906898,0.401325305087313,,FE_dummy,in_sample,trade_tonnes_level
PPML,origin_destination_fe,C(destination_isocode)[T.ZWE],2.2592586351572677,0.71077515506762,0.0014799625686606986,***,FE_dummy,in_sample,trade_tonnes_level
PPML,origin_destination_fe,Log_Origin_GDP,-0.22458777102620062,0.32529319327670736,0.4899323361765803,,structural,in_sample,trade_tonnes_level
PPML,origin_destination_fe,Log_Destination_GDP,-0.014498348647653465,0.01260750077584948,0.25015292864989436,,structural,in_sample,trade_tonnes_level
PPML,origin_destination_fe,Log_Distance,-0.5231331233069745,0.07342421177378021,1.042288428788037e-12,***,structural,in_sample,trade_tonnes_level
PPML,origin_destination_fe,cepii_contig,-0.010638270328292721,0.155888160713888,0.9455922253778963,,structural,in_sample,trade_tonnes_level
PPML,origin_destination_fe,cepii_comlang_ethno,-0.4760320382646335,0.12007939140496929,7.360827413961917e-05,***,structural,in_sample,trade_tonnes_level
PPML,origin_destination_fe,cepii_wto_o,-0.9572576131490566,0.6619266372843585,0.14812987832370625,,structural,in_sample,trade_tonnes_level
PPML,origin_destination_fe,cepii_wto_d,1.2281369842629162,0.3101790271346916,7.512395359401528e-05,***,structural,in_sample,trade_tonnes_level
PPML,origin_destination_fe,cepii_fta_wto,0.6102268635817163,0.10323973584894268,3.4050159503396456e-09,***,structural,in_sample,trade_tonnes_level
PPML,origin_destination_fe,Log_cost_per_ton_seamodes,0.07663589634469065,0.006374264635778903,2.699894658743274e-33,***,structural,in_sample,trade_tonnes_level
PPML,origin_destination_fe,lsbci,3.7712421692014155,1.1886987123476895,0.001510907472530168,***,structural,in_sample,trade_tonnes_level
PPML,origin_destination_fe,Log_origin_production_qty,0.7616688007585143,0.04101859482275559,5.7402239683704735e-77,***,structural,in_sample,trade_tonnes_level
PPML,origin_destination_fe,Log_destination_production_qty,-0.032358031058579755,0.005762662823834862,1.964282869358139e-08,***,structural,in_sample,trade_tonnes_level
PPML,origin_destination_fe,Log_Origin_Daily_Calorific_Food,-0.03607342372260821,0.004414391959539352,3.038815357340853e-16,***,structural,in_sample,trade_tonnes_level
PPML,origin_destination_fe,Log_Destination_Daily_Calorific_Food,0.036669245088489615,0.004786709678378408,1.850131640393968e-14,***,structural,in_sample,trade_tonnes_level
